iso,year,tp_,GEO
4,1970,39.24977,"Southern Asia"
4,1975,36.5322,"Southern Asia"
4,1980,37.87589,"Southern Asia"
4,1985,36.40558,"Southern Asia"
4,1990,49.26471,"Southern Asia"
4,1995,32.64443,"Southern Asia"
4,2000,31.86219,"Southern Asia"
4,2005,42.91563,"Southern Asia"
4,2010,44.58134,"Southern Asia"
4,2015,46.18569,"Southern Asia"
8,1970,24.05337,"Southern Europe"
8,1975,19.13892,"Southern Europe"
8,1980,17.94964,"Southern Europe"
8,1985,17.73649,"Southern Europe"
8,1990,15.68515,"Southern Europe"
8,1995,22.75761,"Southern Europe"
8,2000,21.93856,"Southern Europe"
8,2005,19.79287,"Southern Europe"
8,2010,19.41964,"Southern Europe"
8,2015,18.08292,"Southern Europe"
12,1970,40.00059,"Northern Africa"
12,1975,39.35215,"Northern Africa"
12,1980,33.53637,"Northern Africa"
12,1985,27.9779,"Northern Africa"
12,1990,27.68756,"Northern Africa"
12,1995,27.5337,"Northern Africa"
12,2000,27.57514,"Northern Africa"
12,2005,24.01662,"Northern Africa"
12,2010,23.33632,"Northern Africa"
12,2015,24.15421,"Northern Africa"
16,1970,22.09527,"Oceania"
16,1975,22.55809,"Oceania"
16,1980,18.98035,"Oceania"
16,1985,17.77066,"Oceania"
16,1990,16.96922,"Oceania"
16,1995,19.00528,"Oceania"
16,2000,19.43101,"Oceania"
16,2005,23.91441,"Oceania"
16,2010,20.76926,"Oceania"
16,2015,17.60879,"Oceania"
20,1970,24.05337,"Southern Europe"
20,1975,15.38732,"Southern Europe"
20,1980,9.72676,"Southern Europe"
20,1985,17.73649,"Southern Europe"
20,1990,15.68515,"Southern Europe"
20,1995,16.87588,"Southern Europe"
20,2000,12.46921,"Southern Europe"
20,2005,10.51417,"Southern Europe"
20,2010,9.583602,"Southern Europe"
20,2015,10.25047,"Southern Europe"
24,1970,40.11174,"Middle Africa"
24,1975,50.13342,"Middle Africa"
24,1980,33.34781,"Middle Africa"
24,1985,32.09739,"Middle Africa"
24,1990,29.52888,"Middle Africa"
24,1995,41.75324,"Middle Africa"
24,2000,48.8688,"Middle Africa"
24,2005,41.0124,"Middle Africa"
24,2010,44.06479,"Middle Africa"
24,2015,50.02951,"Middle Africa"
28,1970,25.30054,"Caribbean"
28,1975,24.10168,"Caribbean"
28,1980,24.72464,"Caribbean"
28,1985,24.19762,"Caribbean"
28,1990,21.63677,"Caribbean"
28,1995,20.41527,"Caribbean"
28,2000,18.74101,"Caribbean"
28,2005,18.28569,"Caribbean"
28,2010,14.41729,"Caribbean"
28,2015,12.93189,"Caribbean"
31,1970,27.5038,"Western Asia"
31,1975,23.22307,"Western Asia"
31,1980,21.61777,"Western Asia"
31,1985,22.12853,"Western Asia"
31,1990,19.5086,"Western Asia"
31,1995,19.4427,"Western Asia"
31,2000,16.30478,"Western Asia"
31,2005,11.98787,"Western Asia"
31,2010,11.78032,"Western Asia"
31,2015,14.96797,"Western Asia"
32,1970,19.01778,"South America"
32,1975,18.31628,"South America"
32,1980,20.26527,"South America"
32,1985,19.674,"South America"
32,1990,17.53274,"South America"
32,1995,18.77681,"South America"
32,2000,18.40756,"South America"
32,2005,17.05465,"South America"
32,2010,20.11731,"South America"
32,2015,18.36141,"South America"
36,1970,23.6405,"Oceania"
36,1975,19.7114,"Oceania"
36,1980,17.16525,"Oceania"
36,1985,16.68713,"Oceania"
36,1990,16.58099,"Oceania"
36,1995,17.97109,"Oceania"
36,2000,17.4916,"Oceania"
36,2005,15.55395,"Oceania"
36,2010,14.49824,"Oceania"
36,2015,14.6781,"Oceania"
40,1970,21.2189,"Western Europe"
40,1975,18.19366,"Western Europe"
40,1980,14.08477,"Western Europe"
40,1985,10.85298,"Western Europe"
40,1990,11.16964,"Western Europe"
40,1995,12.39338,"Western Europe"
40,2000,13.1945,"Western Europe"
40,2005,11.89925,"Western Europe"
40,2010,10.83383,"Western Europe"
40,2015,10.30147,"Western Europe"
44,1970,44.15203,"Caribbean"
44,1975,24.58798,"Caribbean"
44,1980,24.22698,"Caribbean"
44,1985,19.83745,"Caribbean"
44,1990,21.08982,"Caribbean"
44,1995,18.18999,"Caribbean"
44,2000,16.80458,"Caribbean"
44,2005,14.8765,"Caribbean"
44,2010,17.80162,"Caribbean"
44,2015,19.83954,"Caribbean"
48,1970,22.74675,"Western Asia"
48,1975,21.74945,"Western Asia"
48,1980,18.91712,"Western Asia"
48,1985,20.46079,"Western Asia"
48,1990,21.14131,"Western Asia"
48,1995,20.45503,"Western Asia"
48,2000,18.63958,"Western Asia"
48,2005,14.87639,"Western Asia"
48,2010,11.85102,"Western Asia"
48,2015,11.9681,"Western Asia"
50,1970,47.6137,"Southern Asia"
50,1975,47.25004,"Southern Asia"
50,1980,51.79623,"Southern Asia"
50,1985,52.22845,"Southern Asia"
50,1990,63.00499,"Southern Asia"
50,1995,33.42068,"Southern Asia"
50,2000,31.86219,"Southern Asia"
50,2005,45.7642,"Southern Asia"
50,2010,42.97476,"Southern Asia"
50,2015,30.05457,"Southern Asia"
51,1970,27.5038,"Western Asia"
51,1975,23.22307,"Western Asia"
51,1980,21.61777,"Western Asia"
51,1985,22.12853,"Western Asia"
51,1990,19.14201,"Western Asia"
51,1995,16.76063,"Western Asia"
51,2000,19.94676,"Western Asia"
51,2005,20.58218,"Western Asia"
51,2010,15.14557,"Western Asia"
51,2015,15.41859,"Western Asia"
52,1970,31.97295,"Caribbean"
52,1975,27.68085,"Caribbean"
52,1980,21.90042,"Caribbean"
52,1985,19.80589,"Caribbean"
52,1990,17.48415,"Caribbean"
52,1995,17.77204,"Caribbean"
52,2000,16.41622,"Caribbean"
52,2005,14.3217,"Caribbean"
52,2010,12.93647,"Caribbean"
52,2015,13.71018,"Caribbean"
56,1970,19.50756,"Western Europe"
56,1975,19.25479,"Western Europe"
56,1980,18.59343,"Western Europe"
56,1985,16.67474,"Western Europe"
56,1990,12.24186,"Western Europe"
56,1995,17.05465,"Western Europe"
56,2000,14.87674,"Western Europe"
56,2005,11.27011,"Western Europe"
56,2010,11.16176,"Western Europe"
56,2015,11.2713,"Western Europe"
60,1970,21.60835,"Northern America"
60,1975,20.49881,"Northern America"
60,1980,19.05272,"Northern America"
60,1985,17.46926,"Northern America"
60,1990,15.63352,"Northern America"
60,1995,12.59221,"Northern America"
60,2000,8.926073,"Northern America"
60,2005,8.293344,"Northern America"
60,2010,8.008778,"Northern America"
60,2015,10.4196,"Northern America"
64,1970,21.72664,"Southern Asia"
64,1975,24.55636,"Southern Asia"
64,1980,36.53599,"Southern Asia"
64,1985,37.06513,"Southern Asia"
64,1990,29.58375,"Southern Asia"
64,1995,38.82484,"Southern Asia"
64,2000,40.31477,"Southern Asia"
64,2005,29.45369,"Southern Asia"
64,2010,25.98408,"Southern Asia"
64,2015,36.81846,"Southern Asia"
68,1970,29.15234,"South America"
68,1975,27.94226,"South America"
68,1980,26.8661,"South America"
68,1985,27.33768,"South America"
68,1990,25.02137,"South America"
68,1995,24.72372,"South America"
68,2000,24.33929,"South America"
68,2005,21.88145,"South America"
68,2010,16.60131,"South America"
68,2015,17.39838,"South America"
70,1970,24.05337,"Southern Europe"
70,1975,19.13892,"Southern Europe"
70,1980,17.94964,"Southern Europe"
70,1985,17.73649,"Southern Europe"
70,1990,15.68515,"Southern Europe"
70,1995,16.87588,"Southern Europe"
70,2000,15.19178,"Southern Europe"
70,2005,14.11068,"Southern Europe"
70,2010,16.95988,"Southern Europe"
70,2015,17.14406,"Southern Europe"
72,1970,34.33074,"Southern Africa"
72,1975,31.85429,"Southern Africa"
72,1980,31.69649,"Southern Africa"
72,1985,32.21843,"Southern Africa"
72,1990,28.91905,"Southern Africa"
72,1995,27.04493,"Southern Africa"
72,2000,26.3326,"Southern Africa"
72,2005,25.35322,"Southern Africa"
72,2010,22.81618,"Southern Africa"
72,2015,23.71279,"Southern Africa"
76,1970,28.01019,"South America"
76,1975,27.94226,"South America"
76,1980,26.8661,"South America"
76,1985,27.33768,"South America"
76,1990,25.02137,"South America"
76,1995,25.94511,"South America"
76,2000,22.61509,"South America"
76,2005,22.64268,"South America"
76,2010,21.22278,"South America"
76,2015,20.37579,"South America"
84,1970,35.21421,"Central America"
84,1975,34.53687,"Central America"
84,1980,33.9477,"Central America"
84,1985,32.58369,"Central America"
84,1990,31.62128,"Central America"
84,1995,23.5,"Central America"
84,2000,22.5286,"Central America"
84,2005,22.93934,"Central America"
84,2010,22.13464,"Central America"
84,2015,20.07818,"Central America"
90,1970,24.28501,"Oceania"
90,1975,25.66746,"Oceania"
90,1980,25.04767,"Oceania"
90,1985,23.63832,"Oceania"
90,1990,21.93261,"Oceania"
90,1995,21.35073,"Oceania"
90,2000,28.70135,"Oceania"
90,2005,24.89357,"Oceania"
90,2010,19.89968,"Oceania"
90,2015,25.51812,"Oceania"
92,1970,22.43617,"Caribbean"
92,1975,20.0067,"Caribbean"
92,1980,17.42299,"Caribbean"
92,1985,24.19762,"Caribbean"
92,1990,17.01661,"Caribbean"
92,1995,16.77608,"Caribbean"
92,2000,15.61212,"Caribbean"
92,2005,14.41151,"Caribbean"
92,2010,12.30145,"Caribbean"
92,2015,11.29873,"Caribbean"
96,1970,20.97993,"South-Eastern Asia"
96,1975,18.05877,"South-Eastern Asia"
96,1980,16.61629,"South-Eastern Asia"
96,1985,15.18174,"South-Eastern Asia"
96,1990,15.40957,"South-Eastern Asia"
96,1995,14.18942,"South-Eastern Asia"
96,2000,12.62543,"South-Eastern Asia"
96,2005,11.96075,"South-Eastern Asia"
96,2010,10.73667,"South-Eastern Asia"
96,2015,10.07278,"South-Eastern Asia"
100,1970,27.02714,"Eastern Europe"
100,1975,27.981,"Eastern Europe"
100,1980,28.02464,"Eastern Europe"
100,1985,26.39354,"Eastern Europe"
100,1990,20.06598,"Eastern Europe"
100,1995,17.21058,"Eastern Europe"
100,2000,17.04347,"Eastern Europe"
100,2005,16.25219,"Eastern Europe"
100,2010,17.547,"Eastern Europe"
100,2015,16.40881,"Eastern Europe"
104,1970,45.99407,"South-Eastern Asia"
104,1975,50.50785,"South-Eastern Asia"
104,1980,52.52309,"South-Eastern Asia"
104,1985,54.07864,"South-Eastern Asia"
104,1990,48.61192,"South-Eastern Asia"
104,1995,38.35346,"South-Eastern Asia"
104,2000,32.48065,"South-Eastern Asia"
104,2005,29.43055,"South-Eastern Asia"
104,2010,27.89011,"South-Eastern Asia"
104,2015,23.14889,"South-Eastern Asia"
108,1970,34.70801,"Eastern Africa"
108,1975,31.63564,"Eastern Africa"
108,1980,41.96663,"Eastern Africa"
108,1985,62.4927,"Eastern Africa"
108,1990,65.30848,"Eastern Africa"
108,1995,49.4284,"Eastern Africa"
108,2000,51.15689,"Eastern Africa"
108,2005,51.56218,"Eastern Africa"
108,2010,46.93444,"Eastern Africa"
108,2015,46.25498,"Eastern Africa"
112,1970,27.02714,"Eastern Europe"
112,1975,27.981,"Eastern Europe"
112,1980,28.02464,"Eastern Europe"
112,1985,26.39354,"Eastern Europe"
112,1990,20.04996,"Eastern Europe"
112,1995,19.5211,"Eastern Europe"
112,2000,16.73757,"Eastern Europe"
112,2005,15.69894,"Eastern Europe"
112,2010,15.33542,"Eastern Europe"
112,2015,18.4857,"Eastern Europe"
116,1970,20.19415,"South-Eastern Asia"
116,1975,31.78272,"South-Eastern Asia"
116,1980,45.07526,"South-Eastern Asia"
116,1985,36.13773,"South-Eastern Asia"
116,1990,36.87893,"South-Eastern Asia"
116,1995,45.92194,"South-Eastern Asia"
116,2000,54.13054,"South-Eastern Asia"
116,2005,50.42516,"South-Eastern Asia"
116,2010,46.60492,"South-Eastern Asia"
116,2015,42.85534,"South-Eastern Asia"
120,1970,49.12553,"Middle Africa"
120,1975,50.49464,"Middle Africa"
120,1980,50.51495,"Middle Africa"
120,1985,50.75272,"Middle Africa"
120,1990,50.15268,"Middle Africa"
120,1995,49.67982,"Middle Africa"
120,2000,58.62327,"Middle Africa"
120,2005,45.85771,"Middle Africa"
120,2010,45.2478,"Middle Africa"
120,2015,43.41211,"Middle Africa"
124,1970,22.34926,"Northern America"
124,1975,20.49881,"Northern America"
124,1980,15.88149,"Northern America"
124,1985,16.40556,"Northern America"
124,1990,15.63352,"Northern America"
124,1995,16.97818,"Northern America"
124,2000,17.41596,"Northern America"
124,2005,8.293344,"Northern America"
124,2010,11.27313,"Northern America"
124,2015,12.37375,"Northern America"
132,1970,39.96115,"Western Africa"
132,1975,44.08758,"Western Africa"
132,1980,40.10372,"Western Africa"
132,1985,34.64246,"Western Africa"
132,1990,33.222,"Western Africa"
132,1995,28.58683,"Western Africa"
132,2000,28.10005,"Western Africa"
132,2005,24.90877,"Western Africa"
132,2010,23.07946,"Western Africa"
132,2015,21.39519,"Western Africa"
136,1970,31.97295,"Caribbean"
136,1975,25.38636,"Caribbean"
136,1980,18.83036,"Caribbean"
136,1985,24.19762,"Caribbean"
136,1990,21.63677,"Caribbean"
136,1995,15.45933,"Caribbean"
136,2000,14.49082,"Caribbean"
136,2005,12.01525,"Caribbean"
136,2010,12.80743,"Caribbean"
136,2015,15.74725,"Caribbean"
140,1970,65.01951,"Middle Africa"
140,1975,65.65047,"Middle Africa"
140,1980,62.2602,"Middle Africa"
140,1985,64.78237,"Middle Africa"
140,1990,83.70404,"Middle Africa"
140,1995,51.05762,"Middle Africa"
140,2000,48.8688,"Middle Africa"
140,2005,94.49199,"Middle Africa"
140,2010,81.91551,"Middle Africa"
140,2015,83.41195,"Middle Africa"
144,1970,35.14341,"Southern Asia"
144,1975,30.70121,"Southern Asia"
144,1980,37.87589,"Southern Asia"
144,1985,37.97093,"Southern Asia"
144,1990,28.71514,"Southern Asia"
144,1995,27.80829,"Southern Asia"
144,2000,24.26373,"Southern Asia"
144,2005,23.17034,"Southern Asia"
144,2010,23.96374,"Southern Asia"
144,2015,22.74719,"Southern Asia"
148,1970,65.44727,"Middle Africa"
148,1975,50.13342,"Middle Africa"
148,1980,48.11957,"Middle Africa"
148,1985,67.73705,"Middle Africa"
148,1990,64.05238,"Middle Africa"
148,1995,65.5083,"Middle Africa"
148,2000,69.72578,"Middle Africa"
148,2005,61.93557,"Middle Africa"
148,2010,60.93116,"Middle Africa"
148,2015,56.21484,"Middle Africa"
152,1970,29.15234,"South America"
152,1975,27.94226,"South America"
152,1980,26.8661,"South America"
152,1985,27.33768,"South America"
152,1990,25.02137,"South America"
152,1995,32.60762,"South America"
152,2000,31.63555,"South America"
152,2005,24.90976,"South America"
152,2010,20.94439,"South America"
152,2015,18.0575,"South America"
156,1970,28.58625,"Eastern Asia"
156,1975,28.52529,"Eastern Asia"
156,1980,25.98828,"Eastern Asia"
156,1985,24.17484,"Eastern Asia"
156,1990,22.13782,"Eastern Asia"
156,1995,23.51033,"Eastern Asia"
156,2000,22.20572,"Eastern Asia"
156,2005,17.67603,"Eastern Asia"
156,2010,16.71302,"Eastern Asia"
156,2015,16.46609,"Eastern Asia"
158,1970,35.19659,"Eastern Asia"
158,1975,33.61482,"Eastern Asia"
158,1980,33.10056,"Eastern Asia"
158,1985,29.95156,"Eastern Asia"
158,1990,27.04218,"Eastern Asia"
158,1995,27.23191,"Eastern Asia"
158,2000,26.53,"Eastern Asia"
158,2005,22.38155,"Eastern Asia"
158,2010,18.18332,"Eastern Asia"
158,2015,18.02705,"Eastern Asia"
170,1970,35.59323,"South America"
170,1975,32.0705,"South America"
170,1980,30.07292,"South America"
170,1985,29.87,"South America"
170,1990,28.28568,"South America"
170,1995,24.37039,"South America"
170,2000,26.81029,"South America"
170,2005,28.95123,"South America"
170,2010,26.00582,"South America"
170,2015,23.86507,"South America"
174,1970,40.14402,"Eastern Africa"
174,1975,47.37831,"Eastern Africa"
174,1980,40.9169,"Eastern Africa"
174,1985,34.89756,"Eastern Africa"
174,1990,39.72036,"Eastern Africa"
174,1995,43.42214,"Eastern Africa"
174,2000,36.72105,"Eastern Africa"
174,2005,30.15332,"Eastern Africa"
174,2010,27.77735,"Eastern Africa"
174,2015,23.4796,"Eastern Africa"
178,1970,63.12991,"Middle Africa"
178,1975,55.95623,"Middle Africa"
178,1980,56.57986,"Middle Africa"
178,1985,63.00037,"Middle Africa"
178,1990,67.05624,"Middle Africa"
178,1995,70.60377,"Middle Africa"
178,2000,64.82932,"Middle Africa"
178,2005,57.36553,"Middle Africa"
178,2010,46.89352,"Middle Africa"
178,2015,46.21739,"Middle Africa"
180,1970,42.32411,"Middle Africa"
180,1975,50.13342,"Middle Africa"
180,1980,41.53049,"Middle Africa"
180,1985,36.62732,"Middle Africa"
180,1990,41.94376,"Middle Africa"
180,1995,37.06704,"Middle Africa"
180,2000,34.33504,"Middle Africa"
180,2005,38.21375,"Middle Africa"
180,2010,36.30405,"Middle Africa"
180,2015,33.19793,"Middle Africa"
184,1970,21.14814,"Oceania"
184,1975,21.46104,"Oceania"
184,1980,12.59307,"Oceania"
184,1985,18.19544,"Oceania"
184,1990,18.87613,"Oceania"
184,1995,19.3213,"Oceania"
184,2000,17.222,"Oceania"
184,2005,15.95987,"Oceania"
184,2010,15.82961,"Oceania"
184,2015,17.28321,"Oceania"
188,1970,29.28152,"Central America"
188,1975,28.0012,"Central America"
188,1980,31.61077,"Central America"
188,1985,31.89345,"Central America"
188,1990,32.03849,"Central America"
188,1995,28.62328,"Central America"
188,2000,23.54918,"Central America"
188,2005,19.5846,"Central America"
188,2010,15.44066,"Central America"
188,2015,12.12197,"Central America"
191,1970,24.05337,"Southern Europe"
191,1975,19.13892,"Southern Europe"
191,1980,17.94964,"Southern Europe"
191,1985,17.73649,"Southern Europe"
191,1990,15.68515,"Southern Europe"
191,1995,19.41187,"Southern Europe"
191,2000,18.17675,"Southern Europe"
191,2005,16.41873,"Southern Europe"
191,2010,13.83452,"Southern Europe"
191,2015,13.60406,"Southern Europe"
192,1970,27.66131,"Caribbean"
192,1975,21.48645,"Caribbean"
192,1980,16.81724,"Caribbean"
192,1985,13.39884,"Caribbean"
192,1990,12.49111,"Caribbean"
192,1995,12.16958,"Caribbean"
192,2000,10.79004,"Caribbean"
192,2005,9.796702,"Caribbean"
192,2010,9.084092,"Caribbean"
192,2015,8.90777,"Caribbean"
196,1970,28.72284,"Western Asia"
196,1975,25.51516,"Western Asia"
196,1980,21.58552,"Western Asia"
196,1985,22.15068,"Western Asia"
196,1990,19.76894,"Western Asia"
196,1995,17.70053,"Western Asia"
196,2000,18.09888,"Western Asia"
196,2005,15.76269,"Western Asia"
196,2010,13.59148,"Western Asia"
196,2015,11.93961,"Western Asia"
203,1970,27.02714,"Eastern Europe"
203,1975,27.981,"Eastern Europe"
203,1980,29.41194,"Eastern Europe"
203,1985,28.65857,"Eastern Europe"
203,1990,21.71762,"Eastern Europe"
203,1995,18.8124,"Eastern Europe"
203,2000,17.03136,"Eastern Europe"
203,2005,17.52137,"Eastern Europe"
203,2010,18.85862,"Eastern Europe"
203,2015,15.72747,"Eastern Europe"
204,1970,44.67806,"Western Africa"
204,1975,51.21222,"Western Africa"
204,1980,42.82058,"Western Africa"
204,1985,33.63216,"Western Africa"
204,1990,40.07747,"Western Africa"
204,1995,51.56642,"Western Africa"
204,2000,54.57784,"Western Africa"
204,2005,44.96835,"Western Africa"
204,2010,44.87886,"Western Africa"
204,2015,42.3629,"Western Africa"
208,1970,19.63656,"Northern Europe"
208,1975,21.04069,"Northern Europe"
208,1980,21.2932,"Northern Europe"
208,1985,11.59347,"Northern Europe"
208,1990,10.62926,"Northern Europe"
208,1995,9.958966,"Northern Europe"
208,2000,10.02759,"Northern Europe"
208,2005,13.6207,"Northern Europe"
208,2010,10.73738,"Northern Europe"
208,2015,11.95111,"Northern Europe"
212,1970,36.42064,"Caribbean"
212,1975,37.97974,"Caribbean"
212,1980,24.72464,"Caribbean"
212,1985,24.19762,"Caribbean"
212,1990,29.25727,"Caribbean"
212,1995,19.80921,"Caribbean"
212,2000,18.95424,"Caribbean"
212,2005,17.1253,"Caribbean"
212,2010,15.3639,"Caribbean"
212,2015,13.54119,"Caribbean"
214,1970,54.69308,"Caribbean"
214,1975,51.18983,"Caribbean"
214,1980,46.3499,"Caribbean"
214,1985,43.44283,"Caribbean"
214,1990,21.63677,"Caribbean"
214,1995,30.92183,"Caribbean"
214,2000,29.6265,"Caribbean"
214,2005,23.10633,"Caribbean"
214,2010,23.73489,"Caribbean"
214,2015,18.66304,"Caribbean"
218,1970,37.44874,"South America"
218,1975,36.77721,"South America"
218,1980,35.39846,"South America"
218,1985,31.47247,"South America"
218,1990,30.24656,"South America"
218,1995,25.14193,"South America"
218,2000,23.53113,"South America"
218,2005,22.79075,"South America"
218,2010,22.79383,"South America"
218,2015,24.73658,"South America"
222,1970,35.21421,"Central America"
222,1975,34.53687,"Central America"
222,1980,33.9477,"Central America"
222,1985,32.58369,"Central America"
222,1990,31.62128,"Central America"
222,1995,30.1184,"Central America"
222,2000,45.831,"Central America"
222,2005,37.32545,"Central America"
222,2010,29.28568,"Central America"
222,2015,28.28026,"Central America"
226,1970,57.10635,"Middle Africa"
226,1975,50.13342,"Middle Africa"
226,1980,68.59654,"Middle Africa"
226,1985,48.96517,"Middle Africa"
226,1990,54.32148,"Middle Africa"
226,1995,56.68684,"Middle Africa"
226,2000,39.57572,"Middle Africa"
226,2005,26.09204,"Middle Africa"
226,2010,27.08067,"Middle Africa"
226,2015,23.22706,"Middle Africa"
231,1970,46.53028,"Eastern Africa"
231,1975,44.47774,"Eastern Africa"
231,1980,59.70973,"Eastern Africa"
231,1985,47.79861,"Eastern Africa"
231,1990,32.73689,"Eastern Africa"
231,1995,40.09089,"Eastern Africa"
231,2000,67.33913,"Eastern Africa"
231,2005,60.11176,"Eastern Africa"
231,2010,54.5639,"Eastern Africa"
231,2015,39.47898,"Eastern Africa"
232,1970,42.55424,"Eastern Africa"
232,1975,42.52135,"Eastern Africa"
232,1980,41.6012,"Eastern Africa"
232,1985,40.62725,"Eastern Africa"
232,1990,38.75017,"Eastern Africa"
232,1995,43.14809,"Eastern Africa"
232,2000,45.95051,"Eastern Africa"
232,2005,44.81217,"Eastern Africa"
232,2010,41.49785,"Eastern Africa"
232,2015,40.44089,"Eastern Africa"
233,1970,19.63656,"Northern Europe"
233,1975,21.04069,"Northern Europe"
233,1980,21.2932,"Northern Europe"
233,1985,19.93317,"Northern Europe"
233,1990,18.33845,"Northern Europe"
233,1995,15.66547,"Northern Europe"
233,2000,14.2143,"Northern Europe"
233,2005,11.86664,"Northern Europe"
233,2010,11.63784,"Northern Europe"
233,2015,11.28929,"Northern Europe"
238,1970,13.76757,"South America"
238,1975,9.750922,"South America"
238,1980,14.86667,"South America"
238,1985,27.33768,"South America"
238,1990,25.02137,"South America"
238,1995,24.64203,"South America"
238,2000,24.33929,"South America"
238,2005,21.88145,"South America"
238,2010,20.11731,"South America"
238,2015,18.36141,"South America"
242,1970,24.9775,"Oceania"
242,1975,25.01752,"Oceania"
242,1980,23.95614,"Oceania"
242,1985,25.11652,"Oceania"
242,1990,25.39402,"Oceania"
242,1995,23.244,"Oceania"
242,2000,28.0436,"Oceania"
242,2005,26.03275,"Oceania"
242,2010,29.37849,"Oceania"
242,2015,29.20161,"Oceania"
246,1970,20.575,"Northern Europe"
246,1975,17.00658,"Northern Europe"
246,1980,14.65638,"Northern Europe"
246,1985,19.93317,"Northern Europe"
246,1990,16.61851,"Northern Europe"
246,1995,17.28317,"Northern Europe"
246,2000,16.09124,"Northern Europe"
246,2005,14.72359,"Northern Europe"
246,2010,13.55804,"Northern Europe"
246,2015,13.49434,"Northern Europe"
250,1970,22.16482,"Western Europe"
250,1975,21.92269,"Western Europe"
250,1980,20.86663,"Western Europe"
250,1985,20.87487,"Western Europe"
250,1990,18.61588,"Western Europe"
250,1995,19.13865,"Western Europe"
250,2000,18.68238,"Western Europe"
250,2005,18.78853,"Western Europe"
250,2010,17.81912,"Western Europe"
250,2015,10.46044,"Western Europe"
254,1970,24.30406,"South America"
254,1975,27.5802,"South America"
254,1980,22.6549,"South America"
254,1985,27.33768,"South America"
254,1990,25.02137,"South America"
254,1995,21.20449,"South America"
254,2000,24.33929,"South America"
254,2005,21.88145,"South America"
254,2010,20.11731,"South America"
254,2015,18.36141,"South America"
258,1970,24.61035,"Oceania"
258,1975,23.33456,"Oceania"
258,1980,20.28273,"Oceania"
258,1985,16.21694,"Oceania"
258,1990,15.40753,"Oceania"
258,1995,14.77555,"Oceania"
258,2000,19.43101,"Oceania"
258,2005,23.91441,"Oceania"
258,2010,20.76926,"Oceania"
258,2015,17.60879,"Oceania"
262,1970,35.30843,"Eastern Africa"
262,1975,37.65089,"Eastern Africa"
262,1980,43.18402,"Eastern Africa"
262,1985,43.99628,"Eastern Africa"
262,1990,42.97628,"Eastern Africa"
262,1995,37.55357,"Eastern Africa"
262,2000,34.54823,"Eastern Africa"
262,2005,34.32265,"Eastern Africa"
262,2010,34.40583,"Eastern Africa"
262,2015,30.9782,"Eastern Africa"
266,1970,46.92907,"Middle Africa"
266,1975,48.19807,"Middle Africa"
266,1980,44.49492,"Middle Africa"
266,1985,46.73009,"Middle Africa"
266,1990,43.91468,"Middle Africa"
266,1995,52.68489,"Middle Africa"
266,2000,42.6286,"Middle Africa"
266,2005,49.1804,"Middle Africa"
266,2010,24.53098,"Middle Africa"
266,2015,46.21739,"Middle Africa"
268,1970,27.5038,"Western Asia"
268,1975,23.22307,"Western Asia"
268,1980,19.02101,"Western Asia"
268,1985,17.31092,"Western Asia"
268,1990,16.87718,"Western Asia"
268,1995,17.05109,"Western Asia"
268,2000,15.20739,"Western Asia"
268,2005,8.800255,"Western Asia"
268,2010,9.086695,"Western Asia"
268,2015,8.960068,"Western Asia"
270,1970,27.5177,"Western Africa"
270,1975,26.04348,"Western Africa"
270,1980,24.96442,"Western Africa"
270,1985,26.70296,"Western Africa"
270,1990,31.54771,"Western Africa"
270,1995,32.80182,"Western Africa"
270,2000,38.40899,"Western Africa"
270,2005,36.14099,"Western Africa"
270,2010,37.95646,"Western Africa"
270,2015,37.31897,"Western Africa"
275,1970,27.5038,"Western Asia"
275,1975,23.22307,"Western Asia"
275,1980,21.61777,"Western Asia"
275,1985,22.12853,"Western Asia"
275,1990,20.40946,"Western Asia"
275,1995,37.76489,"Western Asia"
275,2000,33.06793,"Western Asia"
275,2005,28.78157,"Western Asia"
275,2010,25.04211,"Western Asia"
275,2015,24.25668,"Western Asia"
276,1970,22.16482,"Western Europe"
276,1975,21.17837,"Western Europe"
276,1980,17.85808,"Western Europe"
276,1985,15.73365,"Western Europe"
276,1990,16.42912,"Western Europe"
276,1995,17.23152,"Western Europe"
276,2000,14.51584,"Western Europe"
276,2005,13.64284,"Western Europe"
276,2010,12.02034,"Western Europe"
276,2015,12.22405,"Western Europe"
288,1970,30.66968,"Western Africa"
288,1975,29.28772,"Western Africa"
288,1980,29.27925,"Western Africa"
288,1985,24.90312,"Western Africa"
288,1990,29.00456,"Western Africa"
288,1995,31.268,"Western Africa"
288,2000,32.36083,"Western Africa"
288,2005,33.10895,"Western Africa"
288,2010,31.44662,"Western Africa"
288,2015,28.67443,"Western Africa"
292,1970,21.2923,"Southern Europe"
292,1975,17.97717,"Southern Europe"
292,1980,17.28875,"Southern Europe"
292,1985,15.46448,"Southern Europe"
292,1990,15.68515,"Southern Europe"
292,1995,22.10162,"Southern Europe"
292,2000,21.60145,"Southern Europe"
292,2005,16.3359,"Southern Europe"
292,2010,13.34018,"Southern Europe"
292,2015,13.93794,"Southern Europe"
296,1970,28.69946,"Oceania"
296,1975,31.46478,"Oceania"
296,1980,29.83457,"Oceania"
296,1985,28.92723,"Oceania"
296,1990,29.72063,"Oceania"
296,1995,24.8245,"Oceania"
296,2000,25.78116,"Oceania"
296,2005,25.22028,"Oceania"
296,2010,26.37134,"Oceania"
296,2015,25.61013,"Oceania"
300,1970,31.25518,"Southern Europe"
300,1975,28.43234,"Southern Europe"
300,1980,24.08635,"Southern Europe"
300,1985,22.59231,"Southern Europe"
300,1990,18.18069,"Southern Europe"
300,1995,14.42781,"Southern Europe"
300,2000,12.37353,"Southern Europe"
300,2005,10.62915,"Southern Europe"
300,2010,9.37948,"Southern Europe"
300,2015,9.432787,"Southern Europe"
308,1970,35.92332,"Caribbean"
308,1975,31.86763,"Caribbean"
308,1980,24.79515,"Caribbean"
308,1985,22.40383,"Caribbean"
308,1990,26.2851,"Caribbean"
308,1995,25.22001,"Caribbean"
308,2000,19.39287,"Caribbean"
308,2005,18.41379,"Caribbean"
308,2010,15.11099,"Caribbean"
308,2015,16.24571,"Caribbean"
312,1970,30.60679,"Caribbean"
312,1975,28.49129,"Caribbean"
312,1980,21.40895,"Caribbean"
312,1985,20.91303,"Caribbean"
312,1990,19.24549,"Caribbean"
312,1995,20.41527,"Caribbean"
312,2000,18.90634,"Caribbean"
312,2005,16.20758,"Caribbean"
312,2010,14.78248,"Caribbean"
312,2015,15.33458,"Caribbean"
316,1970,24.13976,"Oceania"
316,1975,21.47877,"Oceania"
316,1980,19.98522,"Oceania"
316,1985,19.96819,"Oceania"
316,1990,29.72063,"Oceania"
316,1995,19.53525,"Oceania"
316,2000,20.62583,"Oceania"
316,2005,24.73234,"Oceania"
316,2010,32.91067,"Oceania"
316,2015,28.4995,"Oceania"
320,1970,35.75461,"Central America"
320,1975,34.42933,"Central America"
320,1980,35.47672,"Central America"
320,1985,35.65852,"Central America"
320,1990,32.23251,"Central America"
320,1995,35.2814,"Central America"
320,2000,30.89505,"Central America"
320,2005,29.96548,"Central America"
320,2010,25.06843,"Central America"
320,2015,20.72886,"Central America"
324,1970,41.67574,"Western Africa"
324,1975,41.89457,"Western Africa"
324,1980,33.86914,"Western Africa"
324,1985,37.42147,"Western Africa"
324,1990,44.91192,"Western Africa"
324,1995,48.09233,"Western Africa"
324,2000,45.48114,"Western Africa"
324,2005,44.49758,"Western Africa"
324,2010,43.92488,"Western Africa"
324,2015,47.14862,"Western Africa"
328,1970,30.7379,"South America"
328,1975,32.01982,"South America"
328,1980,35.46385,"South America"
328,1985,35.69153,"South America"
328,1990,28.06236,"South America"
328,1995,28.81605,"South America"
328,2000,26.2619,"South America"
328,2005,26.33474,"South America"
328,2010,24.12522,"South America"
328,2015,18.36141,"South America"
332,1970,48.03582,"Caribbean"
332,1975,40.64092,"Caribbean"
332,1980,43.22807,"Caribbean"
332,1985,38.04527,"Caribbean"
332,1990,32.9417,"Caribbean"
332,1995,33.63823,"Caribbean"
332,2000,18.90634,"Caribbean"
332,2005,16.20758,"Caribbean"
332,2010,14.78248,"Caribbean"
332,2015,15.33458,"Caribbean"
336,1970,24.05337,"Southern Europe"
336,1975,19.13892,"Southern Europe"
336,1980,17.94964,"Southern Europe"
336,1985,17.73649,"Southern Europe"
336,1990,15.68515,"Southern Europe"
336,1995,16.87588,"Southern Europe"
336,2000,15.19178,"Southern Europe"
336,2005,14.11068,"Southern Europe"
336,2010,13.34018,"Southern Europe"
336,2015,13.18522,"Southern Europe"
340,1970,35.86446,"Central America"
340,1975,36.23285,"Central America"
340,1980,37.75235,"Central America"
340,1985,39.08991,"Central America"
340,1990,36.19004,"Central America"
340,1995,33.08604,"Central America"
340,2000,33.48188,"Central America"
340,2005,31.07271,"Central America"
340,2010,24.67199,"Central America"
340,2015,27.70465,"Central America"
344,1970,32.33656,"Eastern Asia"
344,1975,30.7123,"Eastern Asia"
344,1980,29.15946,"Eastern Asia"
344,1985,27.32067,"Eastern Asia"
344,1990,26.40653,"Eastern Asia"
344,1995,22.35471,"Eastern Asia"
344,2000,20.26009,"Eastern Asia"
344,2005,17.08954,"Eastern Asia"
344,2010,14.44822,"Eastern Asia"
344,2015,13.61356,"Eastern Asia"
348,1970,27.02714,"Eastern Europe"
348,1975,27.981,"Eastern Europe"
348,1980,28.02464,"Eastern Europe"
348,1985,26.39354,"Eastern Europe"
348,1990,9.65345,"Eastern Europe"
348,1995,11.20411,"Eastern Europe"
348,2000,10.31731,"Eastern Europe"
348,2005,10.33205,"Eastern Europe"
348,2010,10.6506,"Eastern Europe"
348,2015,10.87304,"Eastern Europe"
352,1970,18.92189,"Northern Europe"
352,1975,19.33316,"Northern Europe"
352,1980,21.2932,"Northern Europe"
352,1985,19.93317,"Northern Europe"
352,1990,16.61851,"Northern Europe"
352,1995,15.83914,"Northern Europe"
352,2000,14.80185,"Northern Europe"
352,2005,13.6207,"Northern Europe"
352,2010,9.869699,"Northern Europe"
352,2015,10.14405,"Northern Europe"
356,1970,42.03199,"Southern Asia"
356,1975,42.31437,"Southern Asia"
356,1980,37.87589,"Southern Asia"
356,1985,37.97093,"Southern Asia"
356,1990,40.30807,"Southern Asia"
356,1995,40,"Southern Asia"
356,2000,40.53571,"Southern Asia"
356,2005,31.92215,"Southern Asia"
356,2010,32.9205,"Southern Asia"
356,2015,33.1523,"Southern Asia"
360,1970,29.35124,"South-Eastern Asia"
360,1975,33.2475,"South-Eastern Asia"
360,1980,30.09068,"South-Eastern Asia"
360,1985,24.7372,"South-Eastern Asia"
360,1990,23.23769,"South-Eastern Asia"
360,1995,22.16149,"South-Eastern Asia"
360,2000,21.137,"South-Eastern Asia"
360,2005,19.7388,"South-Eastern Asia"
360,2010,17.84756,"South-Eastern Asia"
360,2015,15.69226,"South-Eastern Asia"
364,1970,32.41114,"Southern Asia"
364,1975,30.2101,"Southern Asia"
364,1980,22.502,"Southern Asia"
364,1985,25.95758,"Southern Asia"
364,1990,31.55778,"Southern Asia"
364,1995,30.69146,"Southern Asia"
364,2000,24.41441,"Southern Asia"
364,2005,21.43891,"Southern Asia"
364,2010,25.78651,"Southern Asia"
364,2015,27.54003,"Southern Asia"
368,1970,22.94488,"Western Asia"
368,1975,26.79042,"Western Asia"
368,1980,26.23706,"Western Asia"
368,1985,23.90613,"Western Asia"
368,1990,23.3719,"Western Asia"
368,1995,22.7186,"Western Asia"
368,2000,20.44839,"Western Asia"
368,2005,16.95545,"Western Asia"
368,2010,15.14557,"Western Asia"
368,2015,15.16553,"Western Asia"
372,1970,19.63656,"Northern Europe"
372,1975,30.62665,"Northern Europe"
372,1980,28.30042,"Northern Europe"
372,1985,26.94606,"Northern Europe"
372,1990,25.76173,"Northern Europe"
372,1995,23.08737,"Northern Europe"
372,2000,19.13396,"Northern Europe"
372,2005,16.53618,"Northern Europe"
372,2010,15.81164,"Northern Europe"
372,2015,11.95111,"Northern Europe"
376,1970,27.5038,"Western Asia"
376,1975,12.7003,"Western Asia"
376,1980,12.06143,"Western Asia"
376,1985,13.25574,"Western Asia"
376,1990,13.04747,"Western Asia"
376,1995,13.22278,"Western Asia"
376,2000,13.35941,"Western Asia"
376,2005,13.12009,"Western Asia"
376,2010,12.44792,"Western Asia"
376,2015,12.07953,"Western Asia"
380,1970,21.07172,"Southern Europe"
380,1975,18.02125,"Southern Europe"
380,1980,15.53855,"Southern Europe"
380,1985,13.22992,"Southern Europe"
380,1990,11.48891,"Southern Europe"
380,1995,11.09162,"Southern Europe"
380,2000,10.7384,"Southern Europe"
380,2005,10.45823,"Southern Europe"
380,2010,12.05104,"Southern Europe"
380,2015,11.54389,"Southern Europe"
384,1970,44.76986,"Western Africa"
384,1975,43.11905,"Western Africa"
384,1980,37.19715,"Western Africa"
384,1985,36.42893,"Western Africa"
384,1990,36.88467,"Western Africa"
384,1995,42.51038,"Western Africa"
384,2000,44.32166,"Western Africa"
384,2005,42.78259,"Western Africa"
384,2010,43.52254,"Western Africa"
384,2015,42.20007,"Western Africa"
388,1970,43.81985,"Caribbean"
388,1975,40.17605,"Caribbean"
388,1980,37.72267,"Caribbean"
388,1985,34.57802,"Caribbean"
388,1990,33.64659,"Caribbean"
388,1995,20.41527,"Caribbean"
388,2000,28.59646,"Caribbean"
388,2005,16.20758,"Caribbean"
388,2010,22.50147,"Caribbean"
388,2015,22.88099,"Caribbean"
392,1970,35.19659,"Eastern Asia"
392,1975,33.61482,"Eastern Asia"
392,1980,33.10056,"Eastern Asia"
392,1985,29.95156,"Eastern Asia"
392,1990,27.04218,"Eastern Asia"
392,1995,27.23191,"Eastern Asia"
392,2000,26.53,"Eastern Asia"
392,2005,22.38155,"Eastern Asia"
392,2010,16.5896,"Eastern Asia"
392,2015,15.90329,"Eastern Asia"
398,1970,27.5038,"Central Asia"
398,1975,23.22307,"Central Asia"
398,1980,25.96281,"Central Asia"
398,1985,24.1487,"Central Asia"
398,1990,19.53232,"Central Asia"
398,1995,21.66628,"Central Asia"
398,2000,18.51517,"Central Asia"
398,2005,16.72221,"Central Asia"
398,2010,16.42716,"Central Asia"
398,2015,18.47215,"Central Asia"
400,1970,38.21992,"Western Asia"
400,1975,33.91392,"Western Asia"
400,1980,31.86096,"Western Asia"
400,1985,30.16428,"Western Asia"
400,1990,26.48989,"Western Asia"
400,1995,23.98573,"Western Asia"
400,2000,19.99255,"Western Asia"
400,2005,14.87639,"Western Asia"
400,2010,16.90871,"Western Asia"
400,2015,19.31305,"Western Asia"
404,1970,42.55424,"Eastern Africa"
404,1975,42.52135,"Eastern Africa"
404,1980,41.6012,"Eastern Africa"
404,1985,40.65769,"Eastern Africa"
404,1990,39.37155,"Eastern Africa"
404,1995,30.35559,"Eastern Africa"
404,2000,36.17437,"Eastern Africa"
404,2005,42.46386,"Eastern Africa"
404,2010,43.96394,"Eastern Africa"
404,2015,30.65055,"Eastern Africa"
408,1970,35.19659,"Eastern Asia"
408,1975,33.61482,"Eastern Asia"
408,1980,33.10056,"Eastern Asia"
408,1985,29.95156,"Eastern Asia"
408,1990,27.04218,"Eastern Asia"
408,1995,27.23191,"Eastern Asia"
408,2000,26.53,"Eastern Asia"
408,2005,21.99997,"Eastern Asia"
408,2010,18.18332,"Eastern Asia"
408,2015,20.41743,"Eastern Asia"
410,1970,55.14287,"Eastern Asia"
410,1975,50.35235,"Eastern Asia"
410,1980,45.33484,"Eastern Asia"
410,1985,37.83071,"Eastern Asia"
410,1990,34.07476,"Eastern Asia"
410,1995,30.42868,"Eastern Asia"
410,2000,30.90448,"Eastern Asia"
410,2005,25.32011,"Eastern Asia"
410,2010,18.23988,"Eastern Asia"
410,2015,16.38265,"Eastern Asia"
414,1970,19.78224,"Western Asia"
414,1975,17.44593,"Western Asia"
414,1980,18.70566,"Western Asia"
414,1985,18.04911,"Western Asia"
414,1990,16.94753,"Western Asia"
414,1995,13.96072,"Western Asia"
414,2000,13.39699,"Western Asia"
414,2005,9.89769,"Western Asia"
414,2010,8.603674,"Western Asia"
414,2015,8.864252,"Western Asia"
417,1970,27.5038,"Central Asia"
417,1975,23.22307,"Central Asia"
417,1980,27.81818,"Central Asia"
417,1985,19.13966,"Central Asia"
417,1990,21.3276,"Central Asia"
417,1995,22.04079,"Central Asia"
417,2000,24.25752,"Central Asia"
417,2005,24.15806,"Central Asia"
417,2010,24.59083,"Central Asia"
417,2015,25.28218,"Central Asia"
418,1970,37.08918,"South-Eastern Asia"
418,1975,29.4427,"South-Eastern Asia"
418,1980,29.39669,"South-Eastern Asia"
418,1985,26.57087,"South-Eastern Asia"
418,1990,28.54893,"South-Eastern Asia"
418,1995,30.68404,"South-Eastern Asia"
418,2000,30.40181,"South-Eastern Asia"
418,2005,30.45641,"South-Eastern Asia"
418,2010,26.70422,"South-Eastern Asia"
418,2015,22.94678,"South-Eastern Asia"
422,1970,27.5038,"Western Asia"
422,1975,23.22307,"Western Asia"
422,1980,17.69651,"Western Asia"
422,1985,22.12853,"Western Asia"
422,1990,20.40946,"Western Asia"
422,1995,14.25064,"Western Asia"
422,2000,16.11995,"Western Asia"
422,2005,14.24155,"Western Asia"
422,2010,13.41694,"Western Asia"
422,2015,12.32906,"Western Asia"
426,1970,46.68392,"Southern Africa"
426,1975,51.6865,"Southern Africa"
426,1980,50.53845,"Southern Africa"
426,1985,55.67886,"Southern Africa"
426,1990,51.58794,"Southern Africa"
426,1995,46.27983,"Southern Africa"
426,2000,46.24283,"Southern Africa"
426,2005,37.67408,"Southern Africa"
426,2010,33.4273,"Southern Africa"
426,2015,33.26374,"Southern Africa"
428,1970,19.63656,"Northern Europe"
428,1975,21.04069,"Northern Europe"
428,1980,19.71942,"Northern Europe"
428,1985,18.81939,"Northern Europe"
428,1990,14.63471,"Northern Europe"
428,1995,14.19971,"Northern Europe"
428,2000,14.22337,"Northern Europe"
428,2005,11.31303,"Northern Europe"
428,2010,11.31268,"Northern Europe"
428,2015,11.33294,"Northern Europe"
430,1970,38.4488,"Western Africa"
430,1975,38.9745,"Western Africa"
430,1980,37.19972,"Western Africa"
430,1985,37.18418,"Western Africa"
430,1990,43.12032,"Western Africa"
430,1995,42.15854,"Western Africa"
430,2000,38.27341,"Western Africa"
430,2005,26.53831,"Western Africa"
430,2010,26.66636,"Western Africa"
430,2015,24.76417,"Western Africa"
434,1970,26.53315,"Northern Africa"
434,1975,21.60557,"Northern Africa"
434,1980,18.35838,"Northern Africa"
434,1985,29.85613,"Northern Africa"
434,1990,28.26744,"Northern Africa"
434,1995,26.13731,"Northern Africa"
434,2000,25.54409,"Northern Africa"
434,2005,26.14481,"Northern Africa"
434,2010,28.82333,"Northern Africa"
434,2015,27.51974,"Northern Africa"
438,1970,22.16482,"Western Europe"
438,1975,21.17837,"Western Europe"
438,1980,17.85808,"Western Europe"
438,1985,15.73365,"Western Europe"
438,1990,14.81125,"Western Europe"
438,1995,17.05465,"Western Europe"
438,2000,8.940334,"Western Europe"
438,2005,7.426854,"Western Europe"
438,2010,7.305005,"Western Europe"
438,2015,7.77714,"Western Europe"
440,1970,19.63656,"Northern Europe"
440,1975,21.04069,"Northern Europe"
440,1980,25.30353,"Northern Europe"
440,1985,22.86713,"Northern Europe"
440,1990,17.35413,"Northern Europe"
440,1995,16.15848,"Northern Europe"
440,2000,15.79899,"Northern Europe"
440,2005,13.35688,"Northern Europe"
440,2010,12.62305,"Northern Europe"
440,2015,13.20187,"Northern Europe"
442,1970,20.02681,"Western Europe"
442,1975,19.54744,"Western Europe"
442,1980,13.74493,"Western Europe"
442,1985,12.7652,"Western Europe"
442,1990,13.30215,"Western Europe"
442,1995,17.05465,"Western Europe"
442,2000,11.62403,"Western Europe"
442,2005,11.35603,"Western Europe"
442,2010,8.593648,"Western Europe"
442,2015,8.38053,"Western Europe"
446,1970,29.10038,"Eastern Asia"
446,1975,27.59953,"Eastern Asia"
446,1980,33.10056,"Eastern Asia"
446,1985,29.95156,"Eastern Asia"
446,1990,27.04218,"Eastern Asia"
446,1995,31.15814,"Eastern Asia"
446,2000,27.22031,"Eastern Asia"
446,2005,20.13324,"Eastern Asia"
446,2010,14.4823,"Eastern Asia"
446,2015,13.73678,"Eastern Asia"
450,1970,63.74958,"Eastern Africa"
450,1975,54.53642,"Eastern Africa"
450,1980,41.61394,"Eastern Africa"
450,1985,39.49903,"Eastern Africa"
450,1990,39.27622,"Eastern Africa"
450,1995,42.22005,"Eastern Africa"
450,2000,49.23321,"Eastern Africa"
450,2005,49.10447,"Eastern Africa"
450,2010,41.58718,"Eastern Africa"
450,2015,40.5368,"Eastern Africa"
454,1970,42.55424,"Eastern Africa"
454,1975,42.52135,"Eastern Africa"
454,1980,41.6012,"Eastern Africa"
454,1985,40.65769,"Eastern Africa"
454,1990,39.37155,"Eastern Africa"
454,1995,63.22113,"Eastern Africa"
454,2000,45.18078,"Eastern Africa"
454,2005,79.06918,"Eastern Africa"
454,2010,74.25913,"Eastern Africa"
454,2015,64.09444,"Eastern Africa"
458,1970,30.98008,"South-Eastern Asia"
458,1975,31.30964,"South-Eastern Asia"
458,1980,26.24843,"South-Eastern Asia"
458,1985,22.24703,"South-Eastern Asia"
458,1990,20.07217,"South-Eastern Asia"
458,1995,20.37978,"South-Eastern Asia"
458,2000,18.6285,"South-Eastern Asia"
458,2005,15.02247,"South-Eastern Asia"
458,2010,12.03462,"South-Eastern Asia"
458,2015,11.59608,"South-Eastern Asia"
462,1970,35.14341,"Southern Asia"
462,1975,35.53086,"Southern Asia"
462,1980,37.87589,"Southern Asia"
462,1985,37.97093,"Southern Asia"
462,1990,40.30807,"Southern Asia"
462,1995,25.24035,"Southern Asia"
462,2000,21.21133,"Southern Asia"
462,2005,15.39024,"Southern Asia"
462,2010,11.71987,"Southern Asia"
462,2015,10.26657,"Southern Asia"
466,1970,41.08712,"Western Africa"
466,1975,41.56125,"Western Africa"
466,1980,39.45185,"Western Africa"
466,1985,36.98351,"Western Africa"
466,1990,54.19791,"Western Africa"
466,1995,74.88272,"Western Africa"
466,2000,58.93558,"Western Africa"
466,2005,52.08003,"Western Africa"
466,2010,45.66048,"Western Africa"
466,2015,39.45995,"Western Africa"
470,1970,23.43059,"Southern Europe"
470,1975,20.59008,"Southern Europe"
470,1980,21.64269,"Southern Europe"
470,1985,23.15963,"Southern Europe"
470,1990,22.96946,"Southern Europe"
470,1995,21.0745,"Southern Europe"
470,2000,18.83126,"Southern Europe"
470,2005,17.68269,"Southern Europe"
470,2010,13.12764,"Southern Europe"
470,2015,13.15354,"Southern Europe"
474,1970,25.32785,"Caribbean"
474,1975,25.1863,"Caribbean"
474,1980,19.94024,"Caribbean"
474,1985,15.94857,"Caribbean"
474,1990,12.29869,"Caribbean"
474,1995,13.28869,"Caribbean"
474,2000,18.90634,"Caribbean"
474,2005,16.20758,"Caribbean"
474,2010,14.78248,"Caribbean"
474,2015,15.33458,"Caribbean"
478,1970,23.01867,"Western Africa"
478,1975,38.5283,"Western Africa"
478,1980,44.18202,"Western Africa"
478,1985,49.04712,"Western Africa"
478,1990,47.99172,"Western Africa"
478,1995,49.34744,"Western Africa"
478,2000,41.53815,"Western Africa"
478,2005,40.10952,"Western Africa"
478,2010,37.26659,"Western Africa"
478,2015,35.70184,"Western Africa"
480,1970,30.31254,"Eastern Africa"
480,1975,23.08498,"Eastern Africa"
480,1980,20.66767,"Eastern Africa"
480,1985,22.07619,"Eastern Africa"
480,1990,21.33573,"Eastern Africa"
480,1995,24.83251,"Eastern Africa"
480,2000,24.25831,"Eastern Africa"
480,2005,21.76204,"Eastern Africa"
480,2010,20.25677,"Eastern Africa"
480,2015,17.68787,"Eastern Africa"
484,1970,45.56581,"Central America"
484,1975,44.58572,"Central America"
484,1980,37.26701,"Central America"
484,1985,32.88813,"Central America"
484,1990,30.08121,"Central America"
484,1995,27.94916,"Central America"
484,2000,27.22863,"Central America"
484,2005,28.09057,"Central America"
484,2010,27.87496,"Central America"
484,2015,26.74043,"Central America"
492,1970,20.92958,"Western Europe"
492,1975,21.17837,"Western Europe"
492,1980,17.85808,"Western Europe"
492,1985,15.73365,"Western Europe"
492,1990,14.81125,"Western Europe"
492,1995,19.45504,"Western Europe"
492,2000,22.30337,"Western Europe"
492,2005,12.39727,"Western Europe"
492,2010,11.21236,"Western Europe"
492,2015,11.97704,"Western Europe"
496,1970,30.81688,"Eastern Asia"
496,1975,30.88465,"Eastern Asia"
496,1980,31.91966,"Eastern Asia"
496,1985,30.48001,"Eastern Asia"
496,1990,25.54961,"Eastern Asia"
496,1995,28.70768,"Eastern Asia"
496,2000,32.05943,"Eastern Asia"
496,2005,32.07043,"Eastern Asia"
496,2010,28.62693,"Eastern Asia"
496,2015,29.66954,"Eastern Asia"
498,1970,27.02714,"Eastern Europe"
498,1975,27.981,"Eastern Europe"
498,1980,28.81719,"Eastern Europe"
498,1985,25.36383,"Eastern Europe"
498,1990,23.21946,"Eastern Europe"
498,1995,22.67227,"Eastern Europe"
498,2000,19.69655,"Eastern Europe"
498,2005,16.57228,"Eastern Europe"
498,2010,15.93194,"Eastern Europe"
498,2015,17.62049,"Eastern Europe"
499,1970,24.05337,"Southern Europe"
499,1975,19.13892,"Southern Europe"
499,1980,17.94964,"Southern Europe"
499,1985,17.73649,"Southern Europe"
499,1990,15.68515,"Southern Europe"
499,1995,16.87588,"Southern Europe"
499,2000,15.19178,"Southern Europe"
499,2005,14.11068,"Southern Europe"
499,2010,13.34018,"Southern Europe"
499,2015,13.18522,"Southern Europe"
500,1970,25.71963,"Caribbean"
500,1975,24.34294,"Caribbean"
500,1980,20.05814,"Caribbean"
500,1985,24.19762,"Caribbean"
500,1990,17.94118,"Caribbean"
500,1995,19.39273,"Caribbean"
500,2000,20.2247,"Caribbean"
500,2005,16.60843,"Caribbean"
500,2010,10.975,"Caribbean"
500,2015,16.00124,"Caribbean"
504,1970,35.05228,"Northern Africa"
504,1975,36.74045,"Northern Africa"
504,1980,36.55552,"Northern Africa"
504,1985,26.67138,"Northern Africa"
504,1990,26.96731,"Northern Africa"
504,1995,27.99473,"Northern Africa"
504,2000,28.18648,"Northern Africa"
504,2005,26.91667,"Northern Africa"
504,2010,26.02762,"Northern Africa"
504,2015,26.8269,"Northern Africa"
508,1970,66.03444,"Eastern Africa"
508,1975,85.66572,"Eastern Africa"
508,1980,65.64223,"Eastern Africa"
508,1985,59.50207,"Eastern Africa"
508,1990,55.04113,"Eastern Africa"
508,1995,59.9896,"Eastern Africa"
508,2000,65.60125,"Eastern Africa"
508,2005,64.73689,"Eastern Africa"
508,2010,55.70163,"Eastern Africa"
508,2015,53.99406,"Eastern Africa"
512,1970,29.08174,"Western Asia"
512,1975,24.46262,"Western Asia"
512,1980,24.61912,"Western Asia"
512,1985,26.80381,"Western Asia"
512,1990,27.13977,"Western Asia"
512,1995,25.80772,"Western Asia"
512,2000,22.53704,"Western Asia"
512,2005,14.87639,"Western Asia"
512,2010,15.14557,"Western Asia"
512,2015,9.90081,"Western Asia"
516,1970,39.90764,"Southern Africa"
516,1975,37.09628,"Southern Africa"
516,1980,38.56178,"Southern Africa"
516,1985,40.30844,"Southern Africa"
516,1990,31.99844,"Southern Africa"
516,1995,29.81142,"Southern Africa"
516,2000,31.82479,"Southern Africa"
516,2005,30.34618,"Southern Africa"
516,2010,29.77842,"Southern Africa"
516,2015,25.09173,"Southern Africa"
520,1970,17.2,"Oceania"
520,1975,26.47177,"Oceania"
520,1980,24.9099,"Oceania"
520,1985,20.43662,"Oceania"
520,1990,29.72063,"Oceania"
520,1995,23.42254,"Oceania"
520,2000,24.12276,"Oceania"
520,2005,24.2444,"Oceania"
520,2010,39.45,"Oceania"
520,2015,40.17778,"Oceania"
524,1970,22.13615,"Southern Asia"
524,1975,33.29971,"Southern Asia"
524,1980,42.40373,"Southern Asia"
524,1985,36.37336,"Southern Asia"
524,1990,38.95886,"Southern Asia"
524,1995,38.73539,"Southern Asia"
524,2000,37.28215,"Southern Asia"
524,2005,37.71367,"Southern Asia"
524,2010,27.72672,"Southern Asia"
524,2015,21.54274,"Southern Asia"
528,1970,29.14122,"Western Europe"
528,1975,26.97326,"Western Europe"
528,1980,22.00062,"Western Europe"
528,1985,17.50047,"Western Europe"
528,1990,17.10885,"Western Europe"
528,1995,17.05465,"Western Europe"
528,2000,14.87674,"Western Europe"
528,2005,12.39727,"Western Europe"
528,2010,11.53029,"Western Europe"
528,2015,11.71981,"Western Europe"
530,1970,30.42892,"Caribbean"
530,1975,28.13298,"Caribbean"
530,1980,21.27803,"Caribbean"
530,1985,24.19762,"Caribbean"
530,1990,20.8078,"Caribbean"
530,1995,19.58211,"Caribbean"
530,2000,18.43055,"Caribbean"
530,2005,16.20758,"Caribbean"
530,2010,14.78248,"Caribbean"
530,2015,15.33458,"Caribbean"
531,1970,31.97295,"Caribbean"
531,1975,28.13298,"Caribbean"
531,1980,24.72464,"Caribbean"
531,1985,24.19762,"Caribbean"
531,1990,21.63677,"Caribbean"
531,1995,20.41527,"Caribbean"
531,2000,18.90634,"Caribbean"
531,2005,16.20758,"Caribbean"
531,2010,14.78248,"Caribbean"
531,2015,15.33458,"Caribbean"
533,1970,31.97295,"Caribbean"
533,1975,28.13298,"Caribbean"
533,1980,24.72464,"Caribbean"
533,1985,24.19762,"Caribbean"
533,1990,21.63677,"Caribbean"
533,1995,19.23044,"Caribbean"
533,2000,18.7917,"Caribbean"
533,2005,17.60745,"Caribbean"
533,2010,15.56577,"Caribbean"
533,2015,15.33458,"Caribbean"
540,1970,22.01754,"Oceania"
540,1975,20.22838,"Oceania"
540,1980,20.45299,"Oceania"
540,1985,19.79002,"Oceania"
540,1990,20.19261,"Oceania"
540,1995,23.70494,"Oceania"
540,2000,28.70135,"Oceania"
540,2005,24.89357,"Oceania"
540,2010,23.84026,"Oceania"
540,2015,29.20161,"Oceania"
548,1970,24.3746,"Oceania"
548,1975,23.61791,"Oceania"
548,1980,22.91894,"Oceania"
548,1985,25.7732,"Oceania"
548,1990,29.77164,"Oceania"
548,1995,26.52007,"Oceania"
548,2000,22.245,"Oceania"
548,2005,23.7544,"Oceania"
548,2010,22.24259,"Oceania"
548,2015,26.56507,"Oceania"
554,1970,20.00842,"Oceania"
554,1975,18.73079,"Oceania"
554,1980,19.15552,"Oceania"
554,1985,19.49646,"Oceania"
554,1990,16.97539,"Oceania"
554,1995,18.79902,"Oceania"
554,2000,17.4916,"Oceania"
554,2005,15.55395,"Oceania"
554,2010,14.49824,"Oceania"
554,2015,14.6781,"Oceania"
558,1970,38.16628,"Central America"
558,1975,37.25207,"Central America"
558,1980,35.24065,"Central America"
558,1985,32.66898,"Central America"
558,1990,36.16615,"Central America"
558,1995,36.30687,"Central America"
558,2000,35.41526,"Central America"
558,2005,31.64457,"Central America"
558,2010,30.21638,"Central America"
558,2015,22.48864,"Central America"
562,1970,39.2088,"Western Africa"
562,1975,40.34454,"Western Africa"
562,1980,40.50952,"Western Africa"
562,1985,37.92226,"Western Africa"
562,1990,40.71378,"Western Africa"
562,1995,40.42715,"Western Africa"
562,2000,41.85234,"Western Africa"
562,2005,40.57697,"Western Africa"
562,2010,37.6878,"Western Africa"
562,2015,36.4079,"Western Africa"
566,1970,33.8465,"Western Africa"
566,1975,33.687,"Western Africa"
566,1980,36.69682,"Western Africa"
566,1985,40.90162,"Western Africa"
566,1990,38.5536,"Western Africa"
566,1995,37.47731,"Western Africa"
566,2000,38.57366,"Western Africa"
566,2005,41.13904,"Western Africa"
566,2010,37.55319,"Western Africa"
566,2015,36.12054,"Western Africa"
570,1970,14.84632,"Oceania"
570,1975,14.26552,"Oceania"
570,1980,12.54935,"Oceania"
570,1985,11.69355,"Oceania"
570,1990,18.34606,"Oceania"
570,1995,19.60659,"Oceania"
570,2000,14.74265,"Oceania"
570,2005,23.91441,"Oceania"
570,2010,13.46667,"Oceania"
570,2015,16.35577,"Oceania"
578,1970,18.12065,"Northern Europe"
578,1975,21.04069,"Northern Europe"
578,1980,21.2932,"Northern Europe"
578,1985,19.93317,"Northern Europe"
578,1990,16.61851,"Northern Europe"
578,1995,15.83914,"Northern Europe"
578,2000,14.80185,"Northern Europe"
578,2005,13.6207,"Northern Europe"
578,2010,8.90413,"Northern Europe"
578,2015,8.824937,"Northern Europe"
583,1970,17.85478,"Oceania"
583,1975,26.47177,"Oceania"
583,1980,24.9099,"Oceania"
583,1985,23.11068,"Oceania"
583,1990,29.72063,"Oceania"
583,1995,19.53525,"Oceania"
583,2000,20.62583,"Oceania"
583,2005,24.73234,"Oceania"
583,2010,32.91067,"Oceania"
583,2015,19.7106,"Oceania"
584,1970,21.9735,"Oceania"
584,1975,26.47177,"Oceania"
584,1980,24.9099,"Oceania"
584,1985,23.11068,"Oceania"
584,1990,29.72063,"Oceania"
584,1995,14.92545,"Oceania"
584,2000,16.9381,"Oceania"
584,2005,24.73234,"Oceania"
584,2010,32.91067,"Oceania"
584,2015,28.4995,"Oceania"
585,1970,21.9735,"Oceania"
585,1975,26.47177,"Oceania"
585,1980,24.9099,"Oceania"
585,1985,23.11068,"Oceania"
585,1990,29.72063,"Oceania"
585,1995,14.9685,"Oceania"
585,2000,15.66129,"Oceania"
585,2005,24.73234,"Oceania"
585,2010,32.91067,"Oceania"
585,2015,28.4995,"Oceania"
586,1970,40.83449,"Southern Asia"
586,1975,39.38288,"Southern Asia"
586,1980,36.14148,"Southern Asia"
586,1985,39.79547,"Southern Asia"
586,1990,41.07124,"Southern Asia"
586,1995,33.42068,"Southern Asia"
586,2000,35.01321,"Southern Asia"
586,2005,39.5305,"Southern Asia"
586,2010,42.14178,"Southern Asia"
586,2015,45.70865,"Southern Asia"
591,1970,26.65257,"Central America"
591,1975,26.72002,"Central America"
591,1980,26.33867,"Central America"
591,1985,23.30317,"Central America"
591,1990,23.01928,"Central America"
591,1995,26.08202,"Central America"
591,2000,24.34521,"Central America"
591,2005,24.22766,"Central America"
591,2010,22.68319,"Central America"
591,2015,21.7661,"Central America"
598,1970,29.23285,"Oceania"
598,1975,30.55631,"Oceania"
598,1980,30.80358,"Oceania"
598,1985,31.26455,"Oceania"
598,1990,32.16987,"Oceania"
598,1995,23.70494,"Oceania"
598,2000,35.81547,"Oceania"
598,2005,24.89357,"Oceania"
598,2010,23.84026,"Oceania"
598,2015,35.52165,"Oceania"
600,1970,30.76794,"South America"
600,1975,28.58099,"South America"
600,1980,26.22008,"South America"
600,1985,25.0444,"South America"
600,1990,24.12418,"South America"
600,1995,21.48534,"South America"
600,2000,27.54834,"South America"
600,2005,21.88145,"South America"
600,2010,24.15974,"South America"
600,2015,18.36141,"South America"
604,1970,36.46207,"South America"
604,1975,39.54794,"South America"
604,1980,36.48455,"South America"
604,1985,31.9147,"South America"
604,1990,28.10359,"South America"
604,1995,27.34825,"South America"
604,2000,26.07585,"South America"
604,2005,21.54744,"South America"
604,2010,18.83573,"South America"
604,2015,17.90459,"South America"
608,1970,28.24524,"South-Eastern Asia"
608,1975,29.78856,"South-Eastern Asia"
608,1980,31.60583,"South-Eastern Asia"
608,1985,31.57572,"South-Eastern Asia"
608,1990,33.22357,"South-Eastern Asia"
608,1995,34.42129,"South-Eastern Asia"
608,2000,35.07443,"South-Eastern Asia"
608,2005,33.70277,"South-Eastern Asia"
608,2010,31.35082,"South-Eastern Asia"
608,2015,29.44602,"South-Eastern Asia"
616,1970,27.02714,"Eastern Europe"
616,1975,27.981,"Eastern Europe"
616,1980,28.02464,"Eastern Europe"
616,1985,26.39354,"Eastern Europe"
616,1990,20.06598,"Eastern Europe"
616,1995,18.71216,"Eastern Europe"
616,2000,11.89734,"Eastern Europe"
616,2005,10.59326,"Eastern Europe"
616,2010,10.01592,"Eastern Europe"
616,2015,10.18051,"Eastern Europe"
620,1970,25.5347,"Southern Europe"
620,1975,19.76533,"Southern Europe"
620,1980,17.90947,"Southern Europe"
620,1985,16.74041,"Southern Europe"
620,1990,13.69907,"Southern Europe"
620,1995,16.87588,"Southern Europe"
620,2000,11.98683,"Southern Europe"
620,2005,11.07285,"Southern Europe"
620,2010,11.97047,"Southern Europe"
620,2015,12.81235,"Southern Europe"
624,1970,48.8141,"Western Africa"
624,1975,32.93077,"Western Africa"
624,1980,22.99817,"Western Africa"
624,1985,24.71864,"Western Africa"
624,1990,43.12032,"Western Africa"
624,1995,42.72578,"Western Africa"
624,2000,44.0649,"Western Africa"
624,2005,62.23411,"Western Africa"
624,2010,51.92515,"Western Africa"
624,2015,36.12054,"Western Africa"
626,1970,30.66918,"South-Eastern Asia"
626,1975,31.78272,"South-Eastern Asia"
626,1980,31.8348,"South-Eastern Asia"
626,1985,29.14861,"South-Eastern Asia"
626,1990,28.68254,"South-Eastern Asia"
626,1995,28.38532,"South-Eastern Asia"
626,2000,51.65547,"South-Eastern Asia"
626,2005,29.77684,"South-Eastern Asia"
626,2010,30.77679,"South-Eastern Asia"
626,2015,27.30185,"South-Eastern Asia"
630,1970,31.97295,"Caribbean"
630,1975,24.00063,"Caribbean"
630,1980,24.72464,"Caribbean"
630,1985,24.19762,"Caribbean"
630,1990,21.63677,"Caribbean"
630,1995,20.41527,"Caribbean"
630,2000,18.90634,"Caribbean"
630,2005,11.65987,"Caribbean"
630,2010,12.82271,"Caribbean"
630,2015,13.71795,"Caribbean"
634,1970,19.84555,"Western Asia"
634,1975,17.78181,"Western Asia"
634,1980,13.93601,"Western Asia"
634,1985,12.7761,"Western Asia"
634,1990,10.68709,"Western Asia"
634,1995,10.43091,"Western Asia"
634,2000,12.21344,"Western Asia"
634,2005,11.32618,"Western Asia"
634,2010,10.8246,"Western Asia"
634,2015,11.79916,"Western Asia"
638,1970,28.16553,"Eastern Africa"
638,1975,26.98859,"Eastern Africa"
638,1980,22.70953,"Eastern Africa"
638,1985,19.57882,"Eastern Africa"
638,1990,39.37155,"Eastern Africa"
638,1995,42.22547,"Eastern Africa"
638,2000,45.18078,"Eastern Africa"
638,2005,47.12539,"Eastern Africa"
638,2010,43.33098,"Eastern Africa"
638,2015,39.47898,"Eastern Africa"
642,1970,27.02714,"Eastern Europe"
642,1975,27.981,"Eastern Europe"
642,1980,25.92058,"Eastern Europe"
642,1985,26.58206,"Eastern Europe"
642,1990,21.38659,"Eastern Europe"
642,1995,19.83494,"Eastern Europe"
642,2000,17.81026,"Eastern Europe"
642,2005,16.40527,"Eastern Europe"
642,2010,17.01316,"Eastern Europe"
642,2015,19.18981,"Eastern Europe"
643,1970,27.02714,"Eastern Europe"
643,1975,27.981,"Eastern Europe"
643,1980,28.02464,"Eastern Europe"
643,1985,26.39354,"Eastern Europe"
643,1990,20.06598,"Eastern Europe"
643,1995,18.71216,"Eastern Europe"
643,2000,16.53985,"Eastern Europe"
643,2005,15.38707,"Eastern Europe"
643,2010,15.62199,"Eastern Europe"
643,2015,15.72747,"Eastern Europe"
646,1970,54.99578,"Eastern Africa"
646,1975,54.0202,"Eastern Africa"
646,1980,50.27295,"Eastern Africa"
646,1985,48.9423,"Eastern Africa"
646,1990,51.6489,"Eastern Africa"
646,1995,56.00748,"Eastern Africa"
646,2000,57.26893,"Eastern Africa"
646,2005,68.04019,"Eastern Africa"
646,2010,60.01132,"Eastern Africa"
646,2015,58.542,"Eastern Africa"
654,1970,18.57452,"Western Africa"
654,1975,19.09329,"Western Africa"
654,1980,18.22731,"Western Africa"
654,1985,18.29688,"Western Africa"
654,1990,43.12032,"Western Africa"
654,1995,8.87719,"Western Africa"
654,2000,42.1903,"Western Africa"
654,2005,40.86063,"Western Africa"
654,2010,38.58224,"Western Africa"
654,2015,36.12054,"Western Africa"
659,1970,31.97295,"Caribbean"
659,1975,28.13298,"Caribbean"
659,1980,23.87049,"Caribbean"
659,1985,25.08628,"Caribbean"
659,1990,20.38977,"Caribbean"
659,1995,19.40788,"Caribbean"
659,2000,17.97305,"Caribbean"
659,2005,16.16822,"Caribbean"
659,2010,14.11745,"Caribbean"
659,2015,14.48611,"Caribbean"
660,1970,31.97295,"Caribbean"
660,1975,28.13298,"Caribbean"
660,1980,24.72464,"Caribbean"
660,1985,24.19762,"Caribbean"
660,1990,20.1,"Caribbean"
660,1995,19.76843,"Caribbean"
660,2000,17.21086,"Caribbean"
660,2005,15.40857,"Caribbean"
660,2010,14.64656,"Caribbean"
660,2015,15.33458,"Caribbean"
662,1970,31.12626,"Caribbean"
662,1975,31.94213,"Caribbean"
662,1980,31.23143,"Caribbean"
662,1985,30.24722,"Caribbean"
662,1990,28.0579,"Caribbean"
662,1995,25.58475,"Caribbean"
662,2000,23.05838,"Caribbean"
662,2005,21.92134,"Caribbean"
662,2010,16.86006,"Caribbean"
662,2015,15.14019,"Caribbean"
666,1970,23.09016,"Northern America"
666,1975,20.49881,"Northern America"
666,1980,17.90402,"Northern America"
666,1985,15.13452,"Northern America"
666,1990,15.63352,"Northern America"
666,1995,14.7852,"Northern America"
666,2000,13.17102,"Northern America"
666,2005,8.293344,"Northern America"
666,2010,11.27313,"Northern America"
666,2015,12.37375,"Northern America"
670,1970,19.55864,"Caribbean"
670,1975,18.06116,"Caribbean"
670,1980,18.15625,"Caribbean"
670,1985,17.74563,"Caribbean"
670,1990,19.99841,"Caribbean"
670,1995,19.877,"Caribbean"
670,2000,17.92626,"Caribbean"
670,2005,16.99649,"Caribbean"
670,2010,15.74968,"Caribbean"
670,2015,14.54915,"Caribbean"
674,1970,17.38955,"Southern Europe"
674,1975,13.79896,"Southern Europe"
674,1980,9.852718,"Southern Europe"
674,1985,7.80412,"Southern Europe"
674,1990,5.641232,"Southern Europe"
674,1995,5.259965,"Southern Europe"
674,2000,5.84912,"Southern Europe"
674,2005,6.28248,"Southern Europe"
674,2010,6.379923,"Southern Europe"
674,2015,6.93061,"Southern Europe"
678,1970,33.71146,"Middle Africa"
678,1975,30.36771,"Middle Africa"
678,1980,27.63178,"Middle Africa"
678,1985,29.99402,"Middle Africa"
678,1990,35.45975,"Middle Africa"
678,1995,34.47704,"Middle Africa"
678,2000,32.36385,"Middle Africa"
678,2005,28.47425,"Middle Africa"
678,2010,30.63719,"Middle Africa"
678,2015,34.02835,"Middle Africa"
682,1970,27.5038,"Western Asia"
682,1975,18.74671,"Western Asia"
682,1980,21.61777,"Western Asia"
682,1985,22.12853,"Western Asia"
682,1990,20.40946,"Western Asia"
682,1995,20.21234,"Western Asia"
682,2000,18.63958,"Western Asia"
682,2005,11.18666,"Western Asia"
682,2010,10.87089,"Western Asia"
682,2015,12.15959,"Western Asia"
686,1970,44.01871,"Western Africa"
686,1975,42.25605,"Western Africa"
686,1980,43.22386,"Western Africa"
686,1985,49.64191,"Western Africa"
686,1990,57.07144,"Western Africa"
686,1995,56.00882,"Western Africa"
686,2000,47.97966,"Western Africa"
686,2005,37.10071,"Western Africa"
686,2010,32.82676,"Western Africa"
686,2015,33.24098,"Western Africa"
688,1970,24.05337,"Southern Europe"
688,1975,19.13892,"Southern Europe"
688,1980,17.94964,"Southern Europe"
688,1985,17.73649,"Southern Europe"
688,1990,15.68515,"Southern Europe"
688,1995,16.87588,"Southern Europe"
688,2000,15.19178,"Southern Europe"
688,2005,14.11068,"Southern Europe"
688,2010,13.34018,"Southern Europe"
688,2015,13.18522,"Southern Europe"
690,1970,24.58755,"Eastern Africa"
690,1975,23.7811,"Eastern Africa"
690,1980,41.6012,"Eastern Africa"
690,1985,40.65769,"Eastern Africa"
690,1990,17.43593,"Eastern Africa"
690,1995,15.7728,"Eastern Africa"
690,2000,13.96712,"Eastern Africa"
690,2005,13.1954,"Eastern Africa"
690,2010,12.9606,"Eastern Africa"
690,2015,14.05715,"Eastern Africa"
694,1970,31.92784,"Western Africa"
694,1975,32.14952,"Western Africa"
694,1980,33.71664,"Western Africa"
694,1985,33.51515,"Western Africa"
694,1990,34.27038,"Western Africa"
694,1995,42.72578,"Western Africa"
694,2000,37.2644,"Western Africa"
694,2005,40.86063,"Western Africa"
694,2010,33.0522,"Western Africa"
694,2015,34.51073,"Western Africa"
702,1970,30.80027,"South-Eastern Asia"
702,1975,29.27324,"South-Eastern Asia"
702,1980,29.02116,"South-Eastern Asia"
702,1985,26.09736,"South-Eastern Asia"
702,1990,25.24161,"South-Eastern Asia"
702,1995,25.3313,"South-Eastern Asia"
702,2000,30.19286,"South-Eastern Asia"
702,2005,19.84726,"South-Eastern Asia"
702,2010,23.92807,"South-Eastern Asia"
702,2015,14.87679,"South-Eastern Asia"
703,1970,27.02714,"Eastern Europe"
703,1975,27.981,"Eastern Europe"
703,1980,28.02464,"Eastern Europe"
703,1985,26.39354,"Eastern Europe"
703,1990,22.25038,"Eastern Europe"
703,1995,20.01675,"Eastern Europe"
703,2000,18.49243,"Eastern Europe"
703,2005,16.47758,"Eastern Europe"
703,2010,15.1084,"Eastern Europe"
703,2015,15.33577,"Eastern Europe"
704,1970,30.66918,"South-Eastern Asia"
704,1975,35.1135,"South-Eastern Asia"
704,1980,37.53762,"South-Eastern Asia"
704,1985,34.8448,"South-Eastern Asia"
704,1990,35.03286,"South-Eastern Asia"
704,1995,33.03388,"South-Eastern Asia"
704,2000,26.31323,"South-Eastern Asia"
704,2005,20.42715,"South-Eastern Asia"
704,2010,19.40595,"South-Eastern Asia"
704,2015,19.69439,"South-Eastern Asia"
705,1970,24.05337,"Southern Europe"
705,1975,19.13892,"Southern Europe"
705,1980,17.94964,"Southern Europe"
705,1985,17.73649,"Southern Europe"
705,1990,16.63844,"Southern Europe"
705,1995,14.23363,"Southern Europe"
705,2000,13.31021,"Southern Europe"
705,2005,16.5132,"Southern Europe"
705,2010,16.82795,"Southern Europe"
705,2015,15.35309,"Southern Europe"
706,1970,45.01752,"Eastern Africa"
706,1975,37.86176,"Eastern Africa"
706,1980,31.1905,"Eastern Africa"
706,1985,40.65769,"Eastern Africa"
706,1990,39.37155,"Eastern Africa"
706,1995,42.22547,"Eastern Africa"
706,2000,45.18078,"Eastern Africa"
706,2005,35.51919,"Eastern Africa"
706,2010,43.33098,"Eastern Africa"
706,2015,39.47898,"Eastern Africa"
710,1970,39.90764,"Southern Africa"
710,1975,28.57705,"Southern Africa"
710,1980,38.56178,"Southern Africa"
710,1985,40.30844,"Southern Africa"
710,1990,31.96907,"Southern Africa"
710,1995,38.91873,"Southern Africa"
710,2000,35.99921,"Southern Africa"
710,2005,32.78432,"Southern Africa"
710,2010,31.96841,"Southern Africa"
710,2015,30.3322,"Southern Africa"
716,1970,40.76829,"Eastern Africa"
716,1975,40.58699,"Eastern Africa"
716,1980,41.90759,"Eastern Africa"
716,1985,38.83361,"Eastern Africa"
716,1990,38.07519,"Eastern Africa"
716,1995,39.16894,"Eastern Africa"
716,2000,38.27728,"Eastern Africa"
716,2005,47.12539,"Eastern Africa"
716,2010,36.13464,"Eastern Africa"
716,2015,39.47898,"Eastern Africa"
724,1970,28.39958,"Southern Europe"
724,1975,19.13892,"Southern Europe"
724,1980,27.55184,"Southern Europe"
724,1985,25.16455,"Southern Europe"
724,1990,21.17828,"Southern Europe"
724,1995,16.11898,"Southern Europe"
724,2000,14.13305,"Southern Europe"
724,2005,13.04119,"Southern Europe"
724,2010,12.76349,"Southern Europe"
724,2015,13.10299,"Southern Europe"
728,1970,36.89583,"Northern Africa"
728,1975,34.83784,"Northern Africa"
728,1980,32.10548,"Northern Africa"
728,1985,29.85613,"Northern Africa"
728,1990,28.26744,"Northern Africa"
728,1995,26.13731,"Northern Africa"
728,2000,25.54409,"Northern Africa"
728,2005,26.14481,"Northern Africa"
728,2010,49.89984,"Northern Africa"
728,2015,46.75029,"Northern Africa"
729,1970,42.20787,"Northern Africa"
729,1975,36.89889,"Northern Africa"
729,1980,33.55545,"Northern Africa"
729,1985,34.67095,"Northern Africa"
729,1990,34.55108,"Northern Africa"
729,1995,26.13731,"Northern Africa"
729,2000,27.6133,"Northern Africa"
729,2005,35.00085,"Northern Africa"
729,2010,28.82333,"Northern Africa"
729,2015,27.51974,"Northern Africa"
732,1970,30.7618,"Northern Africa"
732,1975,34.83784,"Northern Africa"
732,1980,32.10548,"Northern Africa"
732,1985,29.85613,"Northern Africa"
732,1990,28.26744,"Northern Africa"
732,1995,26.13731,"Northern Africa"
732,2000,25.54409,"Northern Africa"
732,2005,26.14481,"Northern Africa"
732,2010,28.82333,"Northern Africa"
732,2015,27.51974,"Northern Africa"
740,1970,33.45017,"South America"
740,1975,29.24329,"South America"
740,1980,25.37902,"South America"
740,1985,23.51937,"South America"
740,1990,22.72236,"South America"
740,1995,24.64203,"South America"
740,2000,19.69501,"South America"
740,2005,15.84136,"South America"
740,2010,14.07568,"South America"
740,2015,13.24969,"South America"
748,1970,38.70827,"Southern Africa"
748,1975,36.26727,"Southern Africa"
748,1980,33.45041,"Southern Africa"
748,1985,33.02802,"Southern Africa"
748,1990,32.65158,"Southern Africa"
748,1995,33.70757,"Southern Africa"
748,2000,31.74738,"Southern Africa"
748,2005,32.55536,"Southern Africa"
748,2010,29.60092,"Southern Africa"
748,2015,27.15093,"Southern Africa"
752,1970,18.37046,"Northern Europe"
752,1975,18.23627,"Northern Europe"
752,1980,21.2932,"Northern Europe"
752,1985,19.93317,"Northern Europe"
752,1990,9.854445,"Northern Europe"
752,1995,11.66897,"Northern Europe"
752,2000,11.2005,"Northern Europe"
752,2005,9.74251,"Northern Europe"
752,2010,10.43802,"Northern Europe"
752,2015,12.22816,"Northern Europe"
756,1970,22.16482,"Western Europe"
756,1975,21.17837,"Western Europe"
756,1980,17.85808,"Western Europe"
756,1985,15.73365,"Western Europe"
756,1990,14.81125,"Western Europe"
756,1995,17.05465,"Western Europe"
756,2000,14.87674,"Western Europe"
756,2005,12.39727,"Western Europe"
756,2010,10.4349,"Western Europe"
756,2015,10.03218,"Western Europe"
760,1970,36.47437,"Western Asia"
760,1975,32.74291,"Western Asia"
760,1980,27.96165,"Western Asia"
760,1985,26.31733,"Western Asia"
760,1990,24.78127,"Western Asia"
760,1995,23.64675,"Western Asia"
760,2000,24.74266,"Western Asia"
760,2005,14.87639,"Western Asia"
760,2010,15.14557,"Western Asia"
760,2015,15.16553,"Western Asia"
762,1970,27.5038,"Central Asia"
762,1975,23.22307,"Central Asia"
762,1980,25.96281,"Central Asia"
762,1985,22.46879,"Central Asia"
762,1990,21.52781,"Central Asia"
762,1995,22.56427,"Central Asia"
762,2000,21.85901,"Central Asia"
762,2005,22.20693,"Central Asia"
762,2010,23.3027,"Central Asia"
762,2015,22.26065,"Central Asia"
764,1970,32.38848,"South-Eastern Asia"
764,1975,29.30272,"South-Eastern Asia"
764,1980,20.23298,"South-Eastern Asia"
764,1985,20.01505,"South-Eastern Asia"
764,1990,20.56815,"South-Eastern Asia"
764,1995,19.3766,"South-Eastern Asia"
764,2000,19.48157,"South-Eastern Asia"
764,2005,17.32511,"South-Eastern Asia"
764,2010,15.92902,"South-Eastern Asia"
764,2015,16.76672,"South-Eastern Asia"
768,1970,59.45592,"Western Africa"
768,1975,58.47105,"Western Africa"
768,1980,50.8989,"Western Africa"
768,1985,49.40293,"Western Africa"
768,1990,57.69756,"Western Africa"
768,1995,47.77582,"Western Africa"
768,2000,36.30711,"Western Africa"
768,2005,39.02618,"Western Africa"
768,2010,41.08438,"Western Africa"
768,2015,41.46941,"Western Africa"
776,1970,25.93383,"Oceania"
776,1975,25.86184,"Oceania"
776,1980,22.18083,"Oceania"
776,1985,22.2793,"Oceania"
776,1990,22.90422,"Oceania"
776,1995,21.20302,"Oceania"
776,2000,21.39627,"Oceania"
776,2005,23.52851,"Oceania"
776,2010,23.54471,"Oceania"
776,2015,21.63312,"Oceania"
780,1970,33.09222,"Caribbean"
780,1975,29.52369,"Caribbean"
780,1980,23.60612,"Caribbean"
780,1985,23.14512,"Caribbean"
780,1990,26.22705,"Caribbean"
780,1995,23.86098,"Caribbean"
780,2000,19.22702,"Caribbean"
780,2005,16.80567,"Caribbean"
780,2010,14.78248,"Caribbean"
780,2015,15.33458,"Caribbean"
784,1970,21.95229,"Western Asia"
784,1975,15.81273,"Western Asia"
784,1980,19.9741,"Western Asia"
784,1985,23.34273,"Western Asia"
784,1990,17.62489,"Western Asia"
784,1995,16.2959,"Western Asia"
784,2000,15.518,"Western Asia"
784,2005,15.87451,"Western Asia"
784,2010,17.41046,"Western Asia"
784,2015,24.07036,"Western Asia"
788,1970,45.73484,"Northern Africa"
788,1975,40.00494,"Northern Africa"
788,1980,37.83086,"Northern Africa"
788,1985,31.77851,"Northern Africa"
788,1990,27.27039,"Northern Africa"
788,1995,24.36799,"Northern Africa"
788,2000,21.98812,"Northern Africa"
788,2005,18.30814,"Northern Africa"
788,2010,17.11849,"Northern Africa"
788,2015,16.35597,"Northern Africa"
792,1970,35.26748,"Western Asia"
792,1975,31.01484,"Western Asia"
792,1980,28.45489,"Western Asia"
792,1985,31.00474,"Western Asia"
792,1990,29.20462,"Western Asia"
792,1995,27.74516,"Western Asia"
792,2000,18.63958,"Western Asia"
792,2005,14.87639,"Western Asia"
792,2010,19.76438,"Western Asia"
792,2015,17.69147,"Western Asia"
795,1970,27.5038,"Central Asia"
795,1975,23.22307,"Central Asia"
795,1980,25.96281,"Central Asia"
795,1985,22.46879,"Central Asia"
795,1990,21.0162,"Central Asia"
795,1995,21.9538,"Central Asia"
795,2000,21.44275,"Central Asia"
795,2005,20.38656,"Central Asia"
795,2010,20.1863,"Central Asia"
795,2015,21.63582,"Central Asia"
796,1970,17.56792,"Caribbean"
796,1975,20.34691,"Caribbean"
796,1980,24.72464,"Caribbean"
796,1985,24.19762,"Caribbean"
796,1990,21.63677,"Caribbean"
796,1995,17.94091,"Caribbean"
796,2000,16.95304,"Caribbean"
796,2005,16.20758,"Caribbean"
796,2010,9.28772,"Caribbean"
796,2015,17.69231,"Caribbean"
798,1970,22.2597,"Oceania"
798,1975,21.46104,"Oceania"
798,1980,17.66598,"Oceania"
798,1985,17.32876,"Oceania"
798,1990,20.75362,"Oceania"
798,1995,18.88889,"Oceania"
798,2000,18.36228,"Oceania"
798,2005,23.91441,"Oceania"
798,2010,20.76926,"Oceania"
798,2015,15.16308,"Oceania"
800,1970,33.33924,"Eastern Africa"
800,1975,34.54041,"Eastern Africa"
800,1980,34.80533,"Eastern Africa"
800,1985,31.45903,"Eastern Africa"
800,1990,30.45225,"Eastern Africa"
800,1995,49.61227,"Eastern Africa"
800,2000,53.79028,"Eastern Africa"
800,2005,49.91002,"Eastern Africa"
800,2010,47.68699,"Eastern Africa"
800,2015,42.76551,"Eastern Africa"
804,1970,27.02714,"Eastern Europe"
804,1975,27.981,"Eastern Europe"
804,1980,28.02464,"Eastern Europe"
804,1985,26.39354,"Eastern Europe"
804,1990,20.99915,"Eastern Europe"
804,1995,20.76001,"Eastern Europe"
804,2000,19.32918,"Eastern Europe"
804,2005,16.71314,"Eastern Europe"
804,2010,16.01644,"Eastern Europe"
804,2015,12.77937,"Eastern Europe"
807,1970,24.05337,"Southern Europe"
807,1975,19.13892,"Southern Europe"
807,1980,17.94964,"Southern Europe"
807,1985,17.73649,"Southern Europe"
807,1990,15.68515,"Southern Europe"
807,1995,22.28121,"Southern Europe"
807,2000,20.89301,"Southern Europe"
807,2005,18.09308,"Southern Europe"
807,2010,15.45748,"Southern Europe"
807,2015,14.65994,"Southern Europe"
810,1970,27.02714,"Eastern Europe"
810,1975,27.981,"Eastern Europe"
810,1980,27.94884,"Eastern Europe"
810,1985,24.96971,"Eastern Europe"
810,1990,21.25121,"Eastern Europe"
810,1995,18.37728,"Eastern Europe"
810,2000,17.04308,"Eastern Europe"
810,2005,17.30463,"Eastern Europe"
810,2010,19.74242,"Eastern Europe"
810,2015,20.67376,"Eastern Europe"
818,1970,37.98025,"Northern Africa"
818,1975,34.42506,"Northern Africa"
818,1980,32.79634,"Northern Africa"
818,1985,28.18192,"Northern Africa"
818,1990,24.86083,"Northern Africa"
818,1995,24.65284,"Northern Africa"
818,2000,22.35742,"Northern Africa"
818,2005,26.48175,"Northern Africa"
818,2010,27.73437,"Northern Africa"
818,2015,23.51135,"Northern Africa"
826,1970,22.1948,"Northern Europe"
826,1975,20.00078,"Northern Europe"
826,1980,18.48623,"Northern Europe"
826,1985,19.43981,"Northern Europe"
826,1990,19.75682,"Northern Europe"
826,1995,18.69099,"Northern Europe"
826,2000,17.72481,"Northern Europe"
826,2005,17.80606,"Northern Europe"
826,2010,17.61821,"Northern Europe"
826,2015,15.09333,"Northern Europe"
834,1970,46.7639,"Eastern Africa"
834,1975,48.24096,"Eastern Africa"
834,1980,40.24242,"Eastern Africa"
834,1985,33.33787,"Eastern Africa"
834,1990,35.89601,"Eastern Africa"
834,1995,37.65255,"Eastern Africa"
834,2000,53.54053,"Eastern Africa"
834,2005,53.48904,"Eastern Africa"
834,2010,45.77449,"Eastern Africa"
834,2015,46.51754,"Eastern Africa"
840,1970,22.34926,"Northern America"
840,1975,20.49881,"Northern America"
840,1980,17.61274,"Northern America"
840,1985,16.33645,"Northern America"
840,1990,15.63352,"Northern America"
840,1995,14.7852,"Northern America"
840,2000,13.17102,"Northern America"
840,2005,8.293344,"Northern America"
840,2010,14.53749,"Northern America"
840,2015,14.3279,"Northern America"
850,1970,23.64214,"Caribbean"
850,1975,15.66046,"Caribbean"
850,1980,14.2,"Caribbean"
850,1985,14.16872,"Caribbean"
850,1990,14.18325,"Caribbean"
850,1995,20.41527,"Caribbean"
850,2000,18.90634,"Caribbean"
850,2005,16.20758,"Caribbean"
850,2010,14.78248,"Caribbean"
850,2015,15.33458,"Caribbean"
854,1970,45.95648,"Western Africa"
854,1975,48.92563,"Western Africa"
854,1980,57.05622,"Western Africa"
854,1985,60.78575,"Western Africa"
854,1990,57.53978,"Western Africa"
854,1995,49.10587,"Western Africa"
854,2000,47.00505,"Western Africa"
854,2005,47.69741,"Western Africa"
854,2010,48.78411,"Western Africa"
854,2015,41.03235,"Western Africa"
858,1970,26.43254,"South America"
858,1975,23.6578,"South America"
858,1980,21.87815,"South America"
858,1985,23.07214,"South America"
858,1990,21.09352,"South America"
858,1995,20.64262,"South America"
858,2000,20.8122,"South America"
858,2005,16.86049,"South America"
858,2010,12.40859,"South America"
858,2015,11.30371,"South America"
860,1970,27.5038,"Central Asia"
860,1975,23.22307,"Central Asia"
860,1980,24.10745,"Central Asia"
860,1985,24.11801,"Central Asia"
860,1990,21.67706,"Central Asia"
860,1995,21.54386,"Central Asia"
860,2000,21.1393,"Central Asia"
860,2005,18.45905,"Central Asia"
860,2010,16.42451,"Central Asia"
860,2015,20.52828,"Central Asia"
862,1970,33.8359,"South America"
862,1975,29.81992,"South America"
862,1980,26.84317,"South America"
862,1985,25.78056,"South America"
862,1990,25.02137,"South America"
862,1995,24.64203,"South America"
862,2000,24.33929,"South America"
862,2005,21.88145,"South America"
862,2010,20.11731,"South America"
862,2015,18.36141,"South America"
882,1970,24.92426,"Oceania"
882,1975,21.28518,"Oceania"
882,1980,19.40955,"Oceania"
882,1985,17.81668,"Oceania"
882,1990,18.87613,"Oceania"
882,1995,20.2363,"Oceania"
882,2000,25.43183,"Oceania"
882,2005,32.25486,"Oceania"
882,2010,30.23604,"Oceania"
882,2015,17.60879,"Oceania"
887,1970,27.5038,"Western Asia"
887,1975,23.22307,"Western Asia"
887,1980,21.61777,"Western Asia"
887,1985,22.12853,"Western Asia"
887,1990,20.40946,"Western Asia"
887,1995,22.36997,"Western Asia"
887,2000,18.63958,"Western Asia"
887,2005,14.87639,"Western Asia"
887,2010,30.43879,"Western Asia"
887,2015,26.93016,"Western Asia"
890,1970,24.05337,"Southern Europe"
890,1975,19.13892,"Southern Europe"
890,1980,17.94964,"Southern Europe"
890,1985,17.73649,"Southern Europe"
890,1990,15.68515,"Southern Europe"
890,1995,16.87588,"Southern Europe"
890,2000,15.19178,"Southern Europe"
890,2005,16.60433,"Southern Europe"
890,2010,15.66726,"Southern Europe"
890,2015,14.58446,"Southern Europe"
894,1970,47.88849,"Eastern Africa"
894,1975,47.37059,"Eastern Africa"
894,1980,47.58731,"Eastern Africa"
894,1985,46.16634,"Eastern Africa"
894,1990,42.54812,"Eastern Africa"
894,1995,43.13157,"Eastern Africa"
894,2000,49.88463,"Eastern Africa"
894,2005,55.75379,"Eastern Africa"
894,2010,49.77956,"Eastern Africa"
894,2015,42.70613,"Eastern Africa"
