iso,year,hlo,cc
4,1970,353.09,"Afghanistan"
4,1975,362.39001,"Afghanistan"
4,1980,372,"Afghanistan"
4,1985,381.91,"Afghanistan"
4,1990,392.14001,"Afghanistan"
4,1995,402.70999,"Afghanistan"
4,2000,313.36749,"Afghanistan"
4,2005,401.54001,"Afghanistan"
4,2010,398.14999,"Afghanistan"
4,2015,433.92001,"Afghanistan"
8,1970,412.34,"Albania"
8,1975,427.87,"Albania"
8,1980,480.24084,"Albania"
8,1985,458.84,"Albania"
8,1990,457.15601,"Albania"
8,1995,481.202,"Albania"
8,2000,400.65,"Albania"
8,2005,399.32,"Albania"
8,2010,402.75,"Albania"
8,2015,436.73,"Albania"
12,1970,486.20001,"Algeria"
12,1975,486.20001,"Algeria"
12,1980,486.20001,"Algeria"
12,1985,219.3,"Algeria"
12,1990,219.3,"Algeria"
12,1995,340.81897,"Algeria"
12,2000,375.815,"Algeria"
12,2005,390.17,"Algeria"
12,2010,379.65332,"Algeria"
12,2015,375.14,"Algeria"
24,1970,486.20001,"Angola"
24,1975,486.20001,"Angola"
24,1980,486.20001,"Angola"
24,1985,219.3,"Angola"
24,1990,219.3,"Angola"
24,1995,351.95999,"Angola"
24,2000,303.46768,"Angola"
24,2005,316.20334,"Angola"
24,2010,320.315,"Angola"
24,2015,385.15424,"Angola"
28,1970,356.81747,"Antigua and Barbuda"
28,1975,350.13376,"Antigua and Barbuda"
28,1980,348.72498,"Antigua and Barbuda"
28,1985,350.52875,"Antigua and Barbuda"
28,1990,332.75375,"Antigua and Barbuda"
28,1995,424.97501,"Antigua and Barbuda"
28,2000,391.95975,"Antigua and Barbuda"
28,2005,419.245,"Antigua and Barbuda"
28,2010,435.06,"Antigua and Barbuda"
28,2015,390.91666,"Antigua and Barbuda"
31,1970,454.76752,"Azerbaijan"
31,1975,459.55893,"Azerbaijan"
31,1980,442.97964,"Azerbaijan"
31,1985,464.84506,"Azerbaijan"
31,1990,415.59,"Azerbaijan"
31,1995,446.97665,"Azerbaijan"
31,2000,464.11499,"Azerbaijan"
31,2005,503.38,"Azerbaijan"
31,2010,453.14,"Azerbaijan"
31,2015,443.18668,"Azerbaijan"
32,1970,340.60999,"Argentina"
32,1975,332.81,"Argentina"
32,1980,330.35999,"Argentina"
32,1985,332.04001,"Argentina"
32,1990,309.655,"Argentina"
32,1995,377.66,"Argentina"
32,2000,409.87,"Argentina"
32,2005,405.44,"Argentina"
32,2010,413.27,"Argentina"
32,2015,429.38,"Argentina"
36,1970,484,"Australia"
36,1975,505.47,"Australia"
36,1980,331.55,"Australia"
36,1985,475.87,"Australia"
36,1990,488.69,"Australia"
36,1995,501.93,"Australia"
36,2000,508.87,"Australia"
36,2005,504.44,"Australia"
36,2010,509.98,"Australia"
36,2015,509.22,"Australia"
40,1970,454.10501,"Austria"
40,1975,440.37332,"Austria"
40,1980,404.12332,"Austria"
40,1985,478.0975,"Austria"
40,1990,491.944,"Austria"
40,1995,529.96,"Austria"
40,2000,529.67,"Austria"
40,2005,516.5,"Austria"
40,2010,512.93,"Austria"
40,2015,519.54,"Austria"
44,1970,356.81747,"Bahamas"
44,1975,350.13376,"Bahamas"
44,1980,348.72498,"Bahamas"
44,1985,350.52875,"Bahamas"
44,1990,332.75375,"Bahamas"
44,1995,424.97501,"Bahamas"
44,2000,391.95975,"Bahamas"
44,2005,419.245,"Bahamas"
44,2010,435.06,"Bahamas"
44,2015,390.91666,"Bahamas"
48,1970,454.76752,"Bahrain"
48,1975,459.55893,"Bahrain"
48,1980,442.97964,"Bahrain"
48,1985,464.84506,"Bahrain"
48,1990,415.59,"Bahrain"
48,1995,446.97665,"Bahrain"
48,2000,464.11499,"Bahrain"
48,2005,400.18,"Bahrain"
48,2010,419.25,"Bahrain"
48,2015,452.36,"Bahrain"
50,1970,353.09,"Bangladesh"
50,1975,362.39001,"Bangladesh"
50,1980,372,"Bangladesh"
50,1985,381.91,"Bangladesh"
50,1990,392.14001,"Bangladesh"
50,1995,402.70999,"Bangladesh"
50,2000,313.36749,"Bangladesh"
50,2005,401.54001,"Bangladesh"
50,2010,398.14999,"Bangladesh"
50,2015,433.92001,"Bangladesh"
51,1970,454.76752,"Armenia"
51,1975,459.55893,"Armenia"
51,1980,442.97964,"Armenia"
51,1985,464.84506,"Armenia"
51,1990,415.59,"Armenia"
51,1995,446.97665,"Armenia"
51,2000,464.11499,"Armenia"
51,2005,482.68,"Armenia"
51,2010,469.07,"Armenia"
51,2015,443.18668,"Armenia"
52,1970,356.81747,"Barbados"
52,1975,350.13376,"Barbados"
52,1980,348.72498,"Barbados"
52,1985,350.52875,"Barbados"
52,1990,332.75375,"Barbados"
52,1995,424.97501,"Barbados"
52,2000,391.95975,"Barbados"
52,2005,419.245,"Barbados"
52,2010,435.06,"Barbados"
52,2015,390.91666,"Barbados"
56,1970,454.10501,"Belgium"
56,1975,440.37332,"Belgium"
56,1980,404.12332,"Belgium"
56,1985,478.0975,"Belgium"
56,1990,491.944,"Belgium"
56,1995,503.70834,"Belgium"
56,2000,531.37,"Belgium"
56,2005,535.22,"Belgium"
56,2010,534.58,"Belgium"
56,2015,529.11,"Belgium"
64,1970,353.09,"Bhutan"
64,1975,362.39001,"Bhutan"
64,1980,372,"Bhutan"
64,1985,381.91,"Bhutan"
64,1990,392.14001,"Bhutan"
64,1995,402.70999,"Bhutan"
64,2000,313.36749,"Bhutan"
64,2005,401.54001,"Bhutan"
64,2010,398.14999,"Bhutan"
64,2015,433.92001,"Bhutan"
68,1970,340.60999,"Bolivia (Plurinational State of)"
68,1975,332.81,"Bolivia (Plurinational State of)"
68,1980,330.35999,"Bolivia (Plurinational State of)"
68,1985,332.04001,"Bolivia (Plurinational State of)"
68,1990,309.655,"Bolivia (Plurinational State of)"
68,1995,370.4,"Bolivia (Plurinational State of)"
68,2000,367.95599,"Bolivia (Plurinational State of)"
68,2005,394.51501,"Bolivia (Plurinational State of)"
68,2010,408.73557,"Bolivia (Plurinational State of)"
68,2015,419.2825,"Bolivia (Plurinational State of)"
70,1970,412.34,"Bosnia and Herzegovina"
70,1975,427.87,"Bosnia and Herzegovina"
70,1980,480.24084,"Bosnia and Herzegovina"
70,1985,458.84,"Bosnia and Herzegovina"
70,1990,457.15601,"Bosnia and Herzegovina"
70,1995,481.202,"Bosnia and Herzegovina"
70,2000,469.7775,"Bosnia and Herzegovina"
70,2005,460.77,"Bosnia and Herzegovina"
70,2010,474.19635,"Bosnia and Herzegovina"
70,2015,481.41635,"Bosnia and Herzegovina"
72,1970,488.92001,"Botswana"
72,1975,488.92001,"Botswana"
72,1980,488.92001,"Botswana"
72,1985,219.3,"Botswana"
72,1990,219.3,"Botswana"
72,1995,350.07501,"Botswana"
72,2000,350.84,"Botswana"
72,2005,356.04,"Botswana"
72,2010,393.9,"Botswana"
72,2015,398.47,"Botswana"
76,1970,340.60999,"Brazil"
76,1975,332.81,"Brazil"
76,1980,330.35999,"Brazil"
76,1985,332.04001,"Brazil"
76,1990,270.08,"Brazil"
76,1995,370.59,"Brazil"
76,2000,359.78,"Brazil"
76,2005,397.54,"Brazil"
76,2010,407.67,"Brazil"
76,2015,408.76,"Brazil"
84,1970,356.81747,"Belize"
84,1975,350.13376,"Belize"
84,1980,348.72498,"Belize"
84,1985,350.52875,"Belize"
84,1990,332.75375,"Belize"
84,1995,351.33499,"Belize"
84,2000,403.32999,"Belize"
84,2005,385.64499,"Belize"
84,2010,391.00833,"Belize"
84,2015,397.90799,"Belize"
90,1970,456.20999,"Solomon Islands"
90,1975,490.935,"Solomon Islands"
90,1980,397.005,"Solomon Islands"
90,1985,467.89499,"Solomon Islands"
90,1990,453.35501,"Solomon Islands"
90,1995,468.63501,"Solomon Islands"
90,2000,491.94,"Solomon Islands"
90,2005,498.94501,"Solomon Islands"
90,2010,499.45999,"Solomon Islands"
90,2015,500.95499,"Solomon Islands"
96,1970,470.32001,"Brunei Darussalam"
96,1975,474.66,"Brunei Darussalam"
96,1980,460.29001,"Brunei Darussalam"
96,1985,485.095,"Brunei Darussalam"
96,1990,512.75,"Brunei Darussalam"
96,1995,546.40997,"Brunei Darussalam"
96,2000,468.32401,"Brunei Darussalam"
96,2005,464.85001,"Brunei Darussalam"
96,2010,474.69,"Brunei Darussalam"
96,2015,490.04401,"Brunei Darussalam"
100,1970,483.32001,"Bulgaria"
100,1975,491.03,"Bulgaria"
100,1980,518.96002,"Bulgaria"
100,1985,542.37,"Bulgaria"
100,1990,542.17499,"Bulgaria"
100,1995,521.85,"Bulgaria"
100,2000,497.77,"Bulgaria"
100,2005,474.23,"Bulgaria"
100,2010,451.6,"Bulgaria"
100,2015,490.67,"Bulgaria"
104,1970,470.32001,"Myanmar"
104,1975,474.66,"Myanmar"
104,1980,460.29001,"Myanmar"
104,1985,485.095,"Myanmar"
104,1990,512.75,"Myanmar"
104,1995,546.40997,"Myanmar"
104,2000,468.32401,"Myanmar"
104,2005,464.85001,"Myanmar"
104,2010,474.69,"Myanmar"
104,2015,490.04401,"Myanmar"
108,1970,486.20001,"Burundi"
108,1975,486.20001,"Burundi"
108,1980,486.20001,"Burundi"
108,1985,219.3,"Burundi"
108,1990,219.3,"Burundi"
108,1995,384.806,"Burundi"
108,2000,337.04,"Burundi"
108,2005,348.492,"Burundi"
108,2010,332.33,"Burundi"
108,2015,385.15424,"Burundi"
112,1970,483.32001,"Belarus"
112,1975,491.03,"Belarus"
112,1980,518.96002,"Belarus"
112,1985,542.37,"Belarus"
112,1990,542.17499,"Belarus"
112,1995,514.69336,"Belarus"
112,2000,496.84,"Belarus"
112,2005,495.87445,"Belarus"
112,2010,486.90222,"Belarus"
112,2015,502.23376,"Belarus"
116,1970,470.32001,"Cambodia"
116,1975,474.66,"Cambodia"
116,1980,460.29001,"Cambodia"
116,1985,485.095,"Cambodia"
116,1990,512.75,"Cambodia"
116,1995,546.40997,"Cambodia"
116,2000,468.32401,"Cambodia"
116,2005,464.85001,"Cambodia"
116,2010,474.69,"Cambodia"
116,2015,490.04401,"Cambodia"
120,1970,486.20001,"Cameroon"
120,1975,486.20001,"Cameroon"
120,1980,486.20001,"Cameroon"
120,1985,219.3,"Cameroon"
120,1990,219.3,"Cameroon"
120,1995,351.96,"Cameroon"
120,2000,303.46768,"Cameroon"
120,2005,336.64,"Cameroon"
120,2010,320.315,"Cameroon"
120,2015,385.15424,"Cameroon"
124,1970,470.26999,"Canada"
124,1975,471.39999,"Canada"
124,1980,477.28,"Canada"
124,1985,482.16,"Canada"
124,1990,494.64,"Canada"
124,1995,512.25,"Canada"
124,2000,518.2,"Canada"
124,2005,518.69,"Canada"
124,2010,519.08,"Canada"
124,2015,519.69,"Canada"
132,1970,485.35001,"Cape Verde"
132,1975,485.35001,"Cape Verde"
132,1980,485.35001,"Cape Verde"
132,1985,219.3,"Cape Verde"
132,1990,219.3,"Cape Verde"
132,1995,279.42499,"Cape Verde"
132,2000,229.00166,"Cape Verde"
132,2005,292.46832,"Cape Verde"
132,2010,293.06,"Cape Verde"
132,2015,385.15424,"Cape Verde"
140,1970,486.20001,"Central African Republic"
140,1975,486.20001,"Central African Republic"
140,1980,486.20001,"Central African Republic"
140,1985,219.3,"Central African Republic"
140,1990,219.3,"Central African Republic"
140,1995,351.95999,"Central African Republic"
140,2000,303.46768,"Central African Republic"
140,2005,316.20334,"Central African Republic"
140,2010,320.315,"Central African Republic"
140,2015,385.15424,"Central African Republic"
144,1970,353.09,"Sri Lanka"
144,1975,362.39001,"Sri Lanka"
144,1980,372,"Sri Lanka"
144,1985,381.91,"Sri Lanka"
144,1990,392.14001,"Sri Lanka"
144,1995,402.70999,"Sri Lanka"
144,2000,292.3,"Sri Lanka"
144,2005,401.54001,"Sri Lanka"
144,2010,398.14999,"Sri Lanka"
144,2015,433.92001,"Sri Lanka"
148,1970,486.20001,"Chad"
148,1975,486.20001,"Chad"
148,1980,486.20001,"Chad"
148,1985,219.3,"Chad"
148,1990,219.3,"Chad"
148,1995,351.95999,"Chad"
148,2000,303.46768,"Chad"
148,2005,287.21,"Chad"
148,2010,300.46,"Chad"
148,2015,385.15424,"Chad"
152,1970,340.61,"Chile"
152,1975,332.81,"Chile"
152,1980,330.36,"Chile"
152,1985,332.04,"Chile"
152,1990,349.23,"Chile"
152,1995,351.9,"Chile"
152,2000,371.98,"Chile"
152,2005,404.38,"Chile"
152,2010,430,"Chile"
152,2015,455.97,"Chile"
156,1970,547.77002,"China"
156,1975,548.10999,"China"
156,1980,499.03,"China"
156,1985,530.30334,"China"
156,1990,558.05249,"China"
156,1995,572.61334,"China"
156,2000,539.2,"China"
156,2005,552.08002,"China"
156,2010,602.23,"China"
156,2015,554.72,"China"
158,1970,547.77002,"Taiwan Province of China"
158,1975,548.10999,"Taiwan Province of China"
158,1980,499.03,"Taiwan Province of China"
158,1985,530.30334,"Taiwan Province of China"
158,1990,571.59,"Taiwan Province of China"
158,1995,572.61334,"Taiwan Province of China"
158,2000,558.12,"Taiwan Province of China"
158,2005,580.93,"Taiwan Province of China"
158,2010,596.9,"Taiwan Province of China"
158,2015,597.75,"Taiwan Province of China"
170,1970,340.60999,"Colombia"
170,1975,332.81,"Colombia"
170,1980,330.35999,"Colombia"
170,1985,332.04001,"Colombia"
170,1990,309.655,"Colombia"
170,1995,352.36,"Colombia"
170,2000,371.01,"Colombia"
170,2005,386.63,"Colombia"
170,2010,401.58,"Colombia"
170,2015,413.67,"Colombia"
174,1970,486.20001,"Comoros"
174,1975,486.20001,"Comoros"
174,1980,486.20001,"Comoros"
174,1985,219.3,"Comoros"
174,1990,219.3,"Comoros"
174,1995,384.806,"Comoros"
174,2000,336.33801,"Comoros"
174,2005,348.492,"Comoros"
174,2010,297.43,"Comoros"
174,2015,385.15424,"Comoros"
175,1970,486.20001,"Mayotte"
175,1975,486.20001,"Mayotte"
175,1980,486.20001,"Mayotte"
175,1985,219.3,"Mayotte"
175,1990,219.3,"Mayotte"
175,1995,384.806,"Mayotte"
175,2000,336.33801,"Mayotte"
175,2005,348.492,"Mayotte"
175,2010,358.16333,"Mayotte"
175,2015,385.15424,"Mayotte"
178,1970,486.20001,"Congo"
178,1975,486.20001,"Congo"
178,1980,486.20001,"Congo"
178,1985,219.3,"Congo"
178,1990,219.3,"Congo"
178,1995,351.95999,"Congo"
178,2000,303.46768,"Congo"
178,2005,316.20334,"Congo"
178,2010,320.315,"Congo"
178,2015,385.15424,"Congo"
180,1970,486.20001,"Democratic Republic of the Congo"
180,1975,486.20001,"Democratic Republic of the Congo"
180,1980,486.20001,"Democratic Republic of the Congo"
180,1985,219.3,"Democratic Republic of the Congo"
180,1990,219.3,"Democratic Republic of the Congo"
180,1995,351.95999,"Democratic Republic of the Congo"
180,2000,303.46768,"Democratic Republic of the Congo"
180,2005,316.20334,"Democratic Republic of the Congo"
180,2010,340.17,"Democratic Republic of the Congo"
180,2015,385.15424,"Democratic Republic of the Congo"
188,1970,356.81747,"Costa Rica"
188,1975,350.13376,"Costa Rica"
188,1980,348.72498,"Costa Rica"
188,1985,350.52875,"Costa Rica"
188,1990,332.75375,"Costa Rica"
188,1995,351.33499,"Costa Rica"
188,2000,403.32999,"Costa Rica"
188,2005,440.23,"Costa Rica"
188,2010,431.01,"Costa Rica"
188,2015,422.54,"Costa Rica"
191,1970,412.34,"Croatia"
191,1975,427.87,"Croatia"
191,1980,480.24084,"Croatia"
191,1985,458.84,"Croatia"
191,1990,457.15601,"Croatia"
191,1995,481.202,"Croatia"
191,2000,436.37,"Croatia"
191,2005,489.34,"Croatia"
191,2010,483.87,"Croatia"
191,2015,491.55,"Croatia"
192,1970,356.81747,"Cuba"
192,1975,350.13376,"Cuba"
192,1980,348.72498,"Cuba"
192,1985,350.52875,"Cuba"
192,1990,332.75375,"Cuba"
192,1995,505.21,"Cuba"
192,2000,391.95975,"Cuba"
192,2005,507.91,"Cuba"
192,2010,435.06,"Cuba"
192,2015,390.91666,"Cuba"
196,1970,454.76752,"Cyprus"
196,1975,459.55893,"Cyprus"
196,1980,442.97964,"Cyprus"
196,1985,464.84506,"Cyprus"
196,1990,438.76,"Cyprus"
196,1995,471.45,"Cyprus"
196,2000,484.05,"Cyprus"
196,2005,486.82,"Cyprus"
196,2010,512.86,"Cyprus"
196,2015,518,"Cyprus"
203,1970,483.32001,"Czech Republic"
203,1975,491.03,"Czech Republic"
203,1980,518.96002,"Czech Republic"
203,1985,542.37,"Czech Republic"
203,1990,542.17499,"Czech Republic"
203,1995,543.48,"Czech Republic"
203,2000,517.66,"Czech Republic"
203,2005,501.2,"Czech Republic"
203,2010,508.26,"Czech Republic"
203,2015,516.2,"Czech Republic"
204,1970,485.35001,"Benin"
204,1975,485.35001,"Benin"
204,1980,485.35001,"Benin"
204,1985,219.3,"Benin"
204,1990,219.3,"Benin"
204,1995,279.42499,"Benin"
204,2000,229.00166,"Benin"
204,2005,279.03,"Benin"
204,2010,293.06,"Benin"
204,2015,385.15424,"Benin"
208,1970,477.79999,"Denmark"
208,1975,472.51001,"Denmark"
208,1980,493.48001,"Denmark"
208,1985,464.625,"Denmark"
208,1990,421.02499,"Denmark"
208,1995,486.10333,"Denmark"
208,2000,531.87,"Denmark"
208,2005,525.59,"Denmark"
208,2010,527,"Denmark"
208,2015,534.18,"Denmark"
214,1970,356.81747,"Dominican Republic"
214,1975,350.13376,"Dominican Republic"
214,1980,348.72498,"Dominican Republic"
214,1985,350.52875,"Dominican Republic"
214,1990,332.75375,"Dominican Republic"
214,1995,344.74,"Dominican Republic"
214,2000,391.95975,"Dominican Republic"
214,2005,330.58,"Dominican Republic"
214,2010,435.06,"Dominican Republic"
214,2015,337.71,"Dominican Republic"
218,1970,340.60999,"Ecuador"
218,1975,332.81,"Ecuador"
218,1980,330.35999,"Ecuador"
218,1985,332.04001,"Ecuador"
218,1990,309.655,"Ecuador"
218,1995,356.20749,"Ecuador"
218,2000,367.95599,"Ecuador"
218,2005,361.91,"Ecuador"
218,2010,385.38,"Ecuador"
218,2015,414.71,"Ecuador"
222,1970,356.81747,"El Salvador"
222,1975,350.13376,"El Salvador"
222,1980,348.72498,"El Salvador"
222,1985,350.52875,"El Salvador"
222,1990,332.75375,"El Salvador"
222,1995,351.33499,"El Salvador"
222,2000,403.32999,"El Salvador"
222,2005,363.87,"El Salvador"
222,2010,391.00833,"El Salvador"
222,2015,397.90799,"El Salvador"
226,1970,486.20001,"Equatorial Guinea"
226,1975,486.20001,"Equatorial Guinea"
226,1980,486.20001,"Equatorial Guinea"
226,1985,219.3,"Equatorial Guinea"
226,1990,219.3,"Equatorial Guinea"
226,1995,351.95999,"Equatorial Guinea"
226,2000,303.46768,"Equatorial Guinea"
226,2005,316.20334,"Equatorial Guinea"
226,2010,320.315,"Equatorial Guinea"
226,2015,385.15424,"Equatorial Guinea"
231,1970,486.20001,"Ethiopia"
231,1975,486.20001,"Ethiopia"
231,1980,486.20001,"Ethiopia"
231,1985,219.3,"Ethiopia"
231,1990,219.3,"Ethiopia"
231,1995,384.806,"Ethiopia"
231,2000,336.33801,"Ethiopia"
231,2005,348.492,"Ethiopia"
231,2010,358.16333,"Ethiopia"
231,2015,385.15424,"Ethiopia"
232,1970,486.20001,"Eritrea"
232,1975,486.20001,"Eritrea"
232,1980,486.20001,"Eritrea"
232,1985,219.3,"Eritrea"
232,1990,219.3,"Eritrea"
232,1995,384.806,"Eritrea"
232,2000,336.33801,"Eritrea"
232,2005,348.492,"Eritrea"
232,2010,358.16333,"Eritrea"
232,2015,385.15424,"Eritrea"
233,1970,477.79999,"Estonia"
233,1975,472.51001,"Estonia"
233,1980,493.48001,"Estonia"
233,1985,464.625,"Estonia"
233,1990,421.02499,"Estonia"
233,1995,486.10333,"Estonia"
233,2000,518.92554,"Estonia"
233,2005,534.88,"Estonia"
233,2010,536.41,"Estonia"
233,2015,542.42,"Estonia"
242,1970,456.20999,"Fiji"
242,1975,490.935,"Fiji"
242,1980,397.005,"Fiji"
242,1985,467.89499,"Fiji"
242,1990,453.35501,"Fiji"
242,1995,468.63501,"Fiji"
242,2000,491.94,"Fiji"
242,2005,498.94501,"Fiji"
242,2010,499.45999,"Fiji"
242,2015,500.95499,"Fiji"
246,1970,528.76,"Finland"
246,1975,500.54,"Finland"
246,1980,575.41,"Finland"
246,1985,458.37,"Finland"
246,1990,468.42,"Finland"
246,1995,441.11,"Finland"
246,2000,516.86,"Finland"
246,2005,523.91,"Finland"
246,2010,527.99,"Finland"
246,2015,531.13,"Finland"
250,1970,438.91,"France"
250,1975,494.83,"France"
250,1980,406.65,"France"
250,1985,505.94,"France"
250,1990,505.12,"France"
250,1995,516.52,"France"
250,2000,533.4,"France"
250,2005,507.39,"France"
250,2010,516.74,"France"
250,2015,499.18,"France"
254,1970,340.60999,"French Guiana"
254,1975,332.81,"French Guiana"
254,1980,330.35999,"French Guiana"
254,1985,332.04001,"French Guiana"
254,1990,309.655,"French Guiana"
254,1995,356.20749,"French Guiana"
254,2000,367.95599,"French Guiana"
254,2005,394.51501,"French Guiana"
254,2010,408.73557,"French Guiana"
254,2015,419.2825,"French Guiana"
258,1970,456.20999,"French Polynesia"
258,1975,490.935,"French Polynesia"
258,1980,397.005,"French Polynesia"
258,1985,467.89499,"French Polynesia"
258,1990,453.35501,"French Polynesia"
258,1995,468.63501,"French Polynesia"
258,2000,491.94,"French Polynesia"
258,2005,498.94501,"French Polynesia"
258,2010,499.45999,"French Polynesia"
258,2015,500.95499,"French Polynesia"
262,1970,486.20001,"Djibouti"
262,1975,486.20001,"Djibouti"
262,1980,486.20001,"Djibouti"
262,1985,219.3,"Djibouti"
262,1990,219.3,"Djibouti"
262,1995,384.806,"Djibouti"
262,2000,336.33801,"Djibouti"
262,2005,348.492,"Djibouti"
262,2010,358.16333,"Djibouti"
262,2015,385.15424,"Djibouti"
266,1970,486.20001,"Gabon"
266,1975,486.20001,"Gabon"
266,1980,486.20001,"Gabon"
266,1985,219.3,"Gabon"
266,1990,219.3,"Gabon"
266,1995,351.95999,"Gabon"
266,2000,303.46768,"Gabon"
266,2005,324.76,"Gabon"
266,2010,320.315,"Gabon"
266,2015,385.15424,"Gabon"
268,1970,454.76752,"Georgia"
268,1975,459.55893,"Georgia"
268,1980,442.97964,"Georgia"
268,1985,464.84506,"Georgia"
268,1990,415.59,"Georgia"
268,1995,446.97665,"Georgia"
268,2000,464.11499,"Georgia"
268,2005,428.57,"Georgia"
268,2010,436.96,"Georgia"
268,2015,459.68,"Georgia"
270,1970,485.35001,"Gambia"
270,1975,485.35001,"Gambia"
270,1980,485.35001,"Gambia"
270,1985,219.3,"Gambia"
270,1990,219.3,"Gambia"
270,1995,279.42499,"Gambia"
270,2000,267.32,"Gambia"
270,2005,292.46832,"Gambia"
270,2010,293.06,"Gambia"
270,2015,385.15424,"Gambia"
275,1970,454.76752,"Occupied Palestinian Territory"
275,1975,459.55893,"Occupied Palestinian Territory"
275,1980,442.97964,"Occupied Palestinian Territory"
275,1985,464.84506,"Occupied Palestinian Territory"
275,1990,415.59,"Occupied Palestinian Territory"
275,1995,446.97665,"Occupied Palestinian Territory"
275,2000,464.11499,"Occupied Palestinian Territory"
275,2005,385.11,"Occupied Palestinian Territory"
275,2010,400.62,"Occupied Palestinian Territory"
275,2015,443.18668,"Occupied Palestinian Territory"
276,1970,454.10501,"Germany"
276,1975,352.21,"Germany"
276,1980,404.12332,"Germany"
276,1985,491.27,"Germany"
276,1990,492.11,"Germany"
276,1995,491.59,"Germany"
276,2000,502.18,"Germany"
276,2005,522.27,"Germany"
276,2010,529.12,"Germany"
276,2015,524.26,"Germany"
288,1970,485.35001,"Ghana"
288,1975,485.35001,"Ghana"
288,1980,485.35001,"Ghana"
288,1985,219.3,"Ghana"
288,1990,219.3,"Ghana"
288,1995,279.42499,"Ghana"
288,2000,229.00166,"Ghana"
288,2005,308.95,"Ghana"
288,2010,336.16,"Ghana"
288,2015,385.15424,"Ghana"
296,1970,456.20999,"Kiribati"
296,1975,490.935,"Kiribati"
296,1980,397.005,"Kiribati"
296,1985,467.89499,"Kiribati"
296,1990,453.35501,"Kiribati"
296,1995,468.63501,"Kiribati"
296,2000,491.94,"Kiribati"
296,2005,498.94501,"Kiribati"
296,2010,499.45999,"Kiribati"
296,2015,500.95499,"Kiribati"
300,1970,412.34,"Greece"
300,1975,427.87,"Greece"
300,1980,480.24084,"Greece"
300,1985,458.84,"Greece"
300,1990,427.36,"Greece"
300,1995,473.86,"Greece"
300,2000,504.29,"Greece"
300,2005,485.26,"Greece"
300,2010,482.17,"Greece"
300,2015,477.87,"Greece"
308,1970,356.81747,"Grenada"
308,1975,350.13376,"Grenada"
308,1980,348.72498,"Grenada"
308,1985,350.52875,"Grenada"
308,1990,332.75375,"Grenada"
308,1995,424.97501,"Grenada"
308,2000,391.95975,"Grenada"
308,2005,419.245,"Grenada"
308,2010,435.06,"Grenada"
308,2015,390.91666,"Grenada"
312,1970,356.81747,"Guadeloupe"
312,1975,350.13376,"Guadeloupe"
312,1980,348.72498,"Guadeloupe"
312,1985,350.52875,"Guadeloupe"
312,1990,332.75375,"Guadeloupe"
312,1995,424.97501,"Guadeloupe"
312,2000,391.95975,"Guadeloupe"
312,2005,419.245,"Guadeloupe"
312,2010,435.06,"Guadeloupe"
312,2015,390.91666,"Guadeloupe"
316,1970,456.20999,"Guam"
316,1975,490.935,"Guam"
316,1980,397.005,"Guam"
316,1985,467.89499,"Guam"
316,1990,453.35501,"Guam"
316,1995,468.63501,"Guam"
316,2000,491.94,"Guam"
316,2005,498.94501,"Guam"
316,2010,499.45999,"Guam"
316,2015,500.95499,"Guam"
320,1970,356.81747,"Guatemala"
320,1975,350.13376,"Guatemala"
320,1980,348.72498,"Guatemala"
320,1985,350.52875,"Guatemala"
320,1990,332.75375,"Guatemala"
320,1995,351.33499,"Guatemala"
320,2000,403.32999,"Guatemala"
320,2005,357.76,"Guatemala"
320,2010,371.7,"Guatemala"
320,2015,389.02,"Guatemala"
324,1970,485.35001,"Guinea"
324,1975,485.35001,"Guinea"
324,1980,485.35001,"Guinea"
324,1985,219.3,"Guinea"
324,1990,219.3,"Guinea"
324,1995,279.42499,"Guinea"
324,2000,229.00166,"Guinea"
324,2005,292.46832,"Guinea"
324,2010,293.06,"Guinea"
324,2015,385.15424,"Guinea"
328,1970,340.60999,"Guyana"
328,1975,332.81,"Guyana"
328,1980,330.35999,"Guyana"
328,1985,332.04001,"Guyana"
328,1990,309.655,"Guyana"
328,1995,356.20749,"Guyana"
328,2000,367.95599,"Guyana"
328,2005,394.51501,"Guyana"
328,2010,408.73557,"Guyana"
328,2015,419.2825,"Guyana"
332,1970,356.81747,"Haiti"
332,1975,350.13376,"Haiti"
332,1980,348.72498,"Haiti"
332,1985,350.52875,"Haiti"
332,1990,332.75375,"Haiti"
332,1995,424.97501,"Haiti"
332,2000,391.95975,"Haiti"
332,2005,419.245,"Haiti"
332,2010,435.06,"Haiti"
332,2015,390.91666,"Haiti"
340,1970,356.81747,"Honduras"
340,1975,350.13376,"Honduras"
340,1980,348.72498,"Honduras"
340,1985,350.52875,"Honduras"
340,1990,332.75375,"Honduras"
340,1995,339.45,"Honduras"
340,2000,403.32999,"Honduras"
340,2005,385.64499,"Honduras"
340,2010,363.71,"Honduras"
340,2015,397.90799,"Honduras"
344,1970,547.77002,"Hong Kong Special Administrative Region of China"
344,1975,548.10999,"Hong Kong Special Administrative Region of China"
344,1980,445.75,"Hong Kong Special Administrative Region of China"
344,1985,505.88,"Hong Kong Special Administrative Region of China"
344,1990,535.47,"Hong Kong Special Administrative Region of China"
344,1995,562.91,"Hong Kong Special Administrative Region of China"
344,2000,575.08,"Hong Kong Special Administrative Region of China"
344,2005,585.21,"Hong Kong Special Administrative Region of China"
344,2010,592.66,"Hong Kong Special Administrative Region of China"
344,2015,605.4,"Hong Kong Special Administrative Region of China"
348,1970,483.32,"Hungary"
348,1975,491.03,"Hungary"
348,1980,518.96,"Hungary"
348,1985,542.37,"Hungary"
348,1990,532.59,"Hungary"
348,1995,523.68,"Hungary"
348,2000,528.23,"Hungary"
348,2005,521.42,"Hungary"
348,2010,510.38,"Hungary"
348,2015,522.5,"Hungary"
352,1970,477.79999,"Iceland"
352,1975,472.51001,"Iceland"
352,1980,493.48001,"Iceland"
352,1985,464.625,"Iceland"
352,1990,420.17,"Iceland"
352,1995,468.96,"Iceland"
352,2000,528.02,"Iceland"
352,2005,541.16,"Iceland"
352,2010,522.85,"Iceland"
352,2015,511.8,"Iceland"
356,1970,353.09,"India"
356,1975,362.39001,"India"
356,1980,372,"India"
356,1985,381.91,"India"
356,1990,392.14001,"India"
356,1995,402.70999,"India"
356,2000,313.36749,"India"
356,2005,401.54001,"India"
356,2010,378.54,"India"
356,2015,433.92001,"India"
360,1970,470.32001,"Indonesia"
360,1975,474.66,"Indonesia"
360,1980,460.29001,"Indonesia"
360,1985,485.095,"Indonesia"
360,1990,512.75,"Indonesia"
360,1995,546.40997,"Indonesia"
360,2000,404.79,"Indonesia"
360,2005,406.4,"Indonesia"
360,2010,395.33,"Indonesia"
360,2015,396.71,"Indonesia"
364,1970,353.09,"Iran (Islamic Republic of)"
364,1975,362.39,"Iran (Islamic Republic of)"
364,1980,372,"Iran (Islamic Republic of)"
364,1985,381.91,"Iran (Islamic Republic of)"
364,1990,392.14,"Iran (Islamic Republic of)"
364,1995,402.71,"Iran (Islamic Republic of)"
364,2000,403.86,"Iran (Islamic Republic of)"
364,2005,401.54,"Iran (Islamic Republic of)"
364,2010,417.76,"Iran (Islamic Republic of)"
364,2015,433.92,"Iran (Islamic Republic of)"
368,1970,454.76752,"Iraq"
368,1975,459.55893,"Iraq"
368,1980,442.97964,"Iraq"
368,1985,464.84506,"Iraq"
368,1990,415.59,"Iraq"
368,1995,446.97665,"Iraq"
368,2000,464.11499,"Iraq"
368,2005,408.47186,"Iraq"
368,2010,419.99295,"Iraq"
368,2015,443.18668,"Iraq"
372,1970,477.79999,"Ireland"
372,1975,472.51001,"Ireland"
372,1980,493.48001,"Ireland"
372,1985,464.625,"Ireland"
372,1990,478.59,"Ireland"
372,1995,524.46,"Ireland"
372,2000,525.89,"Ireland"
372,2005,522.14,"Ireland"
372,2010,518.36,"Ireland"
372,2015,535.42,"Ireland"
376,1970,454.76752,"Israel"
376,1975,459.55893,"Israel"
376,1980,442.97964,"Israel"
376,1985,464.84506,"Israel"
376,1990,492.7,"Israel"
376,1995,508.58,"Israel"
376,2000,487.43,"Israel"
376,2005,484.45,"Israel"
376,2010,504.46,"Israel"
376,2015,514.24,"Israel"
380,1970,412.34,"Italy"
380,1975,427.87,"Italy"
380,1980,480.24084,"Italy"
380,1985,458.84,"Italy"
380,1990,507.8,"Italy"
380,1995,479.97,"Italy"
380,2000,504.68,"Italy"
380,2005,493.19,"Italy"
380,2010,500.79,"Italy"
380,2015,500.75,"Italy"
384,1970,485.35001,"Cote d'Ivoire"
384,1975,485.35001,"Cote d'Ivoire"
384,1980,485.35001,"Cote d'Ivoire"
384,1985,219.3,"Cote d'Ivoire"
384,1990,219.3,"Cote d'Ivoire"
384,1995,286.02,"Cote d'Ivoire"
384,2000,229.00166,"Cote d'Ivoire"
384,2005,248.28,"Cote d'Ivoire"
384,2010,259.79,"Cote d'Ivoire"
384,2015,385.15424,"Cote d'Ivoire"
388,1970,356.81747,"Jamaica"
388,1975,350.13376,"Jamaica"
388,1980,348.72498,"Jamaica"
388,1985,350.52875,"Jamaica"
388,1990,332.75375,"Jamaica"
388,1995,424.97501,"Jamaica"
388,2000,391.95975,"Jamaica"
388,2005,419.245,"Jamaica"
388,2010,435.06,"Jamaica"
388,2015,390.91666,"Jamaica"
392,1970,547.77,"Japan"
392,1975,548.11,"Japan"
392,1980,552.31,"Japan"
392,1985,565.04,"Japan"
392,1990,571.57,"Japan"
392,1995,574.14,"Japan"
392,2000,572.07,"Japan"
392,2005,568.4,"Japan"
392,2010,576.1,"Japan"
392,2015,590.89,"Japan"
398,1970,454.76752,"Kazakhstan"
398,1975,459.55893,"Kazakhstan"
398,1980,442.97964,"Kazakhstan"
398,1985,464.84506,"Kazakhstan"
398,1990,459.01196,"Kazakhstan"
398,1995,483.94318,"Kazakhstan"
398,2000,513.06,"Kazakhstan"
398,2005,538.38,"Kazakhstan"
398,2010,470.62,"Kazakhstan"
398,2015,536.11,"Kazakhstan"
400,1970,454.76752,"Jordan"
400,1975,459.55893,"Jordan"
400,1980,442.97964,"Jordan"
400,1985,464.84506,"Jordan"
400,1990,315.31,"Jordan"
400,1995,446.97665,"Jordan"
400,2000,460.36,"Jordan"
400,2005,427.75,"Jordan"
400,2010,417.74,"Jordan"
400,2015,387.01,"Jordan"
404,1970,486.20001,"Kenya"
404,1975,486.20001,"Kenya"
404,1980,486.20001,"Kenya"
404,1985,219.3,"Kenya"
404,1990,219.3,"Kenya"
404,1995,387.16,"Kenya"
404,2000,403.39,"Kenya"
404,2005,355.93,"Kenya"
404,2010,358.16333,"Kenya"
404,2015,385.15424,"Kenya"
408,1970,547.77002,"Democratic People's Republic of Korea"
408,1975,548.10999,"Democratic People's Republic of Korea"
408,1980,499.03,"Democratic People's Republic of Korea"
408,1985,530.30334,"Democratic People's Republic of Korea"
408,1990,558.05249,"Democratic People's Republic of Korea"
408,1995,572.61334,"Democratic People's Republic of Korea"
408,2000,535.3017,"Democratic People's Republic of Korea"
408,2005,552.08002,"Democratic People's Republic of Korea"
408,2010,587.38501,"Democratic People's Republic of Korea"
408,2015,586.315,"Democratic People's Republic of Korea"
410,1970,547.77002,"Republic of Korea"
410,1975,548.10999,"Republic of Korea"
410,1980,499.03,"Republic of Korea"
410,1985,519.99,"Republic of Korea"
410,1990,553.58,"Republic of Korea"
410,1995,580.79,"Republic of Korea"
410,2000,587.9,"Republic of Korea"
410,2005,594.41,"Republic of Korea"
410,2010,605.92,"Republic of Korea"
410,2015,607.23,"Republic of Korea"
414,1970,454.76752,"Kuwait"
414,1975,459.55893,"Kuwait"
414,1980,442.97964,"Kuwait"
414,1985,464.84506,"Kuwait"
414,1990,415.59,"Kuwait"
414,1995,446.97665,"Kuwait"
414,2000,464.11499,"Kuwait"
414,2005,346.23,"Kuwait"
414,2010,351.22,"Kuwait"
414,2015,372.3,"Kuwait"
417,1970,454.76752,"Kyrgyzstan"
417,1975,459.55893,"Kyrgyzstan"
417,1980,442.97964,"Kyrgyzstan"
417,1985,464.84506,"Kyrgyzstan"
417,1990,459.01196,"Kyrgyzstan"
417,1995,483.94318,"Kyrgyzstan"
417,2000,513.06,"Kyrgyzstan"
417,2005,353.73,"Kyrgyzstan"
417,2010,362.14,"Kyrgyzstan"
417,2015,536.10999,"Kyrgyzstan"
418,1970,470.32001,"Lao People's Democratic Republic"
418,1975,474.66,"Lao People's Democratic Republic"
418,1980,460.29001,"Lao People's Democratic Republic"
418,1985,485.095,"Lao People's Democratic Republic"
418,1990,512.75,"Lao People's Democratic Republic"
418,1995,546.40997,"Lao People's Democratic Republic"
418,2000,468.32401,"Lao People's Democratic Republic"
418,2005,464.85001,"Lao People's Democratic Republic"
418,2010,474.69,"Lao People's Democratic Republic"
418,2015,490.04401,"Lao People's Democratic Republic"
422,1970,454.76752,"Lebanon"
422,1975,459.55893,"Lebanon"
422,1980,442.97964,"Lebanon"
422,1985,464.84506,"Lebanon"
422,1990,415.59,"Lebanon"
422,1995,446.97665,"Lebanon"
422,2000,464.11499,"Lebanon"
422,2005,438.92,"Lebanon"
422,2010,452.92,"Lebanon"
422,2015,454.42,"Lebanon"
426,1970,488.92001,"Lesotho"
426,1975,488.92001,"Lesotho"
426,1980,488.92001,"Lesotho"
426,1985,219.3,"Lesotho"
426,1990,219.3,"Lesotho"
426,1995,350.07501,"Lesotho"
426,2000,259.13,"Lesotho"
426,2005,323.52,"Lesotho"
426,2010,371.87,"Lesotho"
426,2015,386.26501,"Lesotho"
428,1970,477.79999,"Latvia"
428,1975,472.51001,"Latvia"
428,1980,493.48001,"Latvia"
428,1985,464.625,"Latvia"
428,1990,147.23,"Latvia"
428,1995,493.14,"Latvia"
428,2000,514.03,"Latvia"
428,2005,520.86,"Latvia"
428,2010,505.88,"Latvia"
428,2015,508.22,"Latvia"
430,1970,485.35001,"Liberia"
430,1975,485.35001,"Liberia"
430,1980,485.35001,"Liberia"
430,1985,219.3,"Liberia"
430,1990,219.3,"Liberia"
430,1995,279.42499,"Liberia"
430,2000,273.71,"Liberia"
430,2005,292.46832,"Liberia"
430,2010,293.06,"Liberia"
430,2015,385.15424,"Liberia"
434,1970,486.20001,"Libyan Arab Jamahiriya"
434,1975,486.20001,"Libyan Arab Jamahiriya"
434,1980,486.20001,"Libyan Arab Jamahiriya"
434,1985,219.3,"Libyan Arab Jamahiriya"
434,1990,219.3,"Libyan Arab Jamahiriya"
434,1995,340.81897,"Libyan Arab Jamahiriya"
434,2000,375.815,"Libyan Arab Jamahiriya"
434,2005,382.83499,"Libyan Arab Jamahiriya"
434,2010,379.65332,"Libyan Arab Jamahiriya"
434,2015,384.45999,"Libyan Arab Jamahiriya"
440,1970,477.79999,"Lithuania"
440,1975,472.51001,"Lithuania"
440,1980,493.48001,"Lithuania"
440,1985,464.625,"Lithuania"
440,1990,421.02499,"Lithuania"
440,1995,462.74,"Lithuania"
440,2000,480.04,"Lithuania"
440,2005,517.85,"Lithuania"
440,2010,517.77,"Lithuania"
440,2015,523.24,"Lithuania"
442,1970,454.10501,"Luxembourg"
442,1975,440.37332,"Luxembourg"
442,1980,329.49,"Luxembourg"
442,1985,439.85,"Luxembourg"
442,1990,431.45,"Luxembourg"
442,1995,454.01,"Luxembourg"
442,2000,461.81,"Luxembourg"
442,2005,508.45,"Luxembourg"
442,2010,509.77,"Luxembourg"
442,2015,508.88,"Luxembourg"
446,1970,547.77002,"Macao Special Administrative Region of China"
446,1975,548.10999,"Macao Special Administrative Region of China"
446,1980,499.03,"Macao Special Administrative Region of China"
446,1985,530.30334,"Macao Special Administrative Region of China"
446,1990,558.05249,"Macao Special Administrative Region of China"
446,1995,572.61334,"Macao Special Administrative Region of China"
446,2000,535.3017,"Macao Special Administrative Region of China"
446,2005,545.25,"Macao Special Administrative Region of China"
446,2010,550.5,"Macao Special Administrative Region of China"
446,2015,561.9,"Macao Special Administrative Region of China"
450,1970,486.20001,"Madagascar"
450,1975,486.20001,"Madagascar"
450,1980,486.20001,"Madagascar"
450,1985,219.3,"Madagascar"
450,1990,219.3,"Madagascar"
450,1995,408.41,"Madagascar"
450,2000,284.75,"Madagascar"
450,2005,367.58,"Madagascar"
450,2010,358.16333,"Madagascar"
450,2015,385.15424,"Madagascar"
454,1970,486.20001,"Malawi"
454,1975,486.20001,"Malawi"
454,1980,486.20001,"Malawi"
454,1985,219.3,"Malawi"
454,1990,219.3,"Malawi"
454,1995,356.68,"Malawi"
454,2000,238.04,"Malawi"
454,2005,322.77,"Malawi"
454,2010,358.16333,"Malawi"
454,2015,385.15424,"Malawi"
458,1970,470.32001,"Malaysia"
458,1975,474.66,"Malaysia"
458,1980,460.29001,"Malaysia"
458,1985,485.095,"Malaysia"
458,1990,512.75,"Malaysia"
458,1995,546.40997,"Malaysia"
458,2000,511.8,"Malaysia"
458,2005,496.7,"Malaysia"
458,2010,453.5,"Malaysia"
458,2015,474.05,"Malaysia"
462,1970,353.09,"Maldives"
462,1975,362.39001,"Maldives"
462,1980,372,"Maldives"
462,1985,381.91,"Maldives"
462,1990,392.14001,"Maldives"
462,1995,402.70999,"Maldives"
462,2000,313.36749,"Maldives"
462,2005,401.54001,"Maldives"
462,2010,398.14999,"Maldives"
462,2015,433.92001,"Maldives"
466,1970,485.35001,"Mali"
466,1975,485.35001,"Mali"
466,1980,485.35001,"Mali"
466,1985,219.3,"Mali"
466,1990,219.3,"Mali"
466,1995,279.42499,"Mali"
466,2000,170.91,"Mali"
466,2005,292.46832,"Mali"
466,2010,293.06,"Mali"
466,2015,385.15424,"Mali"
470,1970,412.34,"Malta"
470,1975,427.87,"Malta"
470,1980,480.24084,"Malta"
470,1985,458.84,"Malta"
470,1990,457.15601,"Malta"
470,1995,481.202,"Malta"
470,2000,469.7775,"Malta"
470,2005,494.21,"Malta"
470,2010,490.06,"Malta"
470,2015,498,"Malta"
474,1970,356.81747,"Martinique"
474,1975,350.13376,"Martinique"
474,1980,348.72498,"Martinique"
474,1985,350.52875,"Martinique"
474,1990,332.75375,"Martinique"
474,1995,424.97501,"Martinique"
474,2000,391.95975,"Martinique"
474,2005,419.245,"Martinique"
474,2010,435.06,"Martinique"
474,2015,390.91666,"Martinique"
478,1970,485.35001,"Mauritania"
478,1975,485.35001,"Mauritania"
478,1980,485.35001,"Mauritania"
478,1985,219.3,"Mauritania"
478,1990,219.3,"Mauritania"
478,1995,279.42499,"Mauritania"
478,2000,229.00166,"Mauritania"
478,2005,292.46832,"Mauritania"
478,2010,293.06,"Mauritania"
478,2015,385.15424,"Mauritania"
480,1970,486.20001,"Mauritius"
480,1975,486.20001,"Mauritius"
480,1980,486.20001,"Mauritius"
480,1985,219.3,"Mauritius"
480,1990,219.3,"Mauritius"
480,1995,416.54,"Mauritius"
480,2000,397.78,"Mauritius"
480,2005,405.54,"Mauritius"
480,2010,444.73,"Mauritius"
480,2015,385.15424,"Mauritius"
484,1970,356.81747,"Mexico"
484,1975,350.13376,"Mexico"
484,1980,348.72498,"Mexico"
484,1985,350.52875,"Mexico"
484,1990,332.75375,"Mexico"
484,1995,363.22,"Mexico"
484,2000,403.33,"Mexico"
484,2005,435.78,"Mexico"
484,2010,440.92,"Mexico"
484,2015,443.36,"Mexico"
496,1970,547.77002,"Mongolia"
496,1975,548.10999,"Mongolia"
496,1980,499.03,"Mongolia"
496,1985,530.30334,"Mongolia"
496,1990,558.05249,"Mongolia"
496,1995,572.61334,"Mongolia"
496,2000,379.44,"Mongolia"
496,2005,438.28,"Mongolia"
496,2010,587.38501,"Mongolia"
496,2015,586.315,"Mongolia"
498,1970,483.32001,"Republic of Moldova"
498,1975,491.03,"Republic of Moldova"
498,1980,518.96002,"Republic of Moldova"
498,1985,542.37,"Republic of Moldova"
498,1990,542.17499,"Republic of Moldova"
498,1995,514.69336,"Republic of Moldova"
498,2000,461.67,"Republic of Moldova"
498,2005,483.69,"Republic of Moldova"
498,2010,420.56,"Republic of Moldova"
498,2015,443.29,"Republic of Moldova"
499,1970,412.34,"Montenegro"
499,1975,427.87,"Montenegro"
499,1980,480.24084,"Montenegro"
499,1985,458.84,"Montenegro"
499,1990,457.15601,"Montenegro"
499,1995,481.202,"Montenegro"
499,2000,469.7775,"Montenegro"
499,2005,425.49,"Montenegro"
499,2010,424.16,"Montenegro"
499,2015,441.38,"Montenegro"
504,1970,486.20001,"Morocco"
504,1975,486.20001,"Morocco"
504,1980,486.20001,"Morocco"
504,1985,219.3,"Morocco"
504,1990,219.3,"Morocco"
504,1995,340.81897,"Morocco"
504,2000,347.24,"Morocco"
504,2005,364.01,"Morocco"
504,2010,354.11,"Morocco"
504,2015,380.75,"Morocco"
508,1970,486.20001,"Mozambique"
508,1975,486.20001,"Mozambique"
508,1980,486.20001,"Mozambique"
508,1985,219.3,"Mozambique"
508,1990,219.3,"Mozambique"
508,1995,384.806,"Mozambique"
508,2000,387.03,"Mozambique"
508,2005,322.74,"Mozambique"
508,2010,358.16333,"Mozambique"
508,2015,385.15424,"Mozambique"
512,1970,454.76752,"Oman"
512,1975,459.55893,"Oman"
512,1980,442.97964,"Oman"
512,1985,464.84506,"Oman"
512,1990,415.59,"Oman"
512,1995,360.9,"Oman"
512,2000,464.11499,"Oman"
512,2005,379.82,"Oman"
512,2010,373.22,"Oman"
512,2015,414.85,"Oman"
516,1970,488.92001,"Namibia"
516,1975,488.92001,"Namibia"
516,1980,488.92001,"Namibia"
516,1985,219.3,"Namibia"
516,1990,219.3,"Namibia"
516,1995,350.27,"Namibia"
516,2000,231.44,"Namibia"
516,2005,325.14,"Namibia"
516,2010,371.87,"Namibia"
516,2015,386.26501,"Namibia"
524,1970,353.09,"Nepal"
524,1975,362.39001,"Nepal"
524,1980,372,"Nepal"
524,1985,381.91,"Nepal"
524,1990,392.14001,"Nepal"
524,1995,402.70999,"Nepal"
524,2000,189.48,"Nepal"
524,2005,401.54001,"Nepal"
524,2010,398.14999,"Nepal"
524,2015,433.92001,"Nepal"
528,1970,469.3,"Netherlands"
528,1975,474.08,"Netherlands"
528,1980,476.23,"Netherlands"
528,1985,475.33,"Netherlands"
528,1990,474.52,"Netherlands"
528,1995,476.96,"Netherlands"
528,2000,516.42,"Netherlands"
528,2005,541.27,"Netherlands"
528,2010,541.33,"Netherlands"
528,2015,530.27,"Netherlands"
531,1970,340.60999,"Curaçao"
531,1975,332.81,"Curaçao"
531,1980,330.35999,"Curaçao"
531,1985,332.04001,"Curaçao"
531,1990,309.655,"Curaçao"
531,1995,356.20749,"Curaçao"
531,2000,367.95599,"Curaçao"
531,2005,394.51501,"Curaçao"
531,2010,408.73557,"Curaçao"
531,2015,419.2825,"Curaçao"
533,1970,356.81747,"Aruba"
533,1975,350.13376,"Aruba"
533,1980,348.72498,"Aruba"
533,1985,350.52875,"Aruba"
533,1990,332.75375,"Aruba"
533,1995,424.97501,"Aruba"
533,2000,391.95975,"Aruba"
533,2005,419.245,"Aruba"
533,2010,435.06,"Aruba"
533,2015,390.91666,"Aruba"
540,1970,456.20999,"New Caledonia"
540,1975,490.935,"New Caledonia"
540,1980,397.005,"New Caledonia"
540,1985,467.89499,"New Caledonia"
540,1990,453.35501,"New Caledonia"
540,1995,468.63501,"New Caledonia"
540,2000,491.94,"New Caledonia"
540,2005,498.94501,"New Caledonia"
540,2010,499.45999,"New Caledonia"
540,2015,500.95499,"New Caledonia"
548,1970,456.20999,"Vanuatu"
548,1975,490.935,"Vanuatu"
548,1980,397.005,"Vanuatu"
548,1985,467.89499,"Vanuatu"
548,1990,453.35501,"Vanuatu"
548,1995,468.63501,"Vanuatu"
548,2000,491.94,"Vanuatu"
548,2005,498.94501,"Vanuatu"
548,2010,499.45999,"Vanuatu"
548,2015,500.95499,"Vanuatu"
554,1970,428.42,"New Zealand"
554,1975,476.4,"New Zealand"
554,1980,462.46,"New Zealand"
554,1985,459.92,"New Zealand"
554,1990,418.02,"New Zealand"
554,1995,435.34,"New Zealand"
554,2000,475.01,"New Zealand"
554,2005,493.45,"New Zealand"
554,2010,488.94,"New Zealand"
554,2015,492.69,"New Zealand"
558,1970,356.81747,"Nicaragua"
558,1975,350.13376,"Nicaragua"
558,1980,348.72498,"Nicaragua"
558,1985,350.52875,"Nicaragua"
558,1990,332.75375,"Nicaragua"
558,1995,351.33499,"Nicaragua"
558,2000,403.32999,"Nicaragua"
558,2005,359.68,"Nicaragua"
558,2010,362.49,"Nicaragua"
558,2015,365.66,"Nicaragua"
562,1970,485.35001,"Niger"
562,1975,485.35001,"Niger"
562,1980,485.35001,"Niger"
562,1985,219.3,"Niger"
562,1990,219.3,"Niger"
562,1995,279.42499,"Niger"
562,2000,147.45,"Niger"
562,2005,292.46832,"Niger"
562,2010,293.06,"Niger"
562,2015,385.15424,"Niger"
566,1970,485.35,"Nigeria"
566,1975,485.35,"Nigeria"
566,1980,485.35,"Nigeria"
566,1985,219.3,"Nigeria"
566,1990,219.3,"Nigeria"
566,1995,241.18,"Nigeria"
566,2000,229.00166,"Nigeria"
566,2005,292.46832,"Nigeria"
566,2010,293.06,"Nigeria"
566,2015,385.15424,"Nigeria"
578,1970,477.79999,"Norway"
578,1975,472.51001,"Norway"
578,1980,493.48001,"Norway"
578,1985,464.625,"Norway"
578,1990,421.02499,"Norway"
578,1995,486.10333,"Norway"
578,2000,516.24,"Norway"
578,2005,463.36,"Norway"
578,2010,480.57,"Norway"
578,2015,530.48,"Norway"
583,1970,456.20999,"Micronesia (Federated States of)"
583,1975,490.935,"Micronesia (Federated States of)"
583,1980,397.005,"Micronesia (Federated States of)"
583,1985,467.89499,"Micronesia (Federated States of)"
583,1990,453.35501,"Micronesia (Federated States of)"
583,1995,468.63501,"Micronesia (Federated States of)"
583,2000,491.94,"Micronesia (Federated States of)"
583,2005,498.94501,"Micronesia (Federated States of)"
583,2010,499.45999,"Micronesia (Federated States of)"
583,2015,500.95499,"Micronesia (Federated States of)"
586,1970,353.09,"Pakistan"
586,1975,362.39001,"Pakistan"
586,1980,372,"Pakistan"
586,1985,381.91,"Pakistan"
586,1990,392.14001,"Pakistan"
586,1995,402.70999,"Pakistan"
586,2000,367.83,"Pakistan"
586,2005,401.54001,"Pakistan"
586,2010,398.14999,"Pakistan"
586,2015,433.92001,"Pakistan"
591,1970,356.81747,"Panama"
591,1975,350.13376,"Panama"
591,1980,348.72498,"Panama"
591,1985,350.52875,"Panama"
591,1990,332.75375,"Panama"
591,1995,351.33499,"Panama"
591,2000,403.32999,"Panama"
591,2005,356.55,"Panama"
591,2010,376.22,"Panama"
591,2015,368.96,"Panama"
598,1970,456.20999,"Papua New Guinea"
598,1975,490.935,"Papua New Guinea"
598,1980,397.005,"Papua New Guinea"
598,1985,467.89499,"Papua New Guinea"
598,1990,453.35501,"Papua New Guinea"
598,1995,468.63501,"Papua New Guinea"
598,2000,491.94,"Papua New Guinea"
598,2005,498.94501,"Papua New Guinea"
598,2010,499.45999,"Papua New Guinea"
598,2015,500.95499,"Papua New Guinea"
600,1970,340.60999,"Paraguay"
600,1975,332.81,"Paraguay"
600,1980,330.35999,"Paraguay"
600,1985,332.04001,"Paraguay"
600,1990,309.655,"Paraguay"
600,1995,353.29,"Paraguay"
600,2000,367.95599,"Paraguay"
600,2005,373.7,"Paraguay"
600,2010,370.7,"Paraguay"
600,2015,366.83,"Paraguay"
604,1970,340.60999,"Peru"
604,1975,332.81,"Peru"
604,1980,330.35999,"Peru"
604,1985,332.04001,"Peru"
604,1990,309.655,"Peru"
604,1995,342.03,"Peru"
604,2000,327.14,"Peru"
604,2005,368.66,"Peru"
604,2010,397.29,"Peru"
604,2015,419.49,"Peru"
608,1970,470.32001,"Philippines"
608,1975,474.66,"Philippines"
608,1980,460.29001,"Philippines"
608,1985,485.095,"Philippines"
608,1990,512.75,"Philippines"
608,1995,546.40997,"Philippines"
608,2000,360.57,"Philippines"
608,2005,367.48,"Philippines"
608,2010,474.69,"Philippines"
608,2015,490.04401,"Philippines"
616,1970,483.32001,"Poland"
616,1975,491.03,"Poland"
616,1980,518.96002,"Poland"
616,1985,542.37,"Poland"
616,1990,542.17499,"Poland"
616,1995,514.69336,"Poland"
616,2000,486.39,"Poland"
616,2005,518.56,"Poland"
616,2010,499.26,"Poland"
616,2015,528.84,"Poland"
620,1970,412.34,"Portugal"
620,1975,427.87,"Portugal"
620,1980,480.24084,"Portugal"
620,1985,458.84,"Portugal"
620,1990,396.81,"Portugal"
620,1995,446.62,"Portugal"
620,2000,472.24,"Portugal"
620,2005,489.78,"Portugal"
620,2010,515.31,"Portugal"
620,2015,525.21,"Portugal"
624,1970,485.35001,"Guinea-Bissau"
624,1975,485.35001,"Guinea-Bissau"
624,1980,485.35001,"Guinea-Bissau"
624,1985,219.3,"Guinea-Bissau"
624,1990,219.3,"Guinea-Bissau"
624,1995,279.42499,"Guinea-Bissau"
624,2000,229.00166,"Guinea-Bissau"
624,2005,292.46832,"Guinea-Bissau"
624,2010,293.06,"Guinea-Bissau"
624,2015,385.15424,"Guinea-Bissau"
626,1970,470.32001,"Timor-Leste"
626,1975,474.66,"Timor-Leste"
626,1980,460.29001,"Timor-Leste"
626,1985,485.095,"Timor-Leste"
626,1990,512.75,"Timor-Leste"
626,1995,546.40997,"Timor-Leste"
626,2000,468.32401,"Timor-Leste"
626,2005,464.85001,"Timor-Leste"
626,2010,474.69,"Timor-Leste"
626,2015,490.04401,"Timor-Leste"
630,1970,356.81747,"Puerto Rico"
630,1975,350.13376,"Puerto Rico"
630,1980,348.72498,"Puerto Rico"
630,1985,350.52875,"Puerto Rico"
630,1990,332.75375,"Puerto Rico"
630,1995,424.97501,"Puerto Rico"
630,2000,391.95975,"Puerto Rico"
630,2005,419.245,"Puerto Rico"
630,2010,435.06,"Puerto Rico"
630,2015,396.29,"Puerto Rico"
634,1970,454.76752,"Qatar"
634,1975,459.55893,"Qatar"
634,1980,442.97964,"Qatar"
634,1985,464.84506,"Qatar"
634,1990,415.59,"Qatar"
634,1995,446.97665,"Qatar"
634,2000,464.11499,"Qatar"
634,2005,335.33,"Qatar"
634,2010,378.97,"Qatar"
634,2015,438.9,"Qatar"
638,1970,486.20001,"Reunion"
638,1975,486.20001,"Reunion"
638,1980,486.20001,"Reunion"
638,1985,219.3,"Reunion"
638,1990,219.3,"Reunion"
638,1995,384.806,"Reunion"
638,2000,336.33801,"Reunion"
638,2005,348.492,"Reunion"
638,2010,358.16333,"Reunion"
638,2015,385.15424,"Reunion"
642,1970,483.32001,"Romania"
642,1975,491.03,"Romania"
642,1980,518.96002,"Romania"
642,1985,542.37,"Romania"
642,1990,542.17499,"Romania"
642,1995,463.31,"Romania"
642,2000,468.77,"Romania"
642,2005,472.23,"Romania"
642,2010,469.42,"Romania"
642,2015,469.42,"Romania"
643,1970,483.32001,"Russian Federation"
643,1975,491.03,"Russian Federation"
643,1980,518.96002,"Russian Federation"
643,1985,542.37,"Russian Federation"
643,1990,551.76,"Russian Federation"
643,1995,511.58,"Russian Federation"
643,2000,517.79,"Russian Federation"
643,2005,524.08,"Russian Federation"
643,2010,537.62,"Russian Federation"
643,2015,551.63,"Russian Federation"
646,1970,486.20001,"Rwanda"
646,1975,486.20001,"Rwanda"
646,1980,486.20001,"Rwanda"
646,1985,219.3,"Rwanda"
646,1990,219.3,"Rwanda"
646,1995,384.806,"Rwanda"
646,2000,336.33801,"Rwanda"
646,2005,348.492,"Rwanda"
646,2010,358.16333,"Rwanda"
646,2015,385.15424,"Rwanda"
662,1970,356.81747,"Saint Lucia"
662,1975,350.13376,"Saint Lucia"
662,1980,348.72498,"Saint Lucia"
662,1985,350.52875,"Saint Lucia"
662,1990,332.75375,"Saint Lucia"
662,1995,424.97501,"Saint Lucia"
662,2000,391.95975,"Saint Lucia"
662,2005,419.245,"Saint Lucia"
662,2010,435.06,"Saint Lucia"
662,2015,390.91666,"Saint Lucia"
670,1970,356.81747,"Saint Vincent and the Grenadines"
670,1975,350.13376,"Saint Vincent and the Grenadines"
670,1980,348.72498,"Saint Vincent and the Grenadines"
670,1985,350.52875,"Saint Vincent and the Grenadines"
670,1990,332.75375,"Saint Vincent and the Grenadines"
670,1995,424.97501,"Saint Vincent and the Grenadines"
670,2000,391.95975,"Saint Vincent and the Grenadines"
670,2005,419.245,"Saint Vincent and the Grenadines"
670,2010,435.06,"Saint Vincent and the Grenadines"
670,2015,390.91666,"Saint Vincent and the Grenadines"
678,1970,486.20001,"Sao Tome and Principe"
678,1975,486.20001,"Sao Tome and Principe"
678,1980,486.20001,"Sao Tome and Principe"
678,1985,219.3,"Sao Tome and Principe"
678,1990,219.3,"Sao Tome and Principe"
678,1995,351.95999,"Sao Tome and Principe"
678,2000,303.46768,"Sao Tome and Principe"
678,2005,316.20334,"Sao Tome and Principe"
678,2010,320.315,"Sao Tome and Principe"
678,2015,385.15424,"Sao Tome and Principe"
682,1970,454.76752,"Saudi Arabia"
682,1975,459.55893,"Saudi Arabia"
682,1980,442.97964,"Saudi Arabia"
682,1985,464.84506,"Saudi Arabia"
682,1990,415.59,"Saudi Arabia"
682,1995,446.97665,"Saudi Arabia"
682,2000,464.11499,"Saudi Arabia"
682,2005,337.37,"Saudi Arabia"
682,2010,391.22,"Saudi Arabia"
682,2015,375.6,"Saudi Arabia"
686,1970,485.35001,"Senegal"
686,1975,485.35001,"Senegal"
686,1980,485.35001,"Senegal"
686,1985,219.3,"Senegal"
686,1990,219.3,"Senegal"
686,1995,256.29,"Senegal"
686,2000,261.51,"Senegal"
686,2005,319.54,"Senegal"
686,2010,293.06,"Senegal"
686,2015,385.15424,"Senegal"
688,1970,412.34,"Serbia"
688,1975,427.87,"Serbia"
688,1980,480.24084,"Serbia"
688,1985,458.84,"Serbia"
688,1990,457.15601,"Serbia"
688,1995,481.202,"Serbia"
688,2000,469.7775,"Serbia"
688,2005,483.92,"Serbia"
688,2010,487.15,"Serbia"
688,2015,512.22,"Serbia"
690,1970,486.20001,"Seychelles"
690,1975,486.20001,"Seychelles"
690,1980,486.20001,"Seychelles"
690,1985,219.3,"Seychelles"
690,1990,219.3,"Seychelles"
690,1995,384.806,"Seychelles"
690,2000,379.55,"Seychelles"
690,2005,360.57,"Seychelles"
690,2010,358.16333,"Seychelles"
690,2015,385.15424,"Seychelles"
694,1970,485.35001,"Sierra Leone"
694,1975,485.35001,"Sierra Leone"
694,1980,485.35001,"Sierra Leone"
694,1985,219.3,"Sierra Leone"
694,1990,219.3,"Sierra Leone"
694,1995,279.42499,"Sierra Leone"
694,2000,229.00166,"Sierra Leone"
694,2005,292.46832,"Sierra Leone"
694,2010,293.06,"Sierra Leone"
694,2015,385.15424,"Sierra Leone"
702,1970,470.32001,"Singapore"
702,1975,474.66,"Singapore"
702,1980,460.29001,"Singapore"
702,1985,497.46,"Singapore"
702,1990,539.85,"Singapore"
702,1995,600.41,"Singapore"
702,2000,599.81,"Singapore"
702,2005,598.83,"Singapore"
702,2010,605.3,"Singapore"
702,2015,619.17,"Singapore"
703,1970,483.32001,"Slovakia"
703,1975,491.03,"Slovakia"
703,1980,518.96002,"Slovakia"
703,1985,542.37,"Slovakia"
703,1990,542.17499,"Slovakia"
703,1995,524.26,"Slovakia"
703,2000,496.44,"Slovakia"
703,2005,499.59,"Slovakia"
703,2010,506.72,"Slovakia"
703,2015,495.32,"Slovakia"
704,1970,470.32001,"Viet Nam"
704,1975,474.66,"Viet Nam"
704,1980,460.29001,"Viet Nam"
704,1985,485.095,"Viet Nam"
704,1990,512.75,"Viet Nam"
704,1995,546.40997,"Viet Nam"
704,2000,468.32401,"Viet Nam"
704,2005,464.85001,"Viet Nam"
704,2010,474.69,"Viet Nam"
704,2015,520.04,"Viet Nam"
705,1970,412.34,"Slovenia"
705,1975,427.87,"Slovenia"
705,1980,480.24084,"Slovenia"
705,1985,458.84,"Slovenia"
705,1990,458.32,"Slovenia"
705,1995,528.01,"Slovenia"
705,2000,508.07,"Slovenia"
705,2005,493.62,"Slovenia"
705,2010,506.99,"Slovenia"
705,2015,518.04,"Slovenia"
706,1970,486.20001,"Somalia"
706,1975,486.20001,"Somalia"
706,1980,486.20001,"Somalia"
706,1985,219.3,"Somalia"
706,1990,219.3,"Somalia"
706,1995,384.806,"Somalia"
706,2000,336.33801,"Somalia"
706,2005,348.492,"Somalia"
706,2010,358.16333,"Somalia"
706,2015,385.15424,"Somalia"
710,1970,488.92001,"South Africa"
710,1975,488.92001,"South Africa"
710,1980,488.92001,"South Africa"
710,1985,219.3,"South Africa"
710,1990,219.3,"South Africa"
710,1995,349.88,"South Africa"
710,2000,298.71,"South Africa"
710,2005,306.68,"South Africa"
710,2010,349.84,"South Africa"
710,2015,374.06,"South Africa"
716,1970,486.20001,"Zimbabwe"
716,1975,486.20001,"Zimbabwe"
716,1980,486.20001,"Zimbabwe"
716,1985,219.3,"Zimbabwe"
716,1990,219.3,"Zimbabwe"
716,1995,384.806,"Zimbabwe"
716,2000,336.33801,"Zimbabwe"
716,2005,342.99,"Zimbabwe"
716,2010,358.16333,"Zimbabwe"
716,2015,385.15424,"Zimbabwe"
724,1970,412.34,"Spain"
724,1975,427.87,"Spain"
724,1980,480.24084,"Spain"
724,1985,458.84,"Spain"
724,1990,495.49,"Spain"
724,1995,477.55,"Spain"
724,2000,491.21,"Spain"
724,2005,507.61,"Spain"
724,2010,490.33,"Spain"
724,2015,504.83,"Spain"
728,1970,486.20001,"South Sudan"
728,1975,486.20001,"South Sudan"
728,1980,486.20001,"South Sudan"
728,1985,219.3,"South Sudan"
728,1990,219.3,"South Sudan"
728,1995,340.81897,"South Sudan"
728,2000,375.815,"South Sudan"
728,2005,382.83499,"South Sudan"
728,2010,379.65332,"South Sudan"
728,2015,384.45999,"South Sudan"
729,1970,486.20001,"Sudan"
729,1975,486.20001,"Sudan"
729,1980,486.20001,"Sudan"
729,1985,219.3,"Sudan"
729,1990,219.3,"Sudan"
729,1995,340.81897,"Sudan"
729,2000,375.815,"Sudan"
729,2005,382.83499,"Sudan"
729,2010,379.65332,"Sudan"
729,2015,384.45999,"Sudan"
732,1970,486.20001,"Western Sahara"
732,1975,486.20001,"Western Sahara"
732,1980,486.20001,"Western Sahara"
732,1985,219.3,"Western Sahara"
732,1990,219.3,"Western Sahara"
732,1995,340.81897,"Western Sahara"
732,2000,375.815,"Western Sahara"
732,2005,382.83499,"Western Sahara"
732,2010,379.65332,"Western Sahara"
732,2015,384.45999,"Western Sahara"
740,1970,340.60999,"Suriname"
740,1975,332.81,"Suriname"
740,1980,330.35999,"Suriname"
740,1985,332.04001,"Suriname"
740,1990,309.655,"Suriname"
740,1995,356.20749,"Suriname"
740,2000,367.95599,"Suriname"
740,2005,394.51501,"Suriname"
740,2010,408.73557,"Suriname"
740,2015,419.2825,"Suriname"
748,1970,488.92,"Swaziland"
748,1975,488.92,"Swaziland"
748,1980,488.92,"Swaziland"
748,1985,219.3,"Swaziland"
748,1990,219.3,"Swaziland"
748,1995,350.07501,"Swaziland"
748,2000,365.36,"Swaziland"
748,2005,335.26,"Swaziland"
748,2010,371.87,"Swaziland"
748,2015,386.26501,"Swaziland"
752,1970,426.84,"Sweden"
752,1975,444.48,"Sweden"
752,1980,411.55,"Sweden"
752,1985,470.88,"Sweden"
752,1990,500.74,"Sweden"
752,1995,526.21,"Sweden"
752,2000,512.31,"Sweden"
752,2005,497.58,"Sweden"
752,2010,494.59,"Sweden"
752,2015,509.15,"Sweden"
756,1970,454.10501,"Switzerland"
756,1975,440.37332,"Switzerland"
756,1980,404.12332,"Switzerland"
756,1985,478.0975,"Switzerland"
756,1990,556.52,"Switzerland"
756,1995,553.21,"Switzerland"
756,2000,544.22,"Switzerland"
756,2005,550.35,"Switzerland"
756,2010,552.37,"Switzerland"
756,2015,543.83,"Switzerland"
760,1970,454.76752,"Syrian Arab Republic"
760,1975,459.55893,"Syrian Arab Republic"
760,1980,442.97964,"Syrian Arab Republic"
760,1985,464.84506,"Syrian Arab Republic"
760,1990,415.59,"Syrian Arab Republic"
760,1995,446.97665,"Syrian Arab Republic"
760,2000,464.11499,"Syrian Arab Republic"
760,2005,371.79,"Syrian Arab Republic"
760,2010,390.86,"Syrian Arab Republic"
760,2015,443.18668,"Syrian Arab Republic"
762,1970,454.76752,"Tajikistan"
762,1975,459.55893,"Tajikistan"
762,1980,442.97964,"Tajikistan"
762,1985,464.84506,"Tajikistan"
762,1990,459.01196,"Tajikistan"
762,1995,483.94318,"Tajikistan"
762,2000,513.06,"Tajikistan"
762,2005,446.05499,"Tajikistan"
762,2010,416.38,"Tajikistan"
762,2015,536.10999,"Tajikistan"
764,1970,470.32,"Thailand"
764,1975,474.66,"Thailand"
764,1980,460.29,"Thailand"
764,1985,472.73,"Thailand"
764,1990,485.65,"Thailand"
764,1995,492.41,"Thailand"
764,2000,464.65,"Thailand"
764,2005,454.84,"Thailand"
764,2010,444.63,"Thailand"
764,2015,440.25,"Thailand"
768,1970,485.35001,"Togo"
768,1975,485.35001,"Togo"
768,1980,485.35001,"Togo"
768,1985,219.3,"Togo"
768,1990,219.3,"Togo"
768,1995,279.42499,"Togo"
768,2000,253.11,"Togo"
768,2005,302.13,"Togo"
768,2010,283.23,"Togo"
768,2015,385.15424,"Togo"
776,1970,456.20999,"Tonga"
776,1975,490.935,"Tonga"
776,1980,397.005,"Tonga"
776,1985,467.89499,"Tonga"
776,1990,453.35501,"Tonga"
776,1995,468.63501,"Tonga"
776,2000,491.94,"Tonga"
776,2005,498.94501,"Tonga"
776,2010,499.45999,"Tonga"
776,2015,500.95499,"Tonga"
780,1970,356.81747,"Trinidad and Tobago"
780,1975,350.13376,"Trinidad and Tobago"
780,1980,348.72498,"Trinidad and Tobago"
780,1985,350.52875,"Trinidad and Tobago"
780,1990,332.75375,"Trinidad and Tobago"
780,1995,424.97501,"Trinidad and Tobago"
780,2000,391.95975,"Trinidad and Tobago"
780,2005,419.245,"Trinidad and Tobago"
780,2010,435.06,"Trinidad and Tobago"
780,2015,438.75,"Trinidad and Tobago"
784,1970,454.76752,"United Arab Emirates"
784,1975,459.55893,"United Arab Emirates"
784,1980,442.97964,"United Arab Emirates"
784,1985,464.84506,"United Arab Emirates"
784,1990,415.59,"United Arab Emirates"
784,1995,446.97665,"United Arab Emirates"
784,2000,464.11499,"United Arab Emirates"
784,2005,408.47186,"United Arab Emirates"
784,2010,433.55,"United Arab Emirates"
784,2015,460.49,"United Arab Emirates"
788,1970,486.20001,"Tunisia"
788,1975,486.20001,"Tunisia"
788,1980,486.20001,"Tunisia"
788,1985,219.3,"Tunisia"
788,1990,219.3,"Tunisia"
788,1995,340.81897,"Tunisia"
788,2000,404.39,"Tunisia"
788,2005,374.56,"Tunisia"
788,2010,386.94,"Tunisia"
788,2015,384.12,"Tunisia"
792,1970,454.76752,"Turkey"
792,1975,459.55893,"Turkey"
792,1980,442.97964,"Turkey"
792,1985,464.84506,"Turkey"
792,1990,415.59,"Turkey"
792,1995,446.97665,"Turkey"
792,2000,424.62,"Turkey"
792,2005,431.15,"Turkey"
792,2010,456.62,"Turkey"
792,2015,470.39,"Turkey"
795,1970,454.76752,"Turkmenistan"
795,1975,459.55893,"Turkmenistan"
795,1980,442.97964,"Turkmenistan"
795,1985,464.84506,"Turkmenistan"
795,1990,459.01196,"Turkmenistan"
795,1995,483.94318,"Turkmenistan"
795,2000,513.06,"Turkmenistan"
795,2005,446.05499,"Turkmenistan"
795,2010,416.38,"Turkmenistan"
795,2015,536.10999,"Turkmenistan"
800,1970,486.20001,"Uganda"
800,1975,486.20001,"Uganda"
800,1980,486.20001,"Uganda"
800,1985,219.3,"Uganda"
800,1990,219.3,"Uganda"
800,1995,384.806,"Uganda"
800,2000,331.1,"Uganda"
800,2005,329.42,"Uganda"
800,2010,358.16333,"Uganda"
800,2015,385.15424,"Uganda"
804,1970,483.32001,"Ukraine"
804,1975,491.03,"Ukraine"
804,1980,518.96002,"Ukraine"
804,1985,542.37,"Ukraine"
804,1990,542.17499,"Ukraine"
804,1995,514.69336,"Ukraine"
804,2000,496.84,"Ukraine"
804,2005,467.87,"Ukraine"
804,2010,478.3,"Ukraine"
804,2015,502.23376,"Ukraine"
807,1970,412.34,"The former Yugoslav Republic of Macedonia"
807,1975,427.87,"The former Yugoslav Republic of Macedonia"
807,1980,480.24084,"The former Yugoslav Republic of Macedonia"
807,1985,458.84,"The former Yugoslav Republic of Macedonia"
807,1990,457.15601,"The former Yugoslav Republic of Macedonia"
807,1995,481.202,"The former Yugoslav Republic of Macedonia"
807,2000,440.71,"The former Yugoslav Republic of Macedonia"
807,2005,435.98,"The former Yugoslav Republic of Macedonia"
807,2010,432.58,"The former Yugoslav Republic of Macedonia"
807,2015,389,"The former Yugoslav Republic of Macedonia"
818,1970,486.20001,"Egypt"
818,1975,486.20001,"Egypt"
818,1980,486.20001,"Egypt"
818,1985,219.3,"Egypt"
818,1990,219.3,"Egypt"
818,1995,340.81897,"Egypt"
818,2000,375.815,"Egypt"
818,2005,402.6,"Egypt"
818,2010,397.91,"Egypt"
818,2015,397.83,"Egypt"
826,1970,477.79999,"United Kingdom of Great Britain and Northern Ireland"
826,1975,472.51001,"United Kingdom of Great Britain and Northern Ireland"
826,1980,493.48001,"United Kingdom of Great Britain and Northern Ireland"
826,1985,464.625,"United Kingdom of Great Britain and Northern Ireland"
826,1990,511,"United Kingdom of Great Britain and Northern Ireland"
826,1995,486.10333,"United Kingdom of Great Britain and Northern Ireland"
826,2000,545.07,"United Kingdom of Great Britain and Northern Ireland"
826,2005,510.27,"United Kingdom of Great Britain and Northern Ireland"
826,2010,513.69,"United Kingdom of Great Britain and Northern Ireland"
826,2015,515.8,"United Kingdom of Great Britain and Northern Ireland"
830,1970,477.79999,"Channel Islands"
830,1975,472.51001,"Channel Islands"
830,1980,493.48001,"Channel Islands"
830,1985,464.625,"Channel Islands"
830,1990,421.02499,"Channel Islands"
830,1995,486.10333,"Channel Islands"
830,2000,518.92554,"Channel Islands"
830,2005,515.76001,"Channel Islands"
830,2010,514.51099,"Channel Islands"
830,2015,524.18402,"Channel Islands"
834,1970,486.20001,"United Republic of Tanzania"
834,1975,486.20001,"United Republic of Tanzania"
834,1980,486.20001,"United Republic of Tanzania"
834,1985,219.3,"United Republic of Tanzania"
834,1990,219.3,"United Republic of Tanzania"
834,1995,384.806,"United Republic of Tanzania"
834,2000,361.22,"United Republic of Tanzania"
834,2005,352.92,"United Republic of Tanzania"
834,2010,358.16333,"United Republic of Tanzania"
834,2015,385.15424,"United Republic of Tanzania"
840,1970,470.27,"United States of America"
840,1975,471.4,"United States of America"
840,1980,477.28,"United States of America"
840,1985,477.74,"United States of America"
840,1990,494.25,"United States of America"
840,1995,506.23,"United States of America"
840,2000,510.81,"United States of America"
840,2005,515.4,"United States of America"
840,2010,523.88,"United States of America"
840,2015,529.09,"United States of America"
850,1970,356.81747,"United States Virgin Islands"
850,1975,350.13376,"United States Virgin Islands"
850,1980,348.72498,"United States Virgin Islands"
850,1985,350.52875,"United States Virgin Islands"
850,1990,332.75375,"United States Virgin Islands"
850,1995,424.97501,"United States Virgin Islands"
850,2000,391.95975,"United States Virgin Islands"
850,2005,419.245,"United States Virgin Islands"
850,2010,435.06,"United States Virgin Islands"
850,2015,390.91666,"United States Virgin Islands"
854,1970,485.35001,"Burkina Faso"
854,1975,485.35001,"Burkina Faso"
854,1980,485.35001,"Burkina Faso"
854,1985,219.3,"Burkina Faso"
854,1990,219.3,"Burkina Faso"
854,1995,334.21,"Burkina Faso"
854,2000,229.00166,"Burkina Faso"
854,2005,296.88,"Burkina Faso"
854,2010,293.06,"Burkina Faso"
854,2015,385.15424,"Burkina Faso"
858,1970,340.60999,"Uruguay"
858,1975,332.81,"Uruguay"
858,1980,330.35999,"Uruguay"
858,1985,332.04001,"Uruguay"
858,1990,309.655,"Uruguay"
858,1995,356.20749,"Uruguay"
858,2000,367.95599,"Uruguay"
858,2005,457.86,"Uruguay"
858,2010,450.02,"Uruguay"
858,2015,445.45,"Uruguay"
860,1970,454.76752,"Uzbekistan"
860,1975,459.55893,"Uzbekistan"
860,1980,442.97964,"Uzbekistan"
860,1985,464.84506,"Uzbekistan"
860,1990,459.01196,"Uzbekistan"
860,1995,483.94318,"Uzbekistan"
860,2000,513.06,"Uzbekistan"
860,2005,446.05499,"Uzbekistan"
860,2010,416.38,"Uzbekistan"
860,2015,536.10999,"Uzbekistan"
862,1970,340.60999,"Venezuela (Bolivarian Republic of)"
862,1975,332.81,"Venezuela (Bolivarian Republic of)"
862,1980,330.35999,"Venezuela (Bolivarian Republic of)"
862,1985,332.04001,"Venezuela (Bolivarian Republic of)"
862,1990,309.655,"Venezuela (Bolivarian Republic of)"
862,1995,331.43,"Venezuela (Bolivarian Republic of)"
862,2000,367.95599,"Venezuela (Bolivarian Republic of)"
862,2005,394.51501,"Venezuela (Bolivarian Republic of)"
862,2010,422.71,"Venezuela (Bolivarian Republic of)"
862,2015,419.2825,"Venezuela (Bolivarian Republic of)"
882,1970,456.20999,"Samoa"
882,1975,490.935,"Samoa"
882,1980,397.005,"Samoa"
882,1985,467.89499,"Samoa"
882,1990,453.35501,"Samoa"
882,1995,468.63501,"Samoa"
882,2000,491.94,"Samoa"
882,2005,498.94501,"Samoa"
882,2010,499.45999,"Samoa"
882,2015,500.95499,"Samoa"
887,1970,454.76752,"Yemen"
887,1975,459.55893,"Yemen"
887,1980,442.97964,"Yemen"
887,1985,464.84506,"Yemen"
887,1990,415.59,"Yemen"
887,1995,446.97665,"Yemen"
887,2000,464.11499,"Yemen"
887,2005,296,"Yemen"
887,2010,297.2,"Yemen"
887,2015,443.18668,"Yemen"
894,1970,486.20001,"Zambia"
894,1975,486.20001,"Zambia"
894,1980,486.20001,"Zambia"
894,1985,219.3,"Zambia"
894,1990,219.3,"Zambia"
894,1995,355.24,"Zambia"
894,2000,243.48,"Zambia"
894,2005,324.46,"Zambia"
894,2010,358.16333,"Zambia"
894,2015,385.15424,"Zambia"
