iso,year,cc,edu_exp_
4,1970,"Afghanistan",.0123514
4,1975,"Afghanistan",.0152157
4,1980,"Afghanistan",.0182669
4,1985,"Afghanistan",.0245464
4,1990,"Afghanistan",.0244999
4,1995,"Afghanistan",.0267133
4,2000,"Afghanistan",.033177
4,2005,"Afghanistan",.0284945
4,2010,"Afghanistan",.0287031
4,2015,"Afghanistan",.0287094
8,1970,"Albania",.0213403
8,1975,"Albania",.0250327
8,1980,"Albania",.0305119
8,1985,"Albania",.0269645
8,1990,"Albania",.0344698
8,1995,"Albania",.0348151
8,2000,"Albania",.0209072
8,2005,"Albania",.0324965
8,2010,"Albania",.0035393
8,2015,"Albania",.0336974
12,1970,"Algeria",.0393853
12,1975,"Algeria",.0718201
12,1980,"Algeria",.0659742
12,1985,"Algeria",.0508133
12,1990,"Algeria",.0450366
12,1995,"Algeria",.0400918
12,2000,"Algeria",.0400722
12,2005,"Algeria",.0433702
12,2010,"Algeria",.0356564
12,2015,"Algeria",.0396937
16,1970,"American Samoa",.0986156
16,1975,"American Samoa",.1010404
16,1980,"American Samoa",.1034651
16,1985,"American Samoa",.0689637
16,1990,"American Samoa",.0675341
16,1995,"American Samoa",.0379643
16,2000,"American Samoa",.0274134
16,2005,"American Samoa",.1462928
16,2010,"American Samoa",.0320098
16,2015,"American Samoa",.0418166
20,1970,"Andorra",.0213403
20,1975,"Andorra",.0250327
20,1980,"Andorra",.0305119
20,1985,"Andorra",.0269645
20,1990,"Andorra",.0356975
20,1995,"Andorra",.0371328
20,2000,"Andorra",.0160211
20,2005,"Andorra",.0238846
20,2010,"Andorra",.0290959
20,2015,"Andorra",.0250033
24,1970,"Angola",.0350471
24,1975,"Angola",.0545101
24,1980,"Angola",.0384105
24,1985,"Angola",.0495714
24,1990,"Angola",.0290529
24,1995,"Angola",.0256712
24,2000,"Angola",.0260753
24,2005,"Angola",.0220079
24,2010,"Angola",.0342132
24,2015,"Angola",.0315227
28,1970,"Antigua and Barbuda",.0431306
28,1975,"Antigua and Barbuda",.0529002
28,1980,"Antigua and Barbuda",.0377674
28,1985,"Antigua and Barbuda",.0338099
28,1990,"Antigua and Barbuda",.0410541
28,1995,"Antigua and Barbuda",.0275397
28,2000,"Antigua and Barbuda",.0339428
28,2005,"Antigua and Barbuda",.0251724
28,2010,"Antigua and Barbuda",.0495082
28,2015,"Antigua and Barbuda",.0426422
31,1970,"Azerbaijan",.0299166
31,1975,"Azerbaijan",.0352167
31,1980,"Azerbaijan",.0421083
31,1985,"Azerbaijan",.0390924
31,1990,"Azerbaijan",.0605797
31,1995,"Azerbaijan",.0361052
31,2000,"Azerbaijan",.0282856
31,2005,"Azerbaijan",.0274893
31,2010,"Azerbaijan",.0247181
31,2015,"Azerbaijan",.027763
32,1970,"Argentina",.0133894
32,1975,"Argentina",.0148113
32,1980,"Argentina",.0173412
32,1985,"Argentina",.0094944
32,1990,"Argentina",.0106738
32,1995,"Argentina",.0409784
32,2000,"Argentina",.0409059
32,2005,"Argentina",.0376199
32,2010,"Argentina",.0529084
32,2015,"Argentina",.0559461
36,1970,"Australia",.0261395
36,1975,"Australia",.0595289
36,1980,"Australia",.0550192
36,1985,"Australia",.041721
36,1990,"Australia",.0414527
36,1995,"Australia",.0519244
36,2000,"Australia",.0489147
36,2005,"Australia",.030701
36,2010,"Australia",.0421355
36,2015,"Australia",.0529179
40,1970,"Austria",.0441021
40,1975,"Austria",.0510352
40,1980,"Austria",.052676
40,1985,"Austria",.0527644
40,1990,"Austria",.0385249
40,1995,"Austria",.045426
40,2000,"Austria",.0547014
40,2005,"Austria",.0439696
40,2010,"Austria",.045671
40,2015,"Austria",.0300341
44,1970,"Bahamas",.0431306
44,1975,"Bahamas",.0529002
44,1980,"Bahamas",.0377674
44,1985,"Bahamas",.0338099
44,1990,"Bahamas",.0410541
44,1995,"Bahamas",.0411683
44,2000,"Bahamas",.0223284
44,2005,"Bahamas",.0417621
44,2010,"Bahamas",.0495082
44,2015,"Bahamas",.0426422
48,1970,"Bahrain",.0299166
48,1975,"Bahrain",.0352167
48,1980,"Bahrain",.0421083
48,1985,"Bahrain",.0390924
48,1990,"Bahrain",.0547136
48,1995,"Bahrain",.0378644
48,2000,"Bahrain",.0409657
48,2005,"Bahrain",.0179896
48,2010,"Bahrain",.0252988
48,2015,"Bahrain",.0249764
50,1970,"Bangladesh",.0152207
50,1975,"Bangladesh",.0113093
50,1980,"Bangladesh",.0069365
50,1985,"Bangladesh",.013761
50,1990,"Bangladesh",.0156729
50,1995,"Bangladesh",.0204265
50,2000,"Bangladesh",.0206474
50,2005,"Bangladesh",.0208187
50,2010,"Bangladesh",.0079899
50,2015,"Bangladesh",.0199804
51,1970,"Armenia",.0299166
51,1975,"Armenia",.0352167
51,1980,"Armenia",.0421083
51,1985,"Armenia",.0390924
51,1990,"Armenia",.0547136
51,1995,"Armenia",.0204181
51,2000,"Armenia",.024018
51,2005,"Armenia",.0309205
51,2010,"Armenia",.0216925
51,2015,"Armenia",.0275721
52,1970,"Barbados",.0431306
52,1975,"Barbados",.0355582
52,1980,"Barbados",.0377674
52,1985,"Barbados",.0338099
52,1990,"Barbados",.0660199
52,1995,"Barbados",.0425458
52,2000,"Barbados",.0566908
52,2005,"Barbados",.0521811
52,2010,"Barbados",.0447198
52,2015,"Barbados",.0487462
56,1970,"Belgium",.0388837
56,1975,"Belgium",.036931
56,1980,"Belgium",.0532572
56,1985,"Belgium",.0455235
56,1990,"Belgium",.0536297
56,1995,"Belgium",.0299943
56,2000,"Belgium",.0297336
56,2005,"Belgium",.0615859
56,2010,"Belgium",.0651623
56,2015,"Belgium",.0654228
60,1970,"Bermuda",.0028821
60,1975,"Bermuda",.0240959
60,1980,"Bermuda",.0659178
60,1985,"Bermuda",.0231682
60,1990,"Bermuda",.0251609
60,1995,"Bermuda",.0215247
60,2000,"Bermuda",.0172107
60,2005,"Bermuda",.0228743
60,2010,"Bermuda",.0100905
60,2015,"Bermuda",.0083512
64,1970,"Bhutan",.0152207
64,1975,"Bhutan",.0232982
64,1980,"Bhutan",.0203436
64,1985,"Bhutan",.0245464
64,1990,"Bhutan",.0244999
64,1995,"Bhutan",.0267133
64,2000,"Bhutan",.0416785
64,2005,"Bhutan",.0193809
64,2010,"Bhutan",.0504251
64,2015,"Bhutan",.0694825
72,1970,"Botswana",.0380767
72,1975,"Botswana",.0584151
72,1980,"Botswana",.0552442
72,1985,"Botswana",.0577637
72,1990,"Botswana",.0629012
72,1995,"Botswana",.0725131
72,2000,"Botswana",.0658746
72,2005,"Botswana",.09721
72,2010,"Botswana",.0615103
72,2015,"Botswana",.0650474
76,1970,"Brazil",.0282177
76,1975,"Brazil",.0310059
76,1980,"Brazil",.0328683
76,1985,"Brazil",.0295302
76,1990,"Brazil",.0243788
76,1995,"Brazil",.0437515
76,2000,"Brazil",.0387961
76,2005,"Brazil",.0413456
76,2010,"Brazil",.0373503
76,2015,"Brazil",.0624106
84,1970,"Belize",.02419
84,1975,"Belize",.0227399
84,1980,"Belize",.0327019
84,1985,"Belize",.0384583
84,1990,"Belize",.0255433
84,1995,"Belize",.0544344
84,2000,"Belize",.0533286
84,2005,"Belize",.0589401
84,2010,"Belize",.0263496
84,2015,"Belize",.0708992
90,1970,"Solomon Islands",3.40e-06
90,1975,"Solomon Islands",.0629366
90,1980,"Solomon Islands",.061534
90,1985,"Solomon Islands",.0048311
90,1990,"Solomon Islands",.0275382
90,1995,"Solomon Islands",.0224871
90,2000,"Solomon Islands",.0705142
90,2005,"Solomon Islands",.0921804
90,2010,"Solomon Islands",.0986063
90,2015,"Solomon Islands",.0311095
92,1970,"British Virgin Islands",.0891642
92,1975,"British Virgin Islands",.0529002
92,1980,"British Virgin Islands",.0377674
92,1985,"British Virgin Islands",.0338099
92,1990,"British Virgin Islands",.0410541
92,1995,"British Virgin Islands",.0411683
92,2000,"British Virgin Islands",.0290477
92,2005,"British Virgin Islands",.0260364
92,2010,"British Virgin Islands",.0003817
92,2015,"British Virgin Islands",.0374689
96,1970,"Brunei Darussalam",.0549189
96,1975,"Brunei Darussalam",.0189779
96,1980,"Brunei Darussalam",.0150167
96,1985,"Brunei Darussalam",.0494563
96,1990,"Brunei Darussalam",.0391765
96,1995,"Brunei Darussalam",.05093
96,2000,"Brunei Darussalam",.0370591
96,2005,"Brunei Darussalam",.0261218
96,2010,"Brunei Darussalam",.021554
96,2015,"Brunei Darussalam",.0442541
100,1970,"Bulgaria",.0457293
100,1975,"Bulgaria",.0405121
100,1980,"Bulgaria",.0352948
100,1985,"Bulgaria",.0419127
100,1990,"Bulgaria",.0485306
100,1995,"Bulgaria",.0246412
100,2000,"Bulgaria",.0329744
100,2005,"Bulgaria",.0405306
100,2010,"Bulgaria",.0375134
100,2015,"Bulgaria",.0441436
104,1970,"Myanmar",.0178016
104,1975,"Myanmar",.0174877
104,1980,"Myanmar",.0290996
104,1985,"Myanmar",.0310213
104,1990,"Myanmar",.0286555
104,1995,"Myanmar",.0120248
104,2000,"Myanmar",.0321533
104,2005,"Myanmar",.0261218
104,2010,"Myanmar",.0078744
104,2015,"Myanmar",.0118094
108,1970,"Burundi",.0346792
108,1975,"Burundi",.0280336
108,1980,"Burundi",.0334676
108,1985,"Burundi",.0444873
108,1990,"Burundi",.0380603
108,1995,"Burundi",.0417193
108,2000,"Burundi",.0307482
108,2005,"Burundi",.0344113
108,2010,"Burundi",.0640845
108,2015,"Burundi",.0520898
112,1970,"Belarus",.0457293
112,1975,"Belarus",.0405121
112,1980,"Belarus",.0352948
112,1985,"Belarus",.041255
112,1990,"Belarus",.0472152
112,1995,"Belarus",.0600001
112,2000,"Belarus",.0595444
112,2005,"Belarus",.0420804
112,2010,"Belarus",.0491277
112,2015,"Belarus",.0484302
116,1970,"Cambodia",.0333736
116,1975,"Cambodia",.026257
116,1980,"Cambodia",.0290996
116,1985,"Cambodia",.0310213
116,1990,"Cambodia",.0286555
116,1995,"Cambodia",.0125907
116,2000,"Cambodia",.0170231
116,2005,"Cambodia",.009128
116,2010,"Cambodia",.014321
116,2015,"Cambodia",.0216286
120,1970,"Cameroon",.0322188
120,1975,"Cameroon",.0545101
120,1980,"Cameroon",.0324274
120,1985,"Cameroon",.0278574
120,1990,"Cameroon",.0119215
120,1995,"Cameroon",.0276138
120,2000,"Cameroon",.0257729
120,2005,"Cameroon",.0288489
120,2010,"Cameroon",.0278255
120,2015,"Cameroon",.029306
124,1970,"Canada",.0567974
124,1975,"Canada",.0674198
124,1980,"Canada",.0659178
124,1985,"Canada",.061712
124,1990,"Canada",.0556713
124,1995,"Canada",.0579545
124,2000,"Canada",.033449
124,2005,"Canada",.0476335
124,2010,"Canada",.0532219
124,2015,"Canada",.0083512
132,1970,"Cabo Verde",.0276738
132,1975,"Cabo Verde",.0446975
132,1980,"Cabo Verde",.0380244
132,1985,"Cabo Verde",.0292471
132,1990,"Cabo Verde",.031965
132,1995,"Cabo Verde",.0659672
132,2000,"Cabo Verde",.0767673
132,2005,"Cabo Verde",.0285616
132,2010,"Cabo Verde",.0514405
132,2015,"Cabo Verde",.0524297
136,1970,"Cayman Islands",.0431306
136,1975,"Cayman Islands",.0529002
136,1980,"Cayman Islands",.0377674
136,1985,"Cayman Islands",.0338099
136,1990,"Cayman Islands",.0410541
136,1995,"Cayman Islands",.0411683
136,2000,"Cayman Islands",.0441158
136,2005,"Cayman Islands",.0247678
136,2010,"Cayman Islands",.0495082
136,2015,"Cayman Islands",.0426422
140,1970,"Central African Republic",.0350471
140,1975,"Central African Republic",.0317053
140,1980,"Central African Republic",.0384105
140,1985,"Central African Republic",.023779
140,1990,"Central African Republic",.0125037
140,1995,"Central African Republic",.0169002
140,2000,"Central African Republic",.0122768
140,2005,"Central African Republic",.0138504
140,2010,"Central African Republic",.0111276
140,2015,"Central African Republic",.0315227
144,1970,"Sri Lanka",.0033164
144,1975,"Sri Lanka",.0265599
144,1980,"Sri Lanka",.0199162
144,1985,"Sri Lanka",.0272148
144,1990,"Sri Lanka",.0281168
144,1995,"Sri Lanka",.0122718
144,2000,"Sri Lanka",.033177
144,2005,"Sri Lanka",.0020559
144,2010,"Sri Lanka",.0171529
144,2015,"Sri Lanka",.018665
148,1970,"Chad",.0350471
148,1975,"Chad",.0545101
148,1980,"Chad",.0384105
148,1985,"Chad",.0259618
148,1990,"Chad",.0290529
148,1995,"Chad",.0238341
148,2000,"Chad",.0222193
148,2005,"Chad",.0200325
148,2010,"Chad",.0181615
148,2015,"Chad",.0234834
152,1970,"Chile",.0375121
152,1975,"Chile",.0338252
152,1980,"Chile",.0024783
152,1985,"Chile",.0282329
152,1990,"Chile",.023819
152,1995,"Chile",.0262691
152,2000,"Chile",.0383972
152,2005,"Chile",.0350425
152,2010,"Chile",.0436691
152,2015,"Chile",.052074
156,1970,"China",.0160137
156,1975,"China",.0156877
156,1980,"China",.0165001
156,1985,"China",.0190953
156,1990,"China",.0176604
156,1995,"China",.0185692
156,2000,"China",.0342444
156,2005,"China",.0366521
156,2010,"China",.0331012
156,2015,"China",.0351707
170,1970,"Colombia",.0282177
170,1975,"Colombia",.0175434
170,1980,"Colombia",.0244355
170,1985,"Colombia",.0271026
170,1990,"Colombia",.0243788
170,1995,"Colombia",.0218526
170,2000,"Colombia",.039785
170,2005,"Colombia",.0415476
170,2010,"Colombia",.0463998
170,2015,"Colombia",.0449677
174,1970,"Comoros",.0346792
174,1975,"Comoros",.0333002
174,1980,"Comoros",.0430246
174,1985,"Comoros",.0444873
174,1990,"Comoros",.0588952
174,1995,"Comoros",.0220136
174,2000,"Comoros",.0225842
174,2005,"Comoros",.0442265
174,2010,"Comoros",.0267645
174,2015,"Comoros",.0248708
178,1970,"Congo",.0378754
178,1975,"Congo",.0773149
178,1980,"Congo",.0635924
178,1985,"Congo",.0259618
178,1990,"Congo",.0637312
178,1995,"Congo",.044893
178,2000,"Congo",.0277754
178,2005,"Congo",.0183577
178,2010,"Congo",.0331125
178,2015,"Congo",.0461953
180,1970,"Democratic Republic of the Congo",.0350471
180,1975,"Democratic Republic of the Congo",.0545101
180,1980,"Democratic Republic of the Congo",.0192115
180,1985,"Democratic Republic of the Congo",.0026394
180,1990,"Democratic Republic of the Congo",.0290529
180,1995,"Democratic Republic of the Congo",.0276138
180,2000,"Democratic Republic of the Congo",.0261521
180,2005,"Democratic Republic of the Congo",.0245285
180,2010,"Democratic Republic of the Congo",.0184621
180,2015,"Democratic Republic of the Congo",.0191469
184,1970,"Cook Islands",.0986156
184,1975,"Cook Islands",.1010403
184,1980,"Cook Islands",.1034651
184,1985,"Cook Islands",.0689637
184,1990,"Cook Islands",.0595264
184,1995,"Cook Islands",.0191272
184,2000,"Cook Islands",.0020706
184,2005,"Cook Islands",.0988675
184,2010,"Cook Islands",.0320098
184,2015,"Cook Islands",.0428285
188,1970,"Costa Rica",.02419
188,1975,"Costa Rica",.0227399
188,1980,"Costa Rica",.0573001
188,1985,"Costa Rica",.0417045
188,1990,"Costa Rica",.0255433
188,1995,"Costa Rica",.0423314
188,2000,"Costa Rica",.0408283
188,2005,"Costa Rica",.0401714
188,2010,"Costa Rica",.066997
188,2015,"Costa Rica",.071407
191,1970,"Croatia",.0213403
191,1975,"Croatia",.0250327
191,1980,"Croatia",.0305119
191,1985,"Croatia",.0269645
191,1990,"Croatia",.0356975
191,1995,"Croatia",.0415202
191,2000,"Croatia",.0383479
191,2005,"Croatia",.042075
191,2010,"Croatia",.0306986
191,2015,"Croatia",.0398568
192,1970,"Cuba",.0431306
192,1975,"Cuba",.0529002
192,1980,"Cuba",.0836909
192,1985,"Cuba",.0338099
192,1990,"Cuba",.0661307
192,1995,"Cuba",.0648199
192,2000,"Cuba",.0916863
192,2005,"Cuba",.1173342
192,2010,"Cuba",.1283731
192,2015,"Cuba",.0426422
196,1970,"Cyprus",.0299166
196,1975,"Cyprus",.0295359
196,1980,"Cyprus",.0363775
196,1985,"Cyprus",.0345528
196,1990,"Cyprus",.0310964
196,1995,"Cyprus",.0425665
196,2000,"Cyprus",.0569494
196,2005,"Cyprus",.0656559
196,2010,"Cyprus",.064873
196,2015,"Cyprus",.0346445
203,1970,"Czechia",.0457293
203,1975,"Czechia",.0405121
203,1980,"Czechia",.0352948
203,1985,"Czechia",.0387115
203,1990,"Czechia",.0421282
203,1995,"Czechia",.0321514
203,2000,"Czechia",.0390453
203,2005,"Czechia",.0321891
203,2010,"Czechia",.0413459
203,2015,"Czechia",.0568811
204,1970,"Benin",.0276738
204,1975,"Benin",.0446975
204,1980,"Benin",.0380244
204,1985,"Benin",.0292471
204,1990,"Benin",.031965
204,1995,"Benin",.0268727
204,2000,"Benin",.0314014
204,2005,"Benin",.0367632
204,2010,"Benin",.0469148
204,2015,"Benin",.0430848
208,1970,"Denmark",.063356
208,1975,"Denmark",.059313
208,1980,"Denmark",.0591093
208,1985,"Denmark",.0602245
208,1990,"Denmark",.0694688
208,1995,"Denmark",.0784847
208,2000,"Denmark",.0816848
208,2005,"Denmark",.0650039
208,2010,"Denmark",.080823
208,2015,"Denmark",.0516187
212,1970,"Dominica",.0431306
212,1975,"Dominica",.0529002
212,1980,"Dominica",.0377674
212,1985,"Dominica",.0428991
212,1990,"Dominica",.0410541
212,1995,"Dominica",.0488422
212,2000,"Dominica",.0441158
212,2005,"Dominica",.0417621
212,2010,"Dominica",.0495082
212,2015,"Dominica",.0338688
214,1970,"Dominican Republic",.0264079
214,1975,"Dominican Republic",.0529002
214,1980,"Dominican Republic",.0144576
214,1985,"Dominican Republic",.0121019
214,1990,"Dominican Republic",.0083366
214,1995,"Dominican Republic",.0066529
214,2000,"Dominican Republic",.019037
214,2005,"Dominican Republic",.0204679
214,2010,"Dominican Republic",.0495082
214,2015,"Dominican Republic",.0426422
218,1970,"Ecuador",.0109539
218,1975,"Ecuador",.0241884
218,1980,"Ecuador",.0420342
218,1985,"Ecuador",.0605287
218,1990,"Ecuador",.0243788
218,1995,"Ecuador",.0191345
218,2000,"Ecuador",.0115093
218,2005,"Ecuador",.0434242
218,2010,"Ecuador",.048286
218,2015,"Ecuador",.0049987
222,1970,"El Salvador",.02419
222,1975,"El Salvador",.0090451
222,1980,"El Salvador",.0327019
222,1985,"El Salvador",.0384583
222,1990,"El Salvador",.0255433
222,1995,"El Salvador",.0255493
222,2000,"El Salvador",.0307206
222,2005,"El Salvador",.0304095
222,2010,"El Salvador",.0385694
222,2015,"El Salvador",.0376867
226,1970,"Equatorial Guinea",.0350471
226,1975,"Equatorial Guinea",.0545101
226,1980,"Equatorial Guinea",.0384105
226,1985,"Equatorial Guinea",.0259618
226,1990,"Equatorial Guinea",.0290529
226,1995,"Equatorial Guinea",.0218798
226,2000,"Equatorial Guinea",.0261521
226,2005,"Equatorial Guinea",.0245285
226,2010,"Equatorial Guinea",.0289035
226,2015,"Equatorial Guinea",.0315227
231,1970,"Ethiopia",.0346792
231,1975,"Ethiopia",.0333002
231,1980,"Ethiopia",.0217548
231,1985,"Ethiopia",.0223776
231,1990,"Ethiopia",.0235421
231,1995,"Ethiopia",.0276628
231,2000,"Ethiopia",.0377195
231,2005,"Ethiopia",.0397624
231,2010,"Ethiopia",.0492994
231,2015,"Ethiopia",.0473792
232,1970,"Eritrea",.0346792
232,1975,"Eritrea",.0333002
232,1980,"Eritrea",.0430246
232,1985,"Eritrea",.0444873
232,1990,"Eritrea",.0588952
232,1995,"Eritrea",.0217058
232,2000,"Eritrea",.0251617
232,2005,"Eritrea",.0002127
232,2010,"Eritrea",.0408036
232,2015,"Eritrea",.0418397
233,1970,"Estonia",.0496441
233,1975,"Estonia",.0508877
233,1980,"Estonia",.0512277
233,1985,"Estonia",.0507522
233,1990,"Estonia",.0568969
233,1995,"Estonia",.0518886
233,2000,"Estonia",.0525036
233,2005,"Estonia",.0524512
233,2010,"Estonia",.0400456
233,2015,"Estonia",.051561
242,1970,"Fiji",.0262375
242,1975,"Fiji",.0519761
242,1980,"Fiji",.061534
242,1985,"Fiji",.0048311
242,1990,"Fiji",.0357092
242,1995,"Fiji",.0533306
242,2000,"Fiji",.0597079
242,2005,"Fiji",.0506592
242,2010,"Fiji",.0402797
242,2015,"Fiji",.0311095
246,1970,"Finland",.0414586
246,1975,"Finland",.0350692
246,1980,"Finland",.0479512
246,1985,"Finland",.0509439
246,1990,"Finland",.0650464
246,1995,"Finland",.0651319
246,2000,"Finland",.0487625
246,2005,"Finland",.0492958
246,2010,"Finland",.0690506
246,2015,"Finland",.0698871
250,1970,"France",.0348704
250,1975,"France",.0438295
250,1980,"France",.0472206
250,1985,"France",.0383466
250,1990,"France",.041579
250,1995,"France",.0572738
250,2000,"France",.0297336
250,2005,"France",.0366134
250,2010,"France",.0404812
250,2015,"France",.0396787
262,1970,"Djibouti",.0346792
262,1975,"Djibouti",.0333002
262,1980,"Djibouti",.0430246
262,1985,"Djibouti",.0444873
262,1990,"Djibouti",.0588952
262,1995,"Djibouti",.0762948
262,2000,"Djibouti",.0536287
262,2005,"Djibouti",.0835031
262,2010,"Djibouti",.0449022
262,2015,"Djibouti",.04369
266,1970,"Gabon",.0350471
266,1975,"Gabon",.0545101
266,1980,"Gabon",.0384105
266,1985,"Gabon",.0259618
266,1990,"Gabon",.0280552
266,1995,"Gabon",.0325045
266,2000,"Gabon",.0382709
266,2005,"Gabon",.0245285
266,2010,"Gabon",.0241265
266,2015,"Gabon",.0315227
268,1970,"Georgia",.0299166
268,1975,"Georgia",.0352167
268,1980,"Georgia",.0421083
268,1985,"Georgia",.0390924
268,1990,"Georgia",.0691566
268,1995,"Georgia",.0213202
268,2000,"Georgia",.0102556
268,2005,"Georgia",.0183815
268,2010,"Georgia",.0233977
268,2015,"Georgia",.0381726
270,1970,"Gambia",.0276738
270,1975,"Gambia",.0446975
270,1980,"Gambia",.0380244
270,1985,"Gambia",.0358466
270,1990,"Gambia",.025921
270,1995,"Gambia",.0222832
270,2000,"Gambia",.0089829
270,2005,"Gambia",.0205138
270,2010,"Gambia",.0249004
270,2015,"Gambia",.0220916
275,1970,"Palestine",.0299166
275,1975,"Palestine",.0352167
275,1980,"Palestine",.0421083
275,1985,"Palestine",.0390924
275,1990,"Palestine",.0547136
275,1995,"Palestine",.0378644
275,2000,"Palestine",.0409657
275,2005,"Palestine",.038476
275,2010,"Palestine",.0323967
275,2015,"Palestine",.0537048
276,1970,"Germany",.0388837
276,1975,"Germany",.0463398
276,1980,"Germany",.0449486
276,1985,"Germany",.0378006
276,1990,"Germany",.0437435
276,1995,"Germany",.0445248
276,2000,"Germany",.0297336
276,2005,"Germany",.0351525
276,2010,"Germany",.0403672
276,2015,"Germany",.0480306
288,1970,"Ghana",.0282976
288,1975,"Ghana",.04778
288,1980,"Ghana",.0214014
288,1985,"Ghana",.0229086
288,1990,"Ghana",.031965
288,1995,"Ghana",.0411037
288,2000,"Ghana",.0644501
288,2005,"Ghana",.0585544
288,2010,"Ghana",.0431334
288,2015,"Ghana",.0415129
296,1970,"Kiribati",.0406489
296,1975,"Kiribati",.1010403
296,1980,"Kiribati",.1034651
296,1985,"Kiribati",.0689637
296,1990,"Kiribati",.0755418
296,1995,"Kiribati",.1087101
296,2000,"Kiribati",.1158699
296,2005,"Kiribati",.0988675
296,2010,"Kiribati",.0320098
296,2015,"Kiribati",.0124595
300,1970,"Greece",.0097646
300,1975,"Greece",.0114285
300,1980,"Greece",.0133871
300,1985,"Greece",.01888
300,1990,"Greece",.0199021
300,1995,"Greece",.0296014
300,2000,"Greece",.0342312
300,2005,"Greece",.0396396
300,2010,"Greece",.0352827
300,2015,"Greece",.0398568
308,1970,"Grenada",.0431306
308,1975,"Grenada",.0529002
308,1980,"Grenada",.0377674
308,1985,"Grenada",.0338099
308,1990,"Grenada",.0410541
308,1995,"Grenada",.0411683
308,2000,"Grenada",.0392674
308,2005,"Grenada",.0417621
308,2010,"Grenada",.0495082
308,2015,"Grenada",.0317043
320,1970,"Guatemala",.0194213
320,1975,"Guatemala",.0162729
320,1980,"Guatemala",.0327019
320,1985,"Guatemala",.0384583
320,1990,"Guatemala",.0155287
320,1995,"Guatemala",.0015843
320,2000,"Guatemala",.0368337
320,2005,"Guatemala",.030691
320,2010,"Guatemala",.0289294
320,2015,"Guatemala",.0287761
324,1970,"Guinea",.0276738
324,1975,"Guinea",.0446975
324,1980,"Guinea",.0380244
324,1985,"Guinea",.0292471
324,1990,"Guinea",.0203705
324,1995,"Guinea",.0236142
324,2000,"Guinea",.0146167
324,2005,"Guinea",.0187914
324,2010,"Guinea",.0234587
324,2015,"Guinea",.0194008
328,1970,"Guyana",.0432898
328,1975,"Guyana",.082333
328,1980,"Guyana",.0774048
328,1985,"Guyana",.0295302
328,1990,"Guyana",.0372445
328,1995,"Guyana",.060852
328,2000,"Guyana",.0477959
328,2005,"Guyana",.0507108
328,2010,"Guyana",.0406524
328,2015,"Guyana",.0434848
332,1970,"Haiti",.0431306
332,1975,"Haiti",.0529002
332,1980,"Haiti",.0112042
332,1985,"Haiti",.0096929
332,1990,"Haiti",.0107399
332,1995,"Haiti",.0411683
332,2000,"Haiti",.0441158
332,2005,"Haiti",.0417621
332,2010,"Haiti",.0030242
332,2015,"Haiti",.0276928
340,1970,"Honduras",.02419
340,1975,"Honduras",.0201602
340,1980,"Honduras",.0193636
340,1985,"Honduras",.0384583
340,1990,"Honduras",.0251264
340,1995,"Honduras",.0261745
340,2000,"Honduras",.0368337
340,2005,"Honduras",.0406205
340,2010,"Honduras",.0648253
340,2015,"Honduras",.0351054
344,1970,"China, Hong Kong Special Administrative Region",.0230186
344,1975,"China, Hong Kong Special Administrative Region",.0180502
344,1980,"China, Hong Kong Special Administrative Region",.0179465
344,1985,"China, Hong Kong Special Administrative Region",.0255897
344,1990,"China, Hong Kong Special Administrative Region",.0137445
344,1995,"China, Hong Kong Special Administrative Region",.0272831
344,2000,"China, Hong Kong Special Administrative Region",.0234835
344,2005,"China, Hong Kong Special Administrative Region",.0381695
344,2010,"China, Hong Kong Special Administrative Region",.0355415
344,2015,"China, Hong Kong Special Administrative Region",.0329681
348,1970,"Hungary",.0457293
348,1975,"Hungary",.0405121
348,1980,"Hungary",.0352948
348,1985,"Hungary",.0472935
348,1990,"Hungary",.0592922
348,1995,"Hungary",.034451
348,2000,"Hungary",.0417274
348,2005,"Hungary",.0514539
348,2010,"Hungary",.0447599
348,2015,"Hungary",.02584
352,1970,"Iceland",.0496441
352,1975,"Iceland",.0508877
352,1980,"Iceland",.0512277
352,1985,"Iceland",.0507522
352,1990,"Iceland",.0471151
352,1995,"Iceland",.0435475
352,2000,"Iceland",.0698117
352,2005,"Iceland",.0718618
352,2010,"Iceland",.0731457
352,2015,"Iceland",.0749613
356,1970,"India",.0152207
356,1975,"India",.0232982
356,1980,"India",.0203436
356,1985,"India",.0245464
356,1990,"India",.0244999
356,1995,"India",.037831
356,2000,"India",.0376358
356,2005,"India",.0320328
356,2010,"India",.0285132
356,2015,"India",.0351031
360,1970,"Indonesia",.0278821
360,1975,"Indonesia",.026257
360,1980,"Indonesia",.0290996
360,1985,"Indonesia",.0087141
360,1990,"Indonesia",.0099855
360,1995,"Indonesia",.0105166
360,2000,"Indonesia",.0197159
360,2005,"Indonesia",.024331
360,2010,"Indonesia",.0321125
360,2015,"Indonesia",.0035836
364,1970,"Iran (Islamic Republic of)",.0277602
364,1975,"Iran (Islamic Republic of)",.0419092
364,1980,"Iran (Islamic Republic of)",.0362433
364,1985,"Iran (Islamic Republic of)",.0310727
364,1990,"Iran (Islamic Republic of)",.0386813
364,1995,"Iran (Islamic Republic of)",.0394666
364,2000,"Iran (Islamic Republic of)",.0424941
364,2005,"Iran (Islamic Republic of)",.041399
364,2010,"Iran (Islamic Republic of)",.0324641
364,2015,"Iran (Islamic Republic of)",.0262439
368,1970,"Iraq",.0299166
368,1975,"Iraq",.0385705
368,1980,"Iraq",.0242379
368,1985,"Iraq",.0035515
368,1990,"Iraq",.0547136
368,1995,"Iraq",.0378644
368,2000,"Iraq",.0409657
368,2005,"Iraq",.038476
368,2010,"Iraq",.0348051
368,2015,"Iraq",.0338053
372,1970,"Ireland",.0459397
372,1975,"Ireland",.0374008
372,1980,"Ireland",.054279
372,1985,"Ireland",.0416135
372,1990,"Ireland",.0493272
372,1995,"Ireland",.0341721
372,2000,"Ireland",.0339774
372,2005,"Ireland",.0507183
372,2010,"Ireland",.0557561
372,2015,"Ireland",.0373901
376,1970,"Israel",.0298347
376,1975,"Israel",.0623617
376,1980,"Israel",.0699296
376,1985,"Israel",.0598592
376,1990,"Israel",.0476888
376,1995,"Israel",.0654399
376,2000,"Israel",.051121
376,2005,"Israel",.0561398
376,2010,"Israel",.0469108
376,2015,"Israel",.0321969
380,1970,"Italy",.0337805
380,1975,"Italy",.0306881
380,1980,"Italy",.0464665
380,1985,"Italy",.0326011
380,1990,"Italy",.0459877
380,1995,"Italy",.0444482
380,2000,"Italy",.036535
380,2005,"Italy",.0436898
380,2010,"Italy",.0416407
380,2015,"Italy",.0395547
384,1970,"Côte d'Ivoire",.0653331
384,1975,"Côte d'Ivoire",.0705823
384,1980,"Côte d'Ivoire",.0685976
384,1985,"Côte d'Ivoire",.0292471
384,1990,"Côte d'Ivoire",.0602429
384,1995,"Côte d'Ivoire",.0405417
384,2000,"Côte d'Ivoire",.0391171
384,2005,"Côte d'Ivoire",.0350359
384,2010,"Côte d'Ivoire",.0359397
384,2015,"Côte d'Ivoire",.0493395
388,1970,"Jamaica",.039402
388,1975,"Jamaica",.0570455
388,1980,"Jamaica",.0377674
388,1985,"Jamaica",.03567
388,1990,"Jamaica",.0395542
388,1995,"Jamaica",.0381545
388,2000,"Jamaica",.0478183
388,2005,"Jamaica",.0562411
388,2010,"Jamaica",.0505676
388,2015,"Jamaica",.0535967
392,1970,"Japan",.0210977
392,1975,"Japan",.01986
392,1980,"Japan",.025597
392,1985,"Japan",.0243714
392,1990,"Japan",.0197348
392,1995,"Japan",.0304414
392,2000,"Japan",.0342444
392,2005,"Japan",.0366521
392,2010,"Japan",.0362798
392,2015,"Japan",.0318618
398,1970,"Kazakhstan",.0457293
398,1975,"Kazakhstan",.0405121
398,1980,"Kazakhstan",.0352948
398,1985,"Kazakhstan",.041255
398,1990,"Kazakhstan",.0688689
398,1995,"Kazakhstan",.0405604
398,2000,"Kazakhstan",.019385
398,2005,"Kazakhstan",.0267438
398,2010,"Kazakhstan",.0448381
398,2015,"Kazakhstan",.0146638
400,1970,"Jordan",.0307196
400,1975,"Jordan",.0328566
400,1980,"Jordan",.0528035
400,1985,"Jordan",.040681
400,1990,"Jordan",.0547136
400,1995,"Jordan",.0626156
400,2000,"Jordan",.0409657
400,2005,"Jordan",.038476
400,2010,"Jordan",.0348051
400,2015,"Jordan",.0365793
404,1970,"Kenya",.0453055
404,1975,"Kenya",.0377228
404,1980,"Kenya",.044229
404,1985,"Kenya",.0596246
404,1990,"Kenya",.0478286
404,1995,"Kenya",.0532324
404,2000,"Kenya",.0474917
404,2005,"Kenya",.0719275
404,2010,"Kenya",.0540883
404,2015,"Kenya",.0533023
410,1970,"Republic of Korea",.0242608
410,1975,"Republic of Korea",.025842
410,1980,"Republic of Korea",.0423446
410,1985,"Republic of Korea",.0284293
410,1990,"Republic of Korea",.0277995
410,1995,"Republic of Korea",.0240115
410,2000,"Republic of Korea",.0342444
410,2005,"Republic of Korea",.0366521
410,2010,"Republic of Korea",.0331012
410,2015,"Republic of Korea",.0459437
414,1970,"Kuwait",.0243974
414,1975,"Kuwait",.0322594
414,1980,"Kuwait",.0375656
414,1985,"Kuwait",.0520423
414,1990,"Kuwait",.1419883
414,1995,"Kuwait",.0572103
414,2000,"Kuwait",.0208535
414,2005,"Kuwait",.0424913
414,2010,"Kuwait",.0348051
414,2015,"Kuwait",.0338053
417,1970,"Kyrgyzstan",.0457293
417,1975,"Kyrgyzstan",.0405121
417,1980,"Kyrgyzstan",.0352948
417,1985,"Kyrgyzstan",.041255
417,1990,"Kyrgyzstan",.0558819
417,1995,"Kyrgyzstan",.0501597
417,2000,"Kyrgyzstan",.0418117
417,2005,"Kyrgyzstan",.0452685
417,2010,"Kyrgyzstan",.0424497
417,2015,"Kyrgyzstan",.0619928
418,1970,"Lao People's Democratic Republic",.0333736
418,1975,"Lao People's Democratic Republic",.026257
418,1980,"Lao People's Democratic Republic",.0290996
418,1985,"Lao People's Democratic Republic",.0310213
418,1990,"Lao People's Democratic Republic",.0233457
418,1995,"Lao People's Democratic Republic",.0132138
418,2000,"Lao People's Democratic Republic",.0158583
418,2005,"Lao People's Democratic Republic",.0247694
418,2010,"Lao People's Democratic Republic",.0228218
418,2015,"Lao People's Democratic Republic",.0293578
422,1970,"Lebanon",.0299166
422,1975,"Lebanon",.0352167
422,1980,"Lebanon",.0421083
422,1985,"Lebanon",.0390924
422,1990,"Lebanon",.0179889
422,1995,"Lebanon",.0215465
422,2000,"Lebanon",.0267898
422,2005,"Lebanon",.0187783
422,2010,"Lebanon",.0195851
422,2015,"Lebanon",.0338053
426,1970,"Lesotho",.0456721
426,1975,"Lesotho",.0495445
426,1980,"Lesotho",.0826268
426,1985,"Lesotho",.0683583
426,1990,"Lesotho",.0780123
426,1995,"Lesotho",.1083478
426,2000,"Lesotho",.1077713
426,2005,"Lesotho",.0818643
426,2010,"Lesotho",.0615103
426,2015,"Lesotho",.069667
428,1970,"Latvia",.0496441
428,1975,"Latvia",.0508877
428,1980,"Latvia",.0512277
428,1985,"Latvia",.0507522
428,1990,"Latvia",.0568969
428,1995,"Latvia",.0552934
428,2000,"Latvia",.0525486
428,2005,"Latvia",.0508667
428,2010,"Latvia",.0479862
428,2015,"Latvia",.0502839
430,1970,"Liberia",.0276738
430,1975,"Liberia",.0446975
430,1980,"Liberia",.0380244
430,1985,"Liberia",.0292471
430,1990,"Liberia",.031965
430,1995,"Liberia",.0331911
430,2000,"Liberia",.0336677
430,2005,"Liberia",.0170166
430,2010,"Liberia",.0124656
430,2015,"Liberia",.026727
434,1970,"Libya",.0393853
434,1975,"Libya",.0599398
434,1980,"Libya",.0522127
434,1985,"Libya",.0508133
434,1990,"Libya",.0450366
434,1995,"Libya",.0226417
434,2000,"Libya",.0400722
434,2005,"Libya",.0442333
434,2010,"Libya",.0356564
434,2015,"Libya",.0396937
438,1970,"Liechtenstein",.0388837
438,1975,"Liechtenstein",.0463398
438,1980,"Liechtenstein",.0449486
438,1985,"Liechtenstein",.0378006
438,1990,"Liechtenstein",.0378456
438,1995,"Liechtenstein",.0383771
438,2000,"Liechtenstein",.0244674
438,2005,"Liechtenstein",.0200779
438,2010,"Liechtenstein",.0255604
438,2015,"Liechtenstein",.0396787
440,1970,"Lithuania",.0496441
440,1975,"Lithuania",.0508877
440,1980,"Lithuania",.0512277
440,1985,"Lithuania",.0507522
440,1990,"Lithuania",.0568969
440,1995,"Lithuania",.0529355
440,2000,"Lithuania",.0547764
440,2005,"Lithuania",.0493925
440,2010,"Lithuania",.0485743
440,2015,"Lithuania",.0411285
442,1970,"Luxembourg",.0258596
442,1975,"Luxembourg",.037621
442,1980,"Luxembourg",.04307
442,1985,"Luxembourg",.0282959
442,1990,"Luxembourg",.0378456
442,1995,"Luxembourg",.034353
442,2000,"Luxembourg",.0035558
442,2005,"Luxembourg",.0366134
442,2010,"Luxembourg",.0404915
442,2015,"Luxembourg",.0395519
446,1970,"China, Macao Special Administrative Region",.0210977
446,1975,"China, Macao Special Administrative Region",.01986
446,1980,"China, Macao Special Administrative Region",.025597
446,1985,"China, Macao Special Administrative Region",.0243714
446,1990,"China, Macao Special Administrative Region",.0197348
446,1995,"China, Macao Special Administrative Region",.0337178
446,2000,"China, Macao Special Administrative Region",.0222936
446,2005,"China, Macao Special Administrative Region",.0226119
446,2010,"China, Macao Special Administrative Region",.0207348
446,2015,"China, Macao Special Administrative Region",.0202686
450,1970,"Madagascar",.0286743
450,1975,"Madagascar",.0369899
450,1980,"Madagascar",.0337349
450,1985,"Madagascar",.0275618
450,1990,"Madagascar",.0214018
450,1995,"Madagascar",.0216261
450,2000,"Madagascar",.0244876
450,2005,"Madagascar",.033177
450,2010,"Madagascar",.0259736
450,2015,"Madagascar",.0300006
454,1970,"Malawi",.0279043
454,1975,"Malawi",.0256305
454,1980,"Malawi",.0430246
454,1985,"Malawi",.0326788
454,1990,"Malawi",.0327054
454,1995,"Malawi",.0479501
454,2000,"Malawi",.043242
454,2005,"Malawi",.0392681
454,2010,"Malawi",.0369065
454,2015,"Malawi",.0477585
458,1970,"Malaysia",.0455094
458,1975,"Malaysia",.0508761
458,1980,"Malaysia",.0500564
458,1985,"Malaysia",.0447258
458,1990,"Malaysia",.0482381
458,1995,"Malaysia",.0489089
458,2000,"Malaysia",.0690816
458,2005,"Malaysia",.0469775
458,2010,"Malaysia",.0444584
458,2015,"Malaysia",.0476806
462,1970,"Maldives",.0152207
462,1975,"Maldives",.0232982
462,1980,"Maldives",.0203436
462,1985,"Maldives",.0245464
462,1990,"Maldives",.0244999
462,1995,"Maldives",.0267133
462,2000,"Maldives",.038607
462,2005,"Maldives",.0486504
462,2010,"Maldives",.0309982
462,2015,"Maldives",.0421691
466,1970,"Mali",.0276738
466,1975,"Mali",.0355959
466,1980,"Mali",.0339915
466,1985,"Mali",.0243537
466,1990,"Mali",.031965
466,1995,"Mali",.0244072
466,2000,"Mali",.025532
466,2005,"Mali",.0360509
466,2010,"Mali",.0291082
466,2015,"Mali",.0356147
470,1970,"Malta",.0316956
470,1975,"Malta",.0373084
470,1980,"Malta",.0302821
470,1985,"Malta",.0328927
470,1990,"Malta",.0155162
470,1995,"Malta",.0427743
470,2000,"Malta",.04205
470,2005,"Malta",.0557411
470,2010,"Malta",.0575322
470,2015,"Malta",.0520455
478,1970,"Mauritania",.0276738
478,1975,"Mauritania",.0446975
478,1980,"Mauritania",.0380244
478,1985,"Mauritania",.0292471
478,1990,"Mauritania",.031965
478,1995,"Mauritania",.0238831
478,2000,"Mauritania",.0223992
478,2005,"Mauritania",.0303841
478,2010,"Mauritania",.0246785
478,2015,"Mauritania",.0263107
480,1970,"Mauritius",.0346792
480,1975,"Mauritius",.0300503
480,1980,"Mauritius",.0454957
480,1985,"Mauritius",.0343023
480,1990,"Mauritius",.0334012
480,1995,"Mauritius",.0393976
480,2000,"Mauritius",.0318379
480,2005,"Mauritius",.0210685
480,2010,"Mauritius",.0315162
480,2015,"Mauritius",.0381144
484,1970,"Mexico",.02419
484,1975,"Mexico",.0227399
484,1980,"Mexico",.0327019
484,1985,"Mexico",.0228201
484,1990,"Mexico",.0225064
484,1995,"Mexico",.0353107
484,2000,"Mexico",.0449755
484,2005,"Mexico",.0484883
484,2010,"Mexico",.0414637
484,2015,"Mexico",.0507253
492,1970,"Monaco",.0388837
492,1975,"Monaco",.0463398
492,1980,"Monaco",.0449486
492,1985,"Monaco",.0091927
492,1990,"Monaco",.0009136
492,1995,"Monaco",.0115267
492,2000,"Monaco",.0124961
492,2005,"Monaco",.0135459
492,2010,"Monaco",.0116853
492,2015,"Monaco",.0141611
496,1970,"Mongolia",.0210977
496,1975,"Mongolia",.01986
496,1980,"Mongolia",.025597
496,1985,"Mongolia",.0243714
496,1990,"Mongolia",.0197348
496,1995,"Mongolia",.0486255
496,2000,"Mongolia",.0569563
496,2005,"Mongolia",.0491749
496,2010,"Mongolia",.0398487
496,2015,"Mongolia",.0448113
498,1970,"Republic of Moldova",.0457293
498,1975,"Republic of Moldova",.0405121
498,1980,"Republic of Moldova",.0352948
498,1985,"Republic of Moldova",.041255
498,1990,"Republic of Moldova",.0472152
498,1995,"Republic of Moldova",.072796
498,2000,"Republic of Moldova",.0442895
498,2005,"Republic of Moldova",.0814044
498,2010,"Republic of Moldova",.0528626
498,2015,"Republic of Moldova",.0557932
500,1970,"Montserrat",.0064943
500,1975,"Montserrat",.0529002
500,1980,"Montserrat",.0377674
500,1985,"Montserrat",.0338099
500,1990,"Montserrat",.0410541
500,1995,"Montserrat",.0511306
500,2000,"Montserrat",.0413586
500,2005,"Montserrat",.0511955
500,2010,"Montserrat",.0495082
500,2015,"Montserrat",.0832227
504,1970,"Morocco",.0447359
504,1975,"Morocco",.0596828
504,1980,"Morocco",.0565632
504,1985,"Morocco",.0497175
504,1990,"Morocco",.0454621
504,1995,"Morocco",.0499684
504,2000,"Morocco",.0400722
504,2005,"Morocco",.053014
504,2010,"Morocco",.0356564
504,2015,"Morocco",.0396937
508,1970,"Mozambique",.0346792
508,1975,"Mozambique",.0333002
508,1980,"Mozambique",.0430246
508,1985,"Mozambique",.0444873
508,1990,"Mozambique",.0588952
508,1995,"Mozambique",.0259151
508,2000,"Mozambique",.0371592
508,2005,"Mozambique",.043522
508,2010,"Mozambique",.062778
508,2015,"Mozambique",.0592523
512,1970,"Oman",.0299166
512,1975,"Oman",.0352167
512,1980,"Oman",.0421083
512,1985,"Oman",.034543
512,1990,"Oman",.0318043
512,1995,"Oman",.0301035
512,2000,"Oman",.0389419
512,2005,"Oman",.0385477
512,2010,"Oman",.0497011
512,2015,"Oman",.0338053
516,1970,"Namibia",.0418744
516,1975,"Namibia",.0495445
516,1980,"Namibia",.061365
516,1985,"Namibia",.054081
516,1990,"Namibia",.0626065
516,1995,"Namibia",.0721755
516,2000,"Namibia",.0525091
516,2005,"Namibia",.0632022
516,2010,"Namibia",.0572638
516,2015,"Namibia",.0650474
524,1970,"Nepal",.0152207
524,1975,"Nepal",.0232982
524,1980,"Nepal",.0203436
524,1985,"Nepal",.0245464
524,1990,"Nepal",.0244999
524,1995,"Nepal",.028931
524,2000,"Nepal",.0322453
524,2005,"Nepal",.0379123
524,2010,"Nepal",.0374064
524,2015,"Nepal",.0470665
528,1970,"Netherlands",.0507026
528,1975,"Netherlands",.0622824
528,1980,"Netherlands",.0452491
528,1985,"Netherlands",.0560095
528,1990,"Netherlands",.0495257
528,1995,"Netherlands",.0341468
528,2000,"Netherlands",.0397375
528,2005,"Netherlands",.0418048
528,2010,"Netherlands",.0448696
528,2015,"Netherlands",.0294806
531,1970,"Curaçao",.0431306
531,1975,"Curaçao",.0529002
531,1980,"Curaçao",.0377674
531,1985,"Curaçao",.0338099
531,1990,"Curaçao",.0410541
531,1995,"Curaçao",.0457973
531,2000,"Curaçao",.0469667
531,2005,"Curaçao",.0510509
531,2010,"Curaçao",.0493095
531,2015,"Curaçao",.0355037
533,1970,"Aruba",.0431306
533,1975,"Aruba",.0529002
533,1980,"Aruba",.0377674
533,1985,"Aruba",.0338099
533,1990,"Aruba",.0410541
533,1995,"Aruba",.0457973
533,2000,"Aruba",.0469667
533,2005,"Aruba",.0510509
533,2010,"Aruba",.0651369
533,2015,"Aruba",.0355037
548,1970,"Vanuatu",.0262375
548,1975,"Vanuatu",.0629366
548,1980,"Vanuatu",.061534
548,1985,"Vanuatu",.0048311
548,1990,"Vanuatu",.0438802
548,1995,"Vanuatu",.0690183
548,2000,"Vanuatu",.0813207
548,2005,"Vanuatu",.0539799
548,2010,"Vanuatu",.0491083
548,2015,"Vanuatu",.0512262
554,1970,"New Zealand",.0261395
554,1975,"New Zealand",.0481503
554,1980,"New Zealand",.0329304
554,1985,"New Zealand",.0338929
554,1990,"New Zealand",.0592605
554,1995,"New Zealand",.0622982
554,2000,"New Zealand",.0647926
554,2005,"New Zealand",.0598703
554,2010,"New Zealand",.0568567
554,2015,"New Zealand",.0639146
558,1970,"Nicaragua",.0226531
558,1975,"Nicaragua",.0282278
558,1980,"Nicaragua",.0255099
558,1985,"Nicaragua",.0535175
558,1990,"Nicaragua",.0298497
558,1995,"Nicaragua",.0257475
558,2000,"Nicaragua",.0170439
558,2005,"Nicaragua",.0406205
558,2010,"Nicaragua",.0428376
558,2015,"Nicaragua",.0416637
562,1970,"Niger",.0105227
562,1975,"Niger",.0446975
562,1980,"Niger",.0380244
562,1985,"Niger",.0292471
562,1990,"Niger",.0250531
562,1995,"Niger",.0289192
562,2000,"Niger",.028805
562,2005,"Niger",.0389515
562,2010,"Niger",.0478286
562,2015,"Niger",.0353394
566,1970,"Nigeria",.0321017
566,1975,"Nigeria",.0306369
566,1980,"Nigeria",.0380244
566,1985,"Nigeria",.0292471
566,1990,"Nigeria",.031965
566,1995,"Nigeria",.0331911
566,2000,"Nigeria",.0336677
566,2005,"Nigeria",.0320719
566,2010,"Nigeria",.0329919
566,2015,"Nigeria",.0390206
578,1970,"Norway",.0582315
578,1975,"Norway",.0464594
578,1980,"Norway",.0459933
578,1985,"Norway",.0574988
578,1990,"Norway",.0696536
578,1995,"Norway",.0729292
578,2000,"Norway",.0575598
578,2005,"Norway",.0663258
578,2010,"Norway",.0714153
578,2015,"Norway",.0417504
583,1970,"Micronesia (Federated States of)",.0406489
583,1975,"Micronesia (Federated States of)",.1010403
583,1980,"Micronesia (Federated States of)",.1034651
583,1985,"Micronesia (Federated States of)",.0689637
583,1990,"Micronesia (Federated States of)",.0755418
583,1995,"Micronesia (Federated States of)",.0640977
583,2000,"Micronesia (Federated States of)",.0670818
583,2005,"Micronesia (Federated States of)",.0988675
583,2010,"Micronesia (Federated States of)",.0320098
583,2015,"Micronesia (Federated States of)",.0124595
584,1970,"Marshall Islands",.0406489
584,1975,"Marshall Islands",.1010403
584,1980,"Marshall Islands",.1034651
584,1985,"Marshall Islands",.0689637
584,1990,"Marshall Islands",.0755418
584,1995,"Marshall Islands",.1453904
584,2000,"Marshall Islands",.1045493
584,2005,"Marshall Islands",.0988675
584,2010,"Marshall Islands",.0320098
584,2015,"Marshall Islands",.0124595
585,1970,"Palau",.0406489
585,1975,"Palau",.1010403
585,1980,"Palau",.1034651
585,1985,"Palau",.0689637
585,1990,"Palau",.0755418
585,1995,"Palau",.1060661
585,2000,"Palau",.0782099
585,2005,"Palau",.0988675
585,2010,"Palau",.0320098
585,2015,"Palau",.0124595
586,1970,"Pakistan",.0174547
586,1975,"Pakistan",.0214969
586,1980,"Pakistan",.0203553
586,1985,"Pakistan",.0261371
586,1990,"Pakistan",.0155285
586,1995,"Pakistan",.0213527
586,2000,"Pakistan",.0189312
586,2005,"Pakistan",.025706
586,2010,"Pakistan",.0232085
586,2015,"Pakistan",.0285082
591,1970,"Panama",.0304955
591,1975,"Panama",.0399935
591,1980,"Panama",.028634
591,1985,"Panama",.0357911
591,1990,"Panama",.0347054
591,1995,"Panama",.0411412
591,2000,"Panama",.0341055
591,2005,"Panama",.0350229
591,2010,"Panama",.0315901
591,2015,"Panama",.0480376
598,1970,"Papua New Guinea",.0524716
598,1975,"Papua New Guinea",.0738971
598,1980,"Papua New Guinea",.061534
598,1985,"Papua New Guinea",.0048311
598,1990,"Papua New Guinea",.0357092
598,1995,"Papua New Guinea",.0482787
598,2000,"Papua New Guinea",.0705142
598,2005,"Papua New Guinea",.0656065
598,2010,"Papua New Guinea",.0626648
598,2015,"Papua New Guinea",.0109929
600,1970,"Paraguay",.0218532
600,1975,"Paraguay",.0310059
600,1980,"Paraguay",.0328683
600,1985,"Paraguay",.0139585
600,1990,"Paraguay",.0104071
600,1995,"Paraguay",.0421461
600,2000,"Paraguay",.0302825
600,2005,"Paraguay",.0273951
600,2010,"Paraguay",.0337925
600,2015,"Paraguay",.0343834
604,1970,"Peru",.0339172
604,1975,"Peru",.0310059
604,1980,"Peru",.0328683
604,1985,"Peru",.0295302
604,1990,"Peru",.0243788
604,1995,"Peru",.023438
604,2000,"Peru",.0246747
604,2005,"Peru",.0235249
604,2010,"Peru",.0209311
604,2015,"Peru",.0296666
608,1970,"Philippines",.0333736
608,1975,"Philippines",.026257
608,1980,"Philippines",.0182624
608,1985,"Philippines",.0172621
608,1990,"Philippines",.0286555
608,1995,"Philippines",.0343419
608,2000,"Philippines",.0243276
608,2005,"Philippines",.0258027
608,2010,"Philippines",.0273851
608,2015,"Philippines",.0293578
616,1970,"Poland",.0457293
616,1975,"Poland",.0405121
616,1980,"Poland",.0352948
616,1985,"Poland",.0380843
616,1990,"Poland",.0408738
616,1995,"Poland",.0396531
616,2000,"Poland",.04383
616,2005,"Poland",.042079
616,2010,"Poland",.0490993
616,2015,"Poland",.0472581
620,1970,"Portugal",.0178446
620,1975,"Portugal",.0293496
620,1980,"Portugal",.0319121
620,1985,"Portugal",.0264069
620,1990,"Portugal",.0429773
620,1995,"Portugal",.0490778
620,2000,"Portugal",.0430704
620,2005,"Portugal",.0503299
620,2010,"Portugal",.0428399
620,2015,"Portugal",.0488294
624,1970,"Guinea-Bissau",.0276738
624,1975,"Guinea-Bissau",.0446975
624,1980,"Guinea-Bissau",.0380244
624,1985,"Guinea-Bissau",.0292471
624,1990,"Guinea-Bissau",.031965
624,1995,"Guinea-Bissau",.0524617
624,2000,"Guinea-Bissau",.0336677
624,2005,"Guinea-Bissau",.0320719
624,2010,"Guinea-Bissau",.0196306
624,2015,"Guinea-Bissau",.0390206
626,1970,"Timor-Leste",.0333736
626,1975,"Timor-Leste",.026257
626,1980,"Timor-Leste",.0290996
626,1985,"Timor-Leste",.0310213
626,1990,"Timor-Leste",.0286555
626,1995,"Timor-Leste",.0259152
626,2000,"Timor-Leste",.0321533
626,2005,"Timor-Leste",.0210588
626,2010,"Timor-Leste",.0193297
626,2015,"Timor-Leste",.0339607
630,1970,"Puerto Rico",.0541843
630,1975,"Puerto Rico",.0660971
630,1980,"Puerto Rico",.0377674
630,1985,"Puerto Rico",.0338099
630,1990,"Puerto Rico",.0410541
630,1995,"Puerto Rico",.0411683
630,2000,"Puerto Rico",.0441158
630,2005,"Puerto Rico",.0417621
630,2010,"Puerto Rico",.0627687
630,2015,"Puerto Rico",.0426422
634,1970,"Qatar",.0285318
634,1975,"Qatar",.0216467
634,1980,"Qatar",.0421083
634,1985,"Qatar",.0390924
634,1990,"Qatar",.0547136
634,1995,"Qatar",.020061
634,2000,"Qatar",.0352185
634,2005,"Qatar",.0387086
634,2010,"Qatar",.0394771
634,2015,"Qatar",.0286383
642,1970,"Romania",.0457293
642,1975,"Romania",.0405121
642,1980,"Romania",.0352948
642,1985,"Romania",.041255
642,1990,"Romania",.0472152
642,1995,"Romania",.0324122
642,2000,"Romania",.0329915
642,2005,"Romania",.0327366
642,2010,"Romania",.0249416
642,2015,"Romania",.0304043
646,1970,"Rwanda",.0346792
646,1975,"Rwanda",.0227465
646,1980,"Rwanda",.0352965
646,1985,"Rwanda",.0352925
646,1990,"Rwanda",.0588952
646,1995,"Rwanda",.0438327
646,2000,"Rwanda",.0467063
646,2005,"Rwanda",.0399135
646,2010,"Rwanda",.046851
646,2015,"Rwanda",.0268129
659,1970,"Saint Kitts and Nevis",.0431306
659,1975,"Saint Kitts and Nevis",.0529002
659,1980,"Saint Kitts and Nevis",.0377674
659,1985,"Saint Kitts and Nevis",.0293469
659,1990,"Saint Kitts and Nevis",.0215118
659,1995,"Saint Kitts and Nevis",.0330655
659,2000,"Saint Kitts and Nevis",.04027
659,2005,"Saint Kitts and Nevis",.0266982
659,2010,"Saint Kitts and Nevis",.0495082
659,2015,"Saint Kitts and Nevis",.0260631
660,1970,"Anguilla",.0431306
660,1975,"Anguilla",.0529002
660,1980,"Anguilla",.0377674
660,1985,"Anguilla",.0338099
660,1990,"Anguilla",.0410541
660,1995,"Anguilla",.0356875
660,2000,"Anguilla",.0494611
660,2005,"Anguilla",.0289855
660,2010,"Anguilla",.0495082
660,2015,"Anguilla",.0426422
662,1970,"Saint Lucia",.0431306
662,1975,"Saint Lucia",.0529002
662,1980,"Saint Lucia",.0525732
662,1985,"Saint Lucia",.0464409
662,1990,"Saint Lucia",.0730266
662,1995,"Saint Lucia",.0613672
662,2000,"Saint Lucia",.0342058
662,2005,"Saint Lucia",.0452456
662,2010,"Saint Lucia",.0397492
662,2015,"Saint Lucia",.0460653
670,1970,"Saint Vincent and the Grenadines",.0431306
670,1975,"Saint Vincent and the Grenadines",.0529002
670,1980,"Saint Vincent and the Grenadines",.0377674
670,1985,"Saint Vincent and the Grenadines",.044489
670,1990,"Saint Vincent and the Grenadines",.0487377
670,1995,"Saint Vincent and the Grenadines",.0489302
670,2000,"Saint Vincent and the Grenadines",.0811788
670,2005,"Saint Vincent and the Grenadines",.0590387
670,2010,"Saint Vincent and the Grenadines",.0508523
670,2015,"Saint Vincent and the Grenadines",.0574154
674,1970,"San Marino",.0213403
674,1975,"San Marino",.0250327
674,1980,"San Marino",.0305119
674,1985,"San Marino",.0269645
674,1990,"San Marino",.0356975
674,1995,"San Marino",.0415202
674,2000,"San Marino",.0362506
674,2005,"San Marino",.0414659
674,2010,"San Marino",.0130695
674,2015,"San Marino",.0314704
678,1970,"Sao Tome and Principe",.0350471
678,1975,"Sao Tome and Principe",.0545101
678,1980,"Sao Tome and Principe",.0384105
678,1985,"Sao Tome and Principe",.0259618
678,1990,"Sao Tome and Principe",.0290529
678,1995,"Sao Tome and Principe",.0276138
678,2000,"Sao Tome and Principe",.0306741
678,2005,"Sao Tome and Principe",.0440735
678,2010,"Sao Tome and Principe",.0641987
678,2015,"Sao Tome and Principe",.0394819
682,1970,"Saudi Arabia",.0299166
682,1975,"Saudi Arabia",.0352167
682,1980,"Saudi Arabia",.0503009
682,1985,"Saudi Arabia",.0625535
682,1990,"Saudi Arabia",.058168
682,1995,"Saudi Arabia",.0607338
682,2000,"Saudi Arabia",.0692963
682,2005,"Saudi Arabia",.0548663
682,2010,"Saudi Arabia",.0348051
682,2015,"Saudi Arabia",.0338053
686,1970,"Senegal",.0276738
686,1975,"Senegal",.0446975
686,1980,"Senegal",.0380244
686,1985,"Senegal",.0292471
686,1990,"Senegal",.031965
686,1995,"Senegal",.0250864
686,2000,"Senegal",.0271858
686,2005,"Senegal",.0417108
686,2010,"Senegal",.0421642
686,2015,"Senegal",.0495409
690,1970,"Seychelles",.0419629
690,1975,"Seychelles",.0454549
690,1980,"Seychelles",.1202893
690,1985,"Seychelles",.0693145
690,1990,"Seychelles",.0902171
690,1995,"Seychelles",.053819
690,2000,"Seychelles",.0528413
690,2005,"Seychelles",.0477012
690,2010,"Seychelles",.0347805
690,2015,"Seychelles",.0441832
694,1970,"Sierra Leone",.0276738
694,1975,"Sierra Leone",.0446975
694,1980,"Sierra Leone",.0380244
694,1985,"Sierra Leone",.0292471
694,1990,"Sierra Leone",.031965
694,1995,"Sierra Leone",.0331911
694,2000,"Sierra Leone",.0365902
694,2005,"Sierra Leone",.026367
694,2010,"Sierra Leone",.0215406
694,2015,"Sierra Leone",.0494482
702,1970,"Singapore",.0271384
702,1975,"Singapore",.0152982
702,1980,"Singapore",.030897
702,1985,"Singapore",.0365207
702,1990,"Singapore",.0286555
702,1995,"Singapore",.0259152
702,2000,"Singapore",.0307757
702,2005,"Singapore",.0245768
702,2010,"Singapore",.030091
702,2015,"Singapore",.0293578
703,1970,"Slovakia",.0457293
703,1975,"Slovakia",.0405121
703,1980,"Slovakia",.0352948
703,1985,"Slovakia",.0402729
703,1990,"Slovakia",.045251
703,1995,"Slovakia",.041742
703,2000,"Slovakia",.0407808
703,2005,"Slovakia",.0370915
703,2010,"Slovakia",.0406095
703,2015,"Slovakia",.0426912
704,1970,"Viet Nam",.0333736
704,1975,"Viet Nam",.026257
704,1980,"Viet Nam",.0290996
704,1985,"Viet Nam",.0310213
704,1990,"Viet Nam",.0286555
704,1995,"Viet Nam",.0259152
704,2000,"Viet Nam",.0321533
704,2005,"Viet Nam",.0268419
704,2010,"Viet Nam",.0388519
704,2015,"Viet Nam",.0425879
705,1970,"Slovenia",.0213403
705,1975,"Slovenia",.0250327
705,1980,"Slovenia",.0305119
705,1985,"Slovenia",.0269645
705,1990,"Slovenia",.0404316
705,1995,"Slovenia",.0492384
705,2000,"Slovenia",.0568467
705,2005,"Slovenia",.0538755
705,2010,"Slovenia",.0550197
705,2015,"Slovenia",.0485554
706,1970,"Somalia",.0123099
706,1975,"Somalia",.0333002
706,1980,"Somalia",.0430246
706,1985,"Somalia",.0444873
706,1990,"Somalia",.0588952
706,1995,"Somalia",.0370119
706,2000,"Somalia",.0365033
706,2005,"Somalia",.0392681
706,2010,"Somalia",.0408036
706,2015,"Somalia",.0418397
710,1970,"South Africa",.0418744
710,1975,"South Africa",.0495445
710,1980,"South Africa",.061365
710,1985,"South Africa",.0510249
710,1990,"South Africa",.0563881
710,1995,"South Africa",.0572549
710,2000,"South Africa",.0512061
710,2005,"South Africa",.0317008
710,2010,"South Africa",.0602326
710,2015,"South Africa",.0604277
716,1970,"Zimbabwe",.0346792
716,1975,"Zimbabwe",.0231784
716,1980,"Zimbabwe",.0265509
716,1985,"Zimbabwe",.1092139
716,1990,"Zimbabwe",.2637015
716,1995,"Zimbabwe",.0370119
716,2000,"Zimbabwe",.0365033
716,2005,"Zimbabwe",.0392681
716,2010,"Zimbabwe",.0493715
716,2015,"Zimbabwe",.0511317
724,1970,"Spain",.0136165
724,1975,"Spain",.0163887
724,1980,"Spain",.0305119
724,1985,"Spain",.0240416
724,1990,"Spain",.039994
724,1995,"Spain",.0437218
724,2000,"Spain",.0414955
724,2005,"Spain",.0437992
724,2010,"Spain",.0377473
724,2015,"Spain",.0424075
728,1970,"South Sudan",.0393853
728,1975,"South Sudan",.0599398
728,1980,"South Sudan",.0522127
728,1985,"South Sudan",.0508133
728,1990,"South Sudan",.0450366
728,1995,"South Sudan",.0400918
728,2000,"South Sudan",.0400722
728,2005,"South Sudan",.0442333
728,2010,"South Sudan",.0087869
728,2015,"South Sudan",.0133952
736,1970,"Sudan",.0393853
736,1975,"Sudan",.0599398
736,1980,"Sudan",.0522127
736,1985,"Sudan",.0508133
736,1990,"Sudan",.0450366
736,1995,"Sudan",.0400918
736,2000,"Sudan",.008672
736,2005,"Sudan",.0198655
736,2010,"Sudan",.0356564
736,2015,"Sudan",.0396937
748,1970,"Eswatini",.0418744
748,1975,"Eswatini",.0406739
748,1980,"Eswatini",.046224
748,1985,"Eswatini",.0391769
748,1990,"Eswatini",.0531243
748,1995,"Eswatini",.0522742
748,2000,"Eswatini",.0520119
748,2005,"Eswatini",.0653221
748,2010,"Eswatini",.0670346
748,2015,"Eswatini",.0650474
752,1970,"Sweden",.0496441
752,1975,"Sweden",.0645629
752,1980,"Sweden",.067468
752,1985,"Sweden",.0507522
752,1990,"Sweden",.054259
752,1995,"Sweden",.0680286
752,2000,"Sweden",.0434928
752,2005,"Sweden",.0394884
752,2010,"Sweden",.0605873
752,2015,"Sweden",.0421238
756,1970,"Switzerland",.0388837
756,1975,"Switzerland",.0463398
756,1980,"Switzerland",.0282184
756,1985,"Switzerland",.0344715
756,1990,"Switzerland",.0370029
756,1995,"Switzerland",.0497715
756,2000,"Switzerland",.0434435
756,2005,"Switzerland",.0401571
756,2010,"Switzerland",.050042
756,2015,"Switzerland",.0510694
760,1970,"Syrian Arab Republic",.0360996
760,1975,"Syrian Arab Republic",.0413064
760,1980,"Syrian Arab Republic",.0549774
760,1985,"Syrian Arab Republic",.0478097
760,1990,"Syrian Arab Republic",.0547136
760,1995,"Syrian Arab Republic",.0369905
760,2000,"Syrian Arab Republic",.0541865
760,2005,"Syrian Arab Republic",.0496744
760,2010,"Syrian Arab Republic",.0348051
760,2015,"Syrian Arab Republic",.0338053
762,1970,"Tajikistan",.0457293
762,1975,"Tajikistan",.0405121
762,1980,"Tajikistan",.0352948
762,1985,"Tajikistan",.041255
762,1990,"Tajikistan",.0818559
762,1995,"Tajikistan",.0171376
762,2000,"Tajikistan",.0253478
762,2005,"Tajikistan",.0296478
762,2010,"Tajikistan",.0398663
762,2015,"Tajikistan",.0523139
764,1970,"Thailand",.0269912
764,1975,"Thailand",.028645
764,1980,"Thailand",.0312653
764,1985,"Thailand",.0294491
764,1990,"Thailand",.0225317
764,1995,"Thailand",.0247951
764,2000,"Thailand",.0433855
764,2005,"Thailand",.0316098
764,2010,"Thailand",.0424368
764,2015,"Thailand",.0293578
768,1970,"Togo",.0021138
768,1975,"Togo",.0667914
768,1980,"Togo",.0563783
768,1985,"Togo",.0471763
768,1990,"Togo",.0567514
768,1995,"Togo",.0419413
768,2000,"Togo",.0281646
768,2005,"Togo",.0286037
768,2010,"Togo",.028415
768,2015,"Togo",.0400167
776,1970,"Tonga",.0986156
776,1975,"Tonga",.1010403
776,1980,"Tonga",.1034651
776,1985,"Tonga",.0689637
776,1990,"Tonga",.0675341
776,1995,"Tonga",.055259
776,2000,"Tonga",.0426676
776,2005,"Tonga",.0988675
776,2010,"Tonga",.0320098
776,2015,"Tonga",.0418166
780,1970,"Trinidad and Tobago",.0431306
780,1975,"Trinidad and Tobago",.0529002
780,1980,"Trinidad and Tobago",.026911
780,1985,"Trinidad and Tobago",.0498381
780,1990,"Trinidad and Tobago",.0354297
780,1995,"Trinidad and Tobago",.0306551
780,2000,"Trinidad and Tobago",.024194
780,2005,"Trinidad and Tobago",.0417621
780,2010,"Trinidad and Tobago",.0495082
780,2015,"Trinidad and Tobago",.0426422
788,1970,"Tunisia",.0393853
788,1975,"Tunisia",.0599398
788,1980,"Tunisia",.0527713
788,1985,"Tunisia",.057096
788,1990,"Tunisia",.0594669
788,1995,"Tunisia",.064169
788,2000,"Tunisia",.0634627
788,2005,"Tunisia",.0643127
788,2010,"Tunisia",.0625259
788,2015,"Tunisia",.0659921
792,1970,"Turkey",.0299166
792,1975,"Turkey",.0231963
792,1980,"Turkey",.0106743
792,1985,"Turkey",.0162384
792,1990,"Turkey",.0339515
792,1995,"Turkey",.0171258
792,2000,"Turkey",.022222
792,2005,"Turkey",.0275063
792,2010,"Turkey",.0348051
792,2015,"Turkey",.0338053
795,1970,"Turkmenistan",.0457293
795,1975,"Turkmenistan",.0405121
795,1980,"Turkmenistan",.0352948
795,1985,"Turkmenistan",.041255
795,1990,"Turkmenistan",.0688689
795,1995,"Turkmenistan",.0359526
795,2000,"Turkmenistan",.0288482
795,2005,"Turkmenistan",.0338867
795,2010,"Turkmenistan",.0304925
795,2015,"Turkmenistan",.0461888
796,1970,"Turks and Caicos Islands",.0431306
796,1975,"Turks and Caicos Islands",.0529002
796,1980,"Turks and Caicos Islands",.0377674
796,1985,"Turks and Caicos Islands",.0338099
796,1990,"Turks and Caicos Islands",.0410541
796,1995,"Turks and Caicos Islands",.0411683
796,2000,"Turks and Caicos Islands",.0483994
796,2005,"Turks and Caicos Islands",.0002541
796,2010,"Turks and Caicos Islands",.0495082
796,2015,"Turks and Caicos Islands",.030359
798,1970,"Tuvalu",.0986156
798,1975,"Tuvalu",.1010403
798,1980,"Tuvalu",.1034651
798,1985,"Tuvalu",.0689637
798,1990,"Tuvalu",.0755418
798,1995,"Tuvalu",.0373083
798,2000,"Tuvalu",.0274134
798,2005,"Tuvalu",.0988675
798,2010,"Tuvalu",.0320098
798,2015,"Tuvalu",.0418166
800,1970,"Uganda",.0330073
800,1975,"Uganda",.0294881
800,1980,"Uganda",.0221099
800,1985,"Uganda",.0426781
800,1990,"Uganda",.0588952
800,1995,"Uganda",.0370119
800,2000,"Uganda",.0370702
800,2005,"Uganda",.0392681
800,2010,"Uganda",.0247385
800,2015,"Uganda",.0264512
804,1970,"Ukraine",.0457293
804,1975,"Ukraine",.0405121
804,1980,"Ukraine",.0352948
804,1985,"Ukraine",.041255
804,1990,"Ukraine",.0472152
804,1995,"Ukraine",.0450764
804,2000,"Ukraine",.0504226
804,2005,"Ukraine",.0531947
804,2010,"Ukraine",.0635033
804,2015,"Ukraine",.0521102
807,1970,"North Macedonia",.0213403
807,1975,"North Macedonia",.0250327
807,1980,"North Macedonia",.0305119
807,1985,"North Macedonia",.0269645
807,1990,"North Macedonia",.046301
807,1995,"North Macedonia",.0428717
807,2000,"North Macedonia",.0330015
807,2005,"North Macedonia",.0414659
807,2010,"North Macedonia",.0352827
807,2015,"North Macedonia",.0398568
810,1970,"Russian Federation",.0457293
810,1975,"Russian Federation",.0405121
810,1980,"Russian Federation",.0352948
810,1985,"Russian Federation",.041255
810,1990,"Russian Federation",.0472152
810,1995,"Russian Federation",.042547
810,2000,"Russian Federation",.0342145
810,2005,"Russian Federation",.0391331
810,2010,"Russian Federation",.0385279
810,2015,"Russian Federation",.0378838
818,1970,"Egypt",.0340346
818,1975,"Egypt",.0483164
818,1980,"Egypt",.0335421
818,1985,"Egypt",.0456264
818,1990,"Egypt",.0301807
818,1995,"Egypt",.0235881
818,2000,"Egypt",.0480817
818,2005,"Egypt",.0406041
818,2010,"Egypt",.0356564
818,2015,"Egypt",.0396937
826,1970,"United Kingdom of Great Britain and Northern Ireland",.0392349
826,1975,"United Kingdom of Great Britain and Northern Ireland",.0625212
826,1980,"United Kingdom of Great Britain and Northern Ireland",.0325652
826,1985,"United Kingdom of Great Britain and Northern Ireland",.0434803
826,1990,"United Kingdom of Great Britain and Northern Ireland",.0434083
826,1995,"United Kingdom of Great Britain and Northern Ireland",.0437237
826,2000,"United Kingdom of Great Britain and Northern Ireland",.0449686
826,2005,"United Kingdom of Great Britain and Northern Ireland",.0499013
826,2010,"United Kingdom of Great Britain and Northern Ireland",.0438987
826,2015,"United Kingdom of Great Britain and Northern Ireland",.0554818
834,1970,"United Republic of Tanzania",.0346792
834,1975,"United Republic of Tanzania",.0333002
834,1980,"United Republic of Tanzania",.0430246
834,1985,"United Republic of Tanzania",.0224927
834,1990,"United Republic of Tanzania",.0213807
834,1995,"United Republic of Tanzania",.0238911
834,2000,"United Republic of Tanzania",.0356123
834,2005,"United Republic of Tanzania",.0374725
834,2010,"United Republic of Tanzania",.0191952
834,2015,"United Republic of Tanzania",.0406348
840,1970,"United States of America",.0298398
840,1975,"United States of America",.0457578
840,1980,"United States of America",.0659178
840,1985,"United States of America",.0424401
840,1990,"United States of America",.0404161
840,1995,"United States of America",.0397396
840,2000,"United States of America",.0253299
840,2005,"United States of America",.0352539
840,2010,"United States of America",.049464
840,2015,"United States of America",.0083512
854,1970,"Burkina Faso",.0276738
854,1975,"Burkina Faso",.0167983
854,1980,"Burkina Faso",.0097533
854,1985,"Burkina Faso",.0159502
854,1990,"Burkina Faso",.0034511
854,1995,"Burkina Faso",.0144026
854,2000,"Burkina Faso",.0336677
854,2005,"Burkina Faso",.031702
854,2010,"Burkina Faso",.0432591
854,2015,"Burkina Faso",.055432
858,1970,"Uruguay",.0282177
858,1975,"Uruguay",.0198713
858,1980,"Uruguay",.0226645
858,1985,"Uruguay",.0283481
858,1990,"Uruguay",.0238744
858,1995,"Uruguay",.0178846
858,2000,"Uruguay",.020047
858,2005,"Uruguay",.0279751
858,2010,"Uruguay",.0435527
858,2015,"Uruguay",.0047997
860,1970,"Uzbekistan",.0457293
860,1975,"Uzbekistan",.0405121
860,1980,"Uzbekistan",.0352948
860,1985,"Uzbekistan",.041255
860,1990,"Uzbekistan",.0688689
860,1995,"Uzbekistan",.0359526
860,2000,"Uzbekistan",.0288482
860,2005,"Uzbekistan",.0338867
860,2010,"Uzbekistan",.066544
860,2015,"Uzbekistan",.0557848
862,1970,"Venezuela (Bolivarian Republic of)",.0366083
862,1975,"Venezuela (Bolivarian Republic of)",.024469
862,1980,"Venezuela (Bolivarian Republic of)",.0437195
862,1985,"Venezuela (Bolivarian Republic of)",.0390462
862,1990,"Venezuela (Bolivarian Republic of)",.0402538
862,1995,"Venezuela (Bolivarian Republic of)",.032923
862,2000,"Venezuela (Bolivarian Republic of)",.032466
862,2005,"Venezuela (Bolivarian Republic of)",.0472368
862,2010,"Venezuela (Bolivarian Republic of)",.040838
862,2015,"Venezuela (Bolivarian Republic of)",.0369702
882,1970,"Samoa",.0986156
882,1975,"Samoa",.1010403
882,1980,"Samoa",.1034651
882,1985,"Samoa",.0689637
882,1990,"Samoa",.0675341
882,1995,"Samoa",.0401625
882,2000,"Samoa",.037502
882,2005,"Samoa",.0514421
882,2010,"Samoa",.0320098
882,2015,"Samoa",.0408047
887,1970,"Yemen",.0299166
887,1975,"Yemen",.0352167
887,1980,"Yemen",.0421083
887,1985,"Yemen",.0390924
887,1990,"Yemen",.0547136
887,1995,"Yemen",.0378644
887,2000,"Yemen",.0944159
887,2005,"Yemen",.0515143
887,2010,"Yemen",.0348051
887,2015,"Yemen",.0338053
890,1970,"Serbia",.0213403
890,1975,"Serbia",.0250327
890,1980,"Serbia",.0305119
890,1985,"Serbia",.0269645
890,1990,"Serbia",.0356975
890,1995,"Serbia",.0415202
890,2000,"Serbia",.0362506
890,2005,"Serbia",.0291275
890,2010,"Serbia",.0416434
890,2015,"Serbia",.0371479
894,1970,"Zambia",.0535901
894,1975,"Zambia",.0537074
894,1980,"Zambia",.0473178
894,1985,"Zambia",.0338236
894,1990,"Zambia",.0167133
894,1995,"Zambia",.0191057
894,2000,"Zambia",.0212581
894,2005,"Zambia",.0135867
894,2010,"Zambia",.0408036
894,2015,"Zambia",.0419232
