"cc","year","age","iso","wic_mys"
"Afghanistan",1970,"20--64",4,0.56
"Afghanistan",1975,"20--64",4,0.74
"Afghanistan",1980,"20--64",4,0.96
"Afghanistan",1985,"20--64",4,1.2
"Afghanistan",1990,"20--64",4,1.39
"Afghanistan",1995,"20--64",4,1.55
"Afghanistan",2000,"20--64",4,1.72
"Afghanistan",2005,"20--64",4,2.03
"Afghanistan",2010,"20--64",4,2.51
"Afghanistan",2015,"20--64",4,3.17
"Albania",1970,"20--64",8,5.52
"Albania",1975,"20--64",8,6.63
"Albania",1980,"20--64",8,7.67
"Albania",1985,"20--64",8,8.52
"Albania",1990,"20--64",8,9.15
"Albania",1995,"20--64",8,9.53
"Albania",2000,"20--64",8,9.92
"Albania",2005,"20--64",8,10.19
"Albania",2010,"20--64",8,10.37
"Albania",2015,"20--64",8,10.57
"Algeria",1970,"20--64",12,1.86
"Algeria",1975,"20--64",12,2.73
"Algeria",1980,"20--64",12,3.7
"Algeria",1985,"20--64",12,4.79
"Algeria",1990,"20--64",12,5.87
"Algeria",1995,"20--64",12,6.89
"Algeria",2000,"20--64",12,7.65
"Algeria",2005,"20--64",12,8.44
"Algeria",2010,"20--64",12,9.13
"Algeria",2015,"20--64",12,9.7
"Angola",1970,"20--64",24,0.66
"Angola",1975,"20--64",24,0.82
"Angola",1980,"20--64",24,1.05
"Angola",1985,"20--64",24,1.32
"Angola",1990,"20--64",24,1.63
"Angola",1995,"20--64",24,1.89
"Angola",2000,"20--64",24,2.09
"Angola",2005,"20--64",24,2.25
"Angola",2010,"20--64",24,2.47
"Angola",2015,"20--64",24,2.91
"Antigua and Barbuda",2015,"20--64",28,10.8
"Argentina",1970,"20--64",32,6.75
"Argentina",1975,"20--64",32,7.16
"Argentina",1980,"20--64",32,7.59
"Argentina",1985,"20--64",32,8.02
"Argentina",1990,"20--64",32,8.46
"Argentina",1995,"20--64",32,8.9
"Argentina",2000,"20--64",32,9.31
"Argentina",2005,"20--64",32,9.68
"Argentina",2010,"20--64",32,9.98
"Argentina",2015,"20--64",32,10.31
"Armenia",1970,"20--64",51,7.7
"Armenia",1975,"20--64",51,8.68
"Armenia",1980,"20--64",51,9.47
"Armenia",1985,"20--64",51,9.97
"Armenia",1990,"20--64",51,10.37
"Armenia",1995,"20--64",51,10.69
"Armenia",2000,"20--64",51,10.85
"Armenia",2005,"20--64",51,10.95
"Armenia",2010,"20--64",51,11
"Armenia",2015,"20--64",51,11.03
"Aruba",1970,"20--64",533,4.97
"Aruba",1975,"20--64",533,5.66
"Aruba",1980,"20--64",533,6.28
"Aruba",1985,"20--64",533,6.94
"Aruba",1990,"20--64",533,7.45
"Aruba",1995,"20--64",533,8.01
"Aruba",2000,"20--64",533,8.47
"Aruba",2005,"20--64",533,8.86
"Aruba",2010,"20--64",533,9.17
"Aruba",2015,"20--64",533,9.46
"Australia",1970,"20--64",36,10.03
"Australia",1975,"20--64",36,10.53
"Australia",1980,"20--64",36,11.03
"Australia",1985,"20--64",36,11.47
"Australia",1990,"20--64",36,11.87
"Australia",1995,"20--64",36,12.21
"Australia",2000,"20--64",36,12.59
"Australia",2005,"20--64",36,12.93
"Australia",2010,"20--64",36,13.24
"Australia",2015,"20--64",36,13.68
"Austria",1970,"20--64",40,8.63
"Austria",1975,"20--64",40,9.09
"Austria",1980,"20--64",40,9.58
"Austria",1985,"20--64",40,10.02
"Austria",1990,"20--64",40,10.48
"Austria",1995,"20--64",40,10.9
"Austria",2000,"20--64",40,11.2
"Austria",2005,"20--64",40,11.5
"Austria",2010,"20--64",40,11.76
"Austria",2015,"20--64",40,12.16
"Azerbaijan",1970,"20--64",31,6.95
"Azerbaijan",1975,"20--64",31,7.81
"Azerbaijan",1980,"20--64",31,8.58
"Azerbaijan",1985,"20--64",31,9.14
"Azerbaijan",1990,"20--64",31,9.6
"Azerbaijan",1995,"20--64",31,9.99
"Azerbaijan",2000,"20--64",31,10.37
"Azerbaijan",2005,"20--64",31,10.7
"Azerbaijan",2010,"20--64",31,10.87
"Azerbaijan",2015,"20--64",31,11
"Bahamas",1970,"20--64",44,8.5
"Bahamas",1975,"20--64",44,9.23
"Bahamas",1980,"20--64",44,10.09
"Bahamas",1985,"20--64",44,10.9
"Bahamas",1990,"20--64",44,11.51
"Bahamas",1995,"20--64",44,11.98
"Bahamas",2000,"20--64",44,12.35
"Bahamas",2005,"20--64",44,12.64
"Bahamas",2010,"20--64",44,12.91
"Bahamas",2015,"20--64",44,12.94
"Bahrain",1970,"20--64",48,2.58
"Bahrain",1975,"20--64",48,3.43
"Bahrain",1980,"20--64",48,4.37
"Bahrain",1985,"20--64",48,5
"Bahrain",1990,"20--64",48,5.92
"Bahrain",1995,"20--64",48,6.78
"Bahrain",2000,"20--64",48,7.56
"Bahrain",2005,"20--64",48,8.29
"Bahrain",2010,"20--64",48,8.9
"Bahrain",2015,"20--64",48,9.39
"Bangladesh",1970,"20--64",50,2.06
"Bangladesh",1975,"20--64",50,2.25
"Bangladesh",1980,"20--64",50,2.5
"Bangladesh",1985,"20--64",50,2.84
"Bangladesh",1990,"20--64",50,3.16
"Bangladesh",1995,"20--64",50,3.54
"Bangladesh",2000,"20--64",50,4.01
"Bangladesh",2005,"20--64",50,4.57
"Bangladesh",2010,"20--64",50,5.1
"Bangladesh",2015,"20--64",50,5.66
"Barbados",2015,"20--64",52,10.24
"Belarus",1970,"20--64",112,7.62
"Belarus",1975,"20--64",112,8.3
"Belarus",1980,"20--64",112,8.94
"Belarus",1985,"20--64",112,9.37
"Belarus",1990,"20--64",112,9.79
"Belarus",1995,"20--64",112,10.34
"Belarus",2000,"20--64",112,10.83
"Belarus",2005,"20--64",112,11.2
"Belarus",2010,"20--64",112,11.44
"Belarus",2015,"20--64",112,11.56
"Belgium",1970,"20--64",56,8.3
"Belgium",1975,"20--64",56,8.73
"Belgium",1980,"20--64",56,9.19
"Belgium",1985,"20--64",56,9.61
"Belgium",1990,"20--64",56,10.08
"Belgium",1995,"20--64",56,10.51
"Belgium",2000,"20--64",56,10.91
"Belgium",2005,"20--64",56,11.23
"Belgium",2010,"20--64",56,11.49
"Belgium",2015,"20--64",56,11.95
"Belize",1970,"20--64",84,4.98
"Belize",1975,"20--64",84,5.42
"Belize",1980,"20--64",84,5.84
"Belize",1985,"20--64",84,6.3
"Belize",1990,"20--64",84,6.72
"Belize",1995,"20--64",84,7.1
"Belize",2000,"20--64",84,7.54
"Belize",2005,"20--64",84,7.95
"Belize",2010,"20--64",84,8.29
"Belize",2015,"20--64",84,8.73
"Benin",1970,"20--64",204,0.85
"Benin",1975,"20--64",204,1.1
"Benin",1980,"20--64",204,1.4
"Benin",1985,"20--64",204,1.77
"Benin",1990,"20--64",204,2.08
"Benin",1995,"20--64",204,2.32
"Benin",2000,"20--64",204,2.58
"Benin",2005,"20--64",204,3.02
"Benin",2010,"20--64",204,3.63
"Benin",2015,"20--64",204,4.3
"Bhutan",1970,"20--64",64,0.41
"Bhutan",1975,"20--64",64,0.61
"Bhutan",1980,"20--64",64,0.85
"Bhutan",1985,"20--64",64,1.11
"Bhutan",1990,"20--64",64,1.48
"Bhutan",1995,"20--64",64,1.94
"Bhutan",2000,"20--64",64,2.52
"Bhutan",2005,"20--64",64,3.41
"Bhutan",2010,"20--64",64,4.31
"Bhutan",2015,"20--64",64,5.12
"Bolivia (Plurinational State of)",1970,"20--64",68,4.33
"Bolivia (Plurinational State of)",1975,"20--64",68,4.87
"Bolivia (Plurinational State of)",1980,"20--64",68,5.42
"Bolivia (Plurinational State of)",1985,"20--64",68,5.94
"Bolivia (Plurinational State of)",1990,"20--64",68,6.47
"Bolivia (Plurinational State of)",1995,"20--64",68,7.03
"Bolivia (Plurinational State of)",2000,"20--64",68,7.64
"Bolivia (Plurinational State of)",2005,"20--64",68,8.25
"Bolivia (Plurinational State of)",2010,"20--64",68,8.84
"Bolivia (Plurinational State of)",2015,"20--64",68,9.53
"Bosnia and Herzegovina",1970,"20--64",70,4.65
"Bosnia and Herzegovina",1975,"20--64",70,5.67
"Bosnia and Herzegovina",1980,"20--64",70,6.58
"Bosnia and Herzegovina",1985,"20--64",70,7.41
"Bosnia and Herzegovina",1990,"20--64",70,8.14
"Bosnia and Herzegovina",1995,"20--64",70,8.82
"Bosnia and Herzegovina",2000,"20--64",70,9.51
"Bosnia and Herzegovina",2005,"20--64",70,10.16
"Bosnia and Herzegovina",2010,"20--64",70,10.65
"Bosnia and Herzegovina",2015,"20--64",70,11.24
"Botswana",1970,"20--64",72,2.44
"Botswana",1975,"20--64",72,3.06
"Botswana",1980,"20--64",72,3.77
"Botswana",1985,"20--64",72,4.58
"Botswana",1990,"20--64",72,5.5
"Botswana",1995,"20--64",72,6.44
"Botswana",2000,"20--64",72,7.43
"Botswana",2005,"20--64",72,8.36
"Botswana",2010,"20--64",72,9.08
"Botswana",2015,"20--64",72,9.74
"Brazil",1970,"20--64",76,3.38
"Brazil",1975,"20--64",76,3.88
"Brazil",1980,"20--64",76,4.44
"Brazil",1985,"20--64",76,5
"Brazil",1990,"20--64",76,5.49
"Brazil",1995,"20--64",76,5.96
"Brazil",2000,"20--64",76,6.44
"Brazil",2005,"20--64",76,6.95
"Brazil",2010,"20--64",76,7.41
"Brazil",2015,"20--64",76,7.49
"Brunei Darussalam",2015,"20--64",96,9.77
"Bulgaria",1970,"20--64",100,8.29
"Bulgaria",1975,"20--64",100,8.82
"Bulgaria",1980,"20--64",100,9.31
"Bulgaria",1985,"20--64",100,9.67
"Bulgaria",1990,"20--64",100,10.05
"Bulgaria",1995,"20--64",100,10.34
"Bulgaria",2000,"20--64",100,10.57
"Bulgaria",2005,"20--64",100,10.73
"Bulgaria",2010,"20--64",100,10.91
"Bulgaria",2015,"20--64",100,11.7
"Burkina Faso",1970,"20--64",854,0.26
"Burkina Faso",1975,"20--64",854,0.38
"Burkina Faso",1980,"20--64",854,0.52
"Burkina Faso",1985,"20--64",854,0.68
"Burkina Faso",1990,"20--64",854,0.89
"Burkina Faso",1995,"20--64",854,1.14
"Burkina Faso",2000,"20--64",854,1.36
"Burkina Faso",2005,"20--64",854,1.52
"Burkina Faso",2010,"20--64",854,2.04
"Burkina Faso",2015,"20--64",854,2.58
"Burundi",1970,"20--64",108,0.81
"Burundi",1975,"20--64",108,1.04
"Burundi",1980,"20--64",108,1.26
"Burundi",1985,"20--64",108,1.43
"Burundi",1990,"20--64",108,1.59
"Burundi",1995,"20--64",108,1.87
"Burundi",2000,"20--64",108,2.38
"Burundi",2005,"20--64",108,2.82
"Burundi",2010,"20--64",108,3.23
"Burundi",2015,"20--64",108,3.95
"Cambodia",1970,"20--64",116,2.26
"Cambodia",1975,"20--64",116,2.6
"Cambodia",1980,"20--64",116,2.85
"Cambodia",1985,"20--64",116,3.07
"Cambodia",1990,"20--64",116,3.26
"Cambodia",1995,"20--64",116,3.48
"Cambodia",2000,"20--64",116,3.75
"Cambodia",2005,"20--64",116,4.15
"Cambodia",2010,"20--64",116,4.5
"Cambodia",2015,"20--64",116,5.28
"Cameroon",1970,"20--64",120,2.28
"Cameroon",1975,"20--64",120,2.84
"Cameroon",1980,"20--64",120,3.45
"Cameroon",1985,"20--64",120,3.99
"Cameroon",1990,"20--64",120,4.54
"Cameroon",1995,"20--64",120,5.08
"Cameroon",2000,"20--64",120,5.6
"Cameroon",2005,"20--64",120,6.15
"Cameroon",2010,"20--64",120,6.85
"Cameroon",2015,"20--64",120,7.49
"Canada",1970,"20--64",124,10.53
"Canada",1975,"20--64",124,11.11
"Canada",1980,"20--64",124,11.64
"Canada",1985,"20--64",124,12.09
"Canada",1990,"20--64",124,12.49
"Canada",1995,"20--64",124,12.82
"Canada",2000,"20--64",124,13.1
"Canada",2005,"20--64",124,13.33
"Canada",2010,"20--64",124,13.5
"Canada",2015,"20--64",124,13.29
"Cape Verde",1970,"20--64",132,1.77
"Cape Verde",1975,"20--64",132,2.25
"Cape Verde",1980,"20--64",132,2.62
"Cape Verde",1985,"20--64",132,3.25
"Cape Verde",1990,"20--64",132,3.67
"Cape Verde",1995,"20--64",132,4.19
"Cape Verde",2000,"20--64",132,4.74
"Cape Verde",2005,"20--64",132,5.57
"Cape Verde",2010,"20--64",132,6.15
"Cape Verde",2015,"20--64",132,6.61
"Central African Republic",1970,"20--64",140,0.6
"Central African Republic",1975,"20--64",140,0.94
"Central African Republic",1980,"20--64",140,1.36
"Central African Republic",1985,"20--64",140,1.87
"Central African Republic",1990,"20--64",140,2.29
"Central African Republic",1995,"20--64",140,2.72
"Central African Republic",2000,"20--64",140,3.5
"Central African Republic",2005,"20--64",140,4.3
"Central African Republic",2010,"20--64",140,5.09
"Central African Republic",2015,"20--64",140,5.85
"Chad",1970,"20--64",148,0.28
"Chad",1975,"20--64",148,0.44
"Chad",1980,"20--64",148,0.63
"Chad",1985,"20--64",148,0.83
"Chad",1990,"20--64",148,1.06
"Chad",1995,"20--64",148,1.32
"Chad",2000,"20--64",148,1.63
"Chad",2005,"20--64",148,1.99
"Chad",2010,"20--64",148,2.42
"Chad",2015,"20--64",148,2.93
"Channel Islands",2015,"20--64",830,12.06
"Chile",1970,"20--64",152,7.12
"Chile",1975,"20--64",152,7.76
"Chile",1980,"20--64",152,8.38
"Chile",1985,"20--64",152,8.96
"Chile",1990,"20--64",152,9.49
"Chile",1995,"20--64",152,9.97
"Chile",2000,"20--64",152,10.39
"Chile",2005,"20--64",152,10.79
"Chile",2010,"20--64",152,11.08
"Chile",2015,"20--64",152,11.32
"China",1970,"20--64",156,3.61
"China",1975,"20--64",156,4.31
"China",1980,"20--64",156,4.97
"China",1985,"20--64",156,5.7
"China",1990,"20--64",156,6.36
"China",1995,"20--64",156,6.89
"China",2000,"20--64",156,7.32
"China",2005,"20--64",156,7.74
"China",2010,"20--64",156,8.21
"China",2015,"20--64",156,8.64
"Colombia",1970,"20--64",170,3.79
"Colombia",1975,"20--64",170,4.32
"Colombia",1980,"20--64",170,4.91
"Colombia",1985,"20--64",170,5.5
"Colombia",1990,"20--64",170,6.04
"Colombia",1995,"20--64",170,6.53
"Colombia",2000,"20--64",170,7.03
"Colombia",2005,"20--64",170,7.52
"Colombia",2010,"20--64",170,7.96
"Colombia",2015,"20--64",170,8.51
"Comoros",1970,"20--64",174,0.65
"Comoros",1975,"20--64",174,1.06
"Comoros",1980,"20--64",174,1.65
"Comoros",1985,"20--64",174,2.35
"Comoros",1990,"20--64",174,3.07
"Comoros",1995,"20--64",174,3.77
"Comoros",2000,"20--64",174,4.54
"Comoros",2005,"20--64",174,5.4
"Comoros",2010,"20--64",174,6.2
"Comoros",2015,"20--64",174,7.18
"Congo",1970,"20--64",178,2.49
"Congo",1975,"20--64",178,3.37
"Congo",1980,"20--64",178,4.35
"Congo",1985,"20--64",178,5.34
"Congo",1990,"20--64",178,6.19
"Congo",1995,"20--64",178,6.85
"Congo",2000,"20--64",178,7.35
"Congo",2005,"20--64",178,7.69
"Congo",2010,"20--64",178,7.91
"Congo",2015,"20--64",178,8.43
"Costa Rica",1970,"20--64",188,5.36
"Costa Rica",1975,"20--64",188,5.98
"Costa Rica",1980,"20--64",188,6.61
"Costa Rica",1985,"20--64",188,7.14
"Costa Rica",1990,"20--64",188,7.54
"Costa Rica",1995,"20--64",188,7.87
"Costa Rica",2000,"20--64",188,8.2
"Costa Rica",2005,"20--64",188,8.54
"Costa Rica",2010,"20--64",188,8.88
"Costa Rica",2015,"20--64",188,9.14
"Cote d'Ivoire",1970,"20--64",384,0.87
"Cote d'Ivoire",1975,"20--64",384,1.19
"Cote d'Ivoire",1980,"20--64",384,1.57
"Cote d'Ivoire",1985,"20--64",384,2
"Cote d'Ivoire",1990,"20--64",384,2.44
"Cote d'Ivoire",1995,"20--64",384,2.84
"Cote d'Ivoire",2000,"20--64",384,3.2
"Cote d'Ivoire",2005,"20--64",384,3.59
"Cote d'Ivoire",2010,"20--64",384,4.04
"Cote d'Ivoire",2015,"20--64",384,4.64
"Croatia",1970,"20--64",191,7.91
"Croatia",1975,"20--64",191,8.59
"Croatia",1980,"20--64",191,9.18
"Croatia",1985,"20--64",191,9.66
"Croatia",1990,"20--64",191,10.16
"Croatia",1995,"20--64",191,10.62
"Croatia",2000,"20--64",191,11.09
"Croatia",2005,"20--64",191,11.46
"Croatia",2010,"20--64",191,11.7
"Croatia",2015,"20--64",191,12.03
"Cuba",1970,"20--64",192,6.99
"Cuba",1975,"20--64",192,7.86
"Cuba",1980,"20--64",192,8.69
"Cuba",1985,"20--64",192,9.43
"Cuba",1990,"20--64",192,9.87
"Cuba",1995,"20--64",192,10.27
"Cuba",2000,"20--64",192,10.55
"Cuba",2005,"20--64",192,10.86
"Cuba",2010,"20--64",192,11.08
"Cuba",2015,"20--64",192,11.25
"Curaçao",1970,"20--64",531,7.29
"Curaçao",1975,"20--64",531,7.79
"Curaçao",1980,"20--64",531,8.2
"Curaçao",1985,"20--64",531,8.58
"Curaçao",1990,"20--64",531,8.9
"Curaçao",1995,"20--64",531,9.17
"Curaçao",2000,"20--64",531,9.42
"Curaçao",2005,"20--64",531,9.73
"Curaçao",2010,"20--64",531,10.09
"Curaçao",2015,"20--64",531,10.55
"Cyprus",1970,"20--64",196,6.55
"Cyprus",1975,"20--64",196,7.64
"Cyprus",1980,"20--64",196,8.73
"Cyprus",1985,"20--64",196,9.64
"Cyprus",1990,"20--64",196,10.47
"Cyprus",1995,"20--64",196,11.22
"Cyprus",2000,"20--64",196,11.85
"Cyprus",2005,"20--64",196,12.4
"Cyprus",2010,"20--64",196,12.89
"Cyprus",2015,"20--64",196,13.01
"Czech Republic",1970,"20--64",203,10.52
"Czech Republic",1975,"20--64",203,10.84
"Czech Republic",1980,"20--64",203,11.15
"Czech Republic",1985,"20--64",203,11.35
"Czech Republic",1990,"20--64",203,11.57
"Czech Republic",1995,"20--64",203,11.71
"Czech Republic",2000,"20--64",203,11.87
"Czech Republic",2005,"20--64",203,12.12
"Czech Republic",2010,"20--64",203,12.34
"Czech Republic",2015,"20--64",203,13.02
"Democratic People's Republic of Korea",1970,"20--64",408,7.33
"Democratic People's Republic of Korea",1975,"20--64",408,8.09
"Democratic People's Republic of Korea",1980,"20--64",408,8.95
"Democratic People's Republic of Korea",1985,"20--64",408,9.55
"Democratic People's Republic of Korea",1990,"20--64",408,10.1
"Democratic People's Republic of Korea",1995,"20--64",408,10.45
"Democratic People's Republic of Korea",2000,"20--64",408,10.71
"Democratic People's Republic of Korea",2005,"20--64",408,10.9
"Democratic People's Republic of Korea",2010,"20--64",408,10.99
"Democratic People's Republic of Korea",2015,"20--64",408,11.01
"Democratic Republic of the Congo",1970,"20--64",180,2.4
"Democratic Republic of the Congo",1975,"20--64",180,2.8
"Democratic Republic of the Congo",1980,"20--64",180,3.29
"Democratic Republic of the Congo",1985,"20--64",180,3.82
"Democratic Republic of the Congo",1990,"20--64",180,4.4
"Democratic Republic of the Congo",1995,"20--64",180,4.99
"Democratic Republic of the Congo",2000,"20--64",180,5.53
"Democratic Republic of the Congo",2005,"20--64",180,5.97
"Democratic Republic of the Congo",2010,"20--64",180,6.35
"Democratic Republic of the Congo",2015,"20--64",180,6.74
"Denmark",1970,"20--64",208,10.49
"Denmark",1975,"20--64",208,10.77
"Denmark",1980,"20--64",208,11.02
"Denmark",1985,"20--64",208,11.25
"Denmark",1990,"20--64",208,11.47
"Denmark",1995,"20--64",208,11.68
"Denmark",2000,"20--64",208,11.86
"Denmark",2005,"20--64",208,12.03
"Denmark",2010,"20--64",208,12.12
"Denmark",2015,"20--64",208,12.6
"Djibouti",2015,"20--64",262,4.08
"Dominican Republic",1970,"20--64",214,3.31
"Dominican Republic",1975,"20--64",214,3.82
"Dominican Republic",1980,"20--64",214,4.47
"Dominican Republic",1985,"20--64",214,5.2
"Dominican Republic",1990,"20--64",214,5.91
"Dominican Republic",1995,"20--64",214,6.55
"Dominican Republic",2000,"20--64",214,7.14
"Dominican Republic",2005,"20--64",214,7.72
"Dominican Republic",2010,"20--64",214,8.29
"Dominican Republic",2015,"20--64",214,8.79
"Ecuador",1970,"20--64",218,4.2
"Ecuador",1975,"20--64",218,4.79
"Ecuador",1980,"20--64",218,5.48
"Ecuador",1985,"20--64",218,6.22
"Ecuador",1990,"20--64",218,6.94
"Ecuador",1995,"20--64",218,7.58
"Ecuador",2000,"20--64",218,8.12
"Ecuador",2005,"20--64",218,8.59
"Ecuador",2010,"20--64",218,9.04
"Ecuador",2015,"20--64",218,9.4
"Egypt",1970,"20--64",818,2.49
"Egypt",1975,"20--64",818,2.97
"Egypt",1980,"20--64",818,3.46
"Egypt",1985,"20--64",818,4.04
"Egypt",1990,"20--64",818,4.7
"Egypt",1995,"20--64",818,5.37
"Egypt",2000,"20--64",818,6.14
"Egypt",2005,"20--64",818,6.97
"Egypt",2010,"20--64",818,7.76
"Egypt",2015,"20--64",818,8.64
"El Salvador",1970,"20--64",222,2.88
"El Salvador",1975,"20--64",222,3.35
"El Salvador",1980,"20--64",222,3.87
"El Salvador",1985,"20--64",222,4.51
"El Salvador",1990,"20--64",222,5.11
"El Salvador",1995,"20--64",222,5.7
"El Salvador",2000,"20--64",222,6.28
"El Salvador",2005,"20--64",222,6.8
"El Salvador",2010,"20--64",222,7.43
"El Salvador",2015,"20--64",222,8.04
"Equatorial Guinea",1970,"20--64",226,2.18
"Equatorial Guinea",1975,"20--64",226,2.53
"Equatorial Guinea",1980,"20--64",226,3.24
"Equatorial Guinea",1985,"20--64",226,4.41
"Equatorial Guinea",1990,"20--64",226,4.96
"Equatorial Guinea",1995,"20--64",226,5.39
"Equatorial Guinea",2000,"20--64",226,5.68
"Equatorial Guinea",2005,"20--64",226,6.31
"Equatorial Guinea",2010,"20--64",226,6.91
"Equatorial Guinea",2015,"20--64",226,7.44
"Eritrea",2015,"20--64",232,3.78
"Estonia",1970,"20--64",233,9.98
"Estonia",1975,"20--64",233,10.81
"Estonia",1980,"20--64",233,11.38
"Estonia",1985,"20--64",233,11.79
"Estonia",1990,"20--64",233,12.18
"Estonia",1995,"20--64",233,12.46
"Estonia",2000,"20--64",233,12.66
"Estonia",2005,"20--64",233,12.76
"Estonia",2010,"20--64",233,12.71
"Estonia",2015,"20--64",233,13.27
"Ethiopia",1970,"20--64",231,0.43
"Ethiopia",1975,"20--64",231,0.54
"Ethiopia",1980,"20--64",231,0.69
"Ethiopia",1985,"20--64",231,0.88
"Ethiopia",1990,"20--64",231,1.12
"Ethiopia",1995,"20--64",231,1.37
"Ethiopia",2000,"20--64",231,1.69
"Ethiopia",2005,"20--64",231,2.05
"Ethiopia",2010,"20--64",231,2.61
"Ethiopia",2015,"20--64",231,3.18
"Fiji",1970,"20--64",242,6.04
"Fiji",1975,"20--64",242,6.73
"Fiji",1980,"20--64",242,7.46
"Fiji",1985,"20--64",242,8.19
"Fiji",1990,"20--64",242,8.77
"Fiji",1995,"20--64",242,9.34
"Fiji",2000,"20--64",242,9.92
"Fiji",2005,"20--64",242,10.45
"Fiji",2010,"20--64",242,11.08
"Fiji",2015,"20--64",242,11.52
"Finland",1970,"20--64",246,8.85
"Finland",1975,"20--64",246,9.49
"Finland",1980,"20--64",246,10.11
"Finland",1985,"20--64",246,10.67
"Finland",1990,"20--64",246,11.2
"Finland",1995,"20--64",246,11.67
"Finland",2000,"20--64",246,12.01
"Finland",2005,"20--64",246,12.28
"Finland",2010,"20--64",246,12.45
"Finland",2015,"20--64",246,13.03
"France",1970,"20--64",250,7.97
"France",1975,"20--64",250,8.5
"France",1980,"20--64",250,9.03
"France",1985,"20--64",250,9.48
"France",1990,"20--64",250,10.01
"France",1995,"20--64",250,10.49
"France",2000,"20--64",250,10.92
"France",2005,"20--64",250,11.3
"France",2010,"20--64",250,11.62
"France",2015,"20--64",250,12.14
"French Guiana",1970,"20--64",254,5.49
"French Guiana",1975,"20--64",254,5.95
"French Guiana",1980,"20--64",254,6.54
"French Guiana",1985,"20--64",254,7.02
"French Guiana",1990,"20--64",254,7.4
"French Guiana",1995,"20--64",254,7.7
"French Guiana",2000,"20--64",254,7.93
"French Guiana",2005,"20--64",254,8.11
"French Guiana",2010,"20--64",254,8.26
"French Guiana",2015,"20--64",254,8.54
"French Polynesia",1970,"20--64",258,5.67
"French Polynesia",1975,"20--64",258,6.58
"French Polynesia",1980,"20--64",258,7.47
"French Polynesia",1985,"20--64",258,8.19
"French Polynesia",1990,"20--64",258,8.86
"French Polynesia",1995,"20--64",258,9.4
"French Polynesia",2000,"20--64",258,9.86
"French Polynesia",2005,"20--64",258,10.29
"French Polynesia",2010,"20--64",258,10.68
"French Polynesia",2015,"20--64",258,10.91
"Gabon",1970,"20--64",266,2.1
"Gabon",1975,"20--64",266,2.95
"Gabon",1980,"20--64",266,3.88
"Gabon",1985,"20--64",266,4.83
"Gabon",1990,"20--64",266,5.73
"Gabon",1995,"20--64",266,6.54
"Gabon",2000,"20--64",266,7.25
"Gabon",2005,"20--64",266,7.82
"Gabon",2010,"20--64",266,8.1
"Gabon",2015,"20--64",266,8.76
"Gambia",1970,"20--64",270,0.56
"Gambia",1975,"20--64",270,0.7
"Gambia",1980,"20--64",270,0.93
"Gambia",1985,"20--64",270,1.2
"Gambia",1990,"20--64",270,1.63
"Gambia",1995,"20--64",270,2.01
"Gambia",2000,"20--64",270,2.42
"Gambia",2005,"20--64",270,2.96
"Gambia",2010,"20--64",270,3.62
"Gambia",2015,"20--64",270,4.38
"Georgia",1970,"20--64",268,8.39
"Georgia",1975,"20--64",268,9.28
"Georgia",1980,"20--64",268,10.07
"Georgia",1985,"20--64",268,10.67
"Georgia",1990,"20--64",268,11.2
"Georgia",1995,"20--64",268,11.64
"Georgia",2000,"20--64",268,11.91
"Georgia",2005,"20--64",268,12.09
"Georgia",2010,"20--64",268,12.21
"Georgia",2015,"20--64",268,12.65
"Germany",1970,"20--64",276,11.94
"Germany",1975,"20--64",276,12.17
"Germany",1980,"20--64",276,12.4
"Germany",1985,"20--64",276,12.6
"Germany",1990,"20--64",276,12.81
"Germany",1995,"20--64",276,13.01
"Germany",2000,"20--64",276,13.15
"Germany",2005,"20--64",276,13.28
"Germany",2010,"20--64",276,13.39
"Germany",2015,"20--64",276,13.73
"Ghana",1970,"20--64",288,3.13
"Ghana",1975,"20--64",288,3.87
"Ghana",1980,"20--64",288,4.55
"Ghana",1985,"20--64",288,5.13
"Ghana",1990,"20--64",288,5.59
"Ghana",1995,"20--64",288,5.98
"Ghana",2000,"20--64",288,6.38
"Ghana",2005,"20--64",288,6.78
"Ghana",2010,"20--64",288,7.1
"Ghana",2015,"20--64",288,7.58
"Greece",1970,"20--64",300,6.42
"Greece",1975,"20--64",300,7.08
"Greece",1980,"20--64",300,7.78
"Greece",1985,"20--64",300,8.45
"Greece",1990,"20--64",300,9.11
"Greece",1995,"20--64",300,9.84
"Greece",2000,"20--64",300,10.48
"Greece",2005,"20--64",300,10.99
"Greece",2010,"20--64",300,11.38
"Greece",2015,"20--64",300,11.78
"Grenada",2015,"20--64",308,10.62
"Guadeloupe",1970,"20--64",312,5.01
"Guadeloupe",1975,"20--64",312,5.59
"Guadeloupe",1980,"20--64",312,6.41
"Guadeloupe",1985,"20--64",312,7.18
"Guadeloupe",1990,"20--64",312,7.94
"Guadeloupe",1995,"20--64",312,8.49
"Guadeloupe",2000,"20--64",312,9.03
"Guadeloupe",2005,"20--64",312,9.45
"Guadeloupe",2010,"20--64",312,9.83
"Guadeloupe",2015,"20--64",312,10.14
"Guam",2015,"20--64",316,10.28
"Guatemala",1970,"20--64",320,2.5
"Guatemala",1975,"20--64",320,2.81
"Guatemala",1980,"20--64",320,3.14
"Guatemala",1985,"20--64",320,3.5
"Guatemala",1990,"20--64",320,3.9
"Guatemala",1995,"20--64",320,4.32
"Guatemala",2000,"20--64",320,4.7
"Guatemala",2005,"20--64",320,5.23
"Guatemala",2010,"20--64",320,5.73
"Guatemala",2015,"20--64",320,6.2
"Guinea",1970,"20--64",324,0.6
"Guinea",1975,"20--64",324,0.9
"Guinea",1980,"20--64",324,1.18
"Guinea",1985,"20--64",324,1.43
"Guinea",1990,"20--64",324,1.65
"Guinea",1995,"20--64",324,1.9
"Guinea",2000,"20--64",324,2.26
"Guinea",2005,"20--64",324,2.86
"Guinea",2010,"20--64",324,3.55
"Guinea",2015,"20--64",324,4.23
"Guinea-Bissau",1970,"20--64",624,0.4
"Guinea-Bissau",1975,"20--64",624,0.6
"Guinea-Bissau",1980,"20--64",624,0.88
"Guinea-Bissau",1985,"20--64",624,1.23
"Guinea-Bissau",1990,"20--64",624,1.63
"Guinea-Bissau",1995,"20--64",624,2.06
"Guinea-Bissau",2000,"20--64",624,2.5
"Guinea-Bissau",2005,"20--64",624,2.98
"Guinea-Bissau",2010,"20--64",624,3.53
"Guinea-Bissau",2015,"20--64",624,4.07
"Guyana",1970,"20--64",328,7.02
"Guyana",1975,"20--64",328,7.59
"Guyana",1980,"20--64",328,8.1
"Guyana",1985,"20--64",328,8.51
"Guyana",1990,"20--64",328,8.86
"Guyana",1995,"20--64",328,9.14
"Guyana",2000,"20--64",328,9.37
"Guyana",2005,"20--64",328,9.63
"Guyana",2010,"20--64",328,9.86
"Guyana",2015,"20--64",328,10.06
"Haiti",1970,"20--64",332,1.25
"Haiti",1975,"20--64",332,1.42
"Haiti",1980,"20--64",332,1.63
"Haiti",1985,"20--64",332,1.92
"Haiti",1990,"20--64",332,2.27
"Haiti",1995,"20--64",332,2.77
"Haiti",2000,"20--64",332,3.41
"Haiti",2005,"20--64",332,4.18
"Haiti",2010,"20--64",332,4.99
"Haiti",2015,"20--64",332,5.71
"Honduras",1970,"20--64",340,1.98
"Honduras",1975,"20--64",340,2.35
"Honduras",1980,"20--64",340,2.78
"Honduras",1985,"20--64",340,3.24
"Honduras",1990,"20--64",340,3.72
"Honduras",1995,"20--64",340,4.18
"Honduras",2000,"20--64",340,4.62
"Honduras",2005,"20--64",340,5.07
"Honduras",2010,"20--64",340,5.49
"Honduras",2015,"20--64",340,5.91
"Hong Kong Special Administrative Region of China",1970,"20--64",344,5.15
"Hong Kong Special Administrative Region of China",1975,"20--64",344,6.12
"Hong Kong Special Administrative Region of China",1980,"20--64",344,7.36
"Hong Kong Special Administrative Region of China",1985,"20--64",344,8.36
"Hong Kong Special Administrative Region of China",1990,"20--64",344,9.26
"Hong Kong Special Administrative Region of China",1995,"20--64",344,10.07
"Hong Kong Special Administrative Region of China",2000,"20--64",344,10.73
"Hong Kong Special Administrative Region of China",2005,"20--64",344,11.36
"Hong Kong Special Administrative Region of China",2010,"20--64",344,11.86
"Hong Kong Special Administrative Region of China",2015,"20--64",344,12.54
"Hungary",1970,"20--64",348,8.15
"Hungary",1975,"20--64",348,8.91
"Hungary",1980,"20--64",348,9.65
"Hungary",1985,"20--64",348,10.11
"Hungary",1990,"20--64",348,10.62
"Hungary",1995,"20--64",348,11.05
"Hungary",2000,"20--64",348,11.41
"Hungary",2005,"20--64",348,11.72
"Hungary",2010,"20--64",348,11.93
"Hungary",2015,"20--64",348,12.41
"Iceland",1970,"20--64",352,10.91
"Iceland",1975,"20--64",352,11.23
"Iceland",1980,"20--64",352,11.51
"Iceland",1985,"20--64",352,11.79
"Iceland",1990,"20--64",352,12.05
"Iceland",1995,"20--64",352,12.27
"Iceland",2000,"20--64",352,12.54
"Iceland",2005,"20--64",352,12.86
"Iceland",2010,"20--64",352,13.04
"Iceland",2015,"20--64",352,13.57
"India",1970,"20--64",356,2.43
"India",1975,"20--64",356,2.84
"India",1980,"20--64",356,3.27
"India",1985,"20--64",356,3.71
"India",1990,"20--64",356,4.16
"India",1995,"20--64",356,4.64
"India",2000,"20--64",356,5.15
"India",2005,"20--64",356,5.73
"India",2010,"20--64",356,6.36
"India",2015,"20--64",356,6.94
"Indonesia",1970,"20--64",360,3.63
"Indonesia",1975,"20--64",360,4.23
"Indonesia",1980,"20--64",360,4.85
"Indonesia",1985,"20--64",360,5.48
"Indonesia",1990,"20--64",360,6.16
"Indonesia",1995,"20--64",360,6.85
"Indonesia",2000,"20--64",360,7.49
"Indonesia",2005,"20--64",360,8.05
"Indonesia",2010,"20--64",360,8.54
"Indonesia",2015,"20--64",360,9.06
"Iran (Islamic Republic of)",1970,"20--64",364,2.14
"Iran (Islamic Republic of)",1975,"20--64",364,2.92
"Iran (Islamic Republic of)",1980,"20--64",364,3.8
"Iran (Islamic Republic of)",1985,"20--64",364,4.59
"Iran (Islamic Republic of)",1990,"20--64",364,5.44
"Iran (Islamic Republic of)",1995,"20--64",364,6.28
"Iran (Islamic Republic of)",2000,"20--64",364,7.15
"Iran (Islamic Republic of)",2005,"20--64",364,7.98
"Iran (Islamic Republic of)",2010,"20--64",364,8.62
"Iran (Islamic Republic of)",2015,"20--64",364,9.19
"Iraq",1970,"20--64",368,2.18
"Iraq",1975,"20--64",368,3.02
"Iraq",1980,"20--64",368,3.92
"Iraq",1985,"20--64",368,4.83
"Iraq",1990,"20--64",368,5.73
"Iraq",1995,"20--64",368,6.42
"Iraq",2000,"20--64",368,6.84
"Iraq",2005,"20--64",368,7.11
"Iraq",2010,"20--64",368,7.32
"Iraq",2015,"20--64",368,7.82
"Ireland",1970,"20--64",372,8.11
"Ireland",1975,"20--64",372,8.53
"Ireland",1980,"20--64",372,9.02
"Ireland",1985,"20--64",372,9.5
"Ireland",1990,"20--64",372,9.92
"Ireland",1995,"20--64",372,10.35
"Ireland",2000,"20--64",372,10.89
"Ireland",2005,"20--64",372,11.62
"Ireland",2010,"20--64",372,12.31
"Ireland",2015,"20--64",372,12.63
"Israel",1970,"20--64",376,7.08
"Israel",1975,"20--64",376,7.74
"Israel",1980,"20--64",376,8.38
"Israel",1985,"20--64",376,8.92
"Israel",1990,"20--64",376,9.67
"Israel",1995,"20--64",376,10.36
"Israel",2000,"20--64",376,11.01
"Israel",2005,"20--64",376,11.61
"Israel",2010,"20--64",376,11.85
"Israel",2015,"20--64",376,11.86
"Italy",1970,"20--64",380,6.34
"Italy",1975,"20--64",380,6.99
"Italy",1980,"20--64",380,7.7
"Italy",1985,"20--64",380,8.35
"Italy",1990,"20--64",380,9.01
"Italy",1995,"20--64",380,9.61
"Italy",2000,"20--64",380,10.14
"Italy",2005,"20--64",380,10.65
"Italy",2010,"20--64",380,11.07
"Italy",2015,"20--64",380,11.94
"Jamaica",1970,"20--64",388,5.57
"Jamaica",1975,"20--64",388,6.19
"Jamaica",1980,"20--64",388,7.07
"Jamaica",1985,"20--64",388,7.98
"Jamaica",1990,"20--64",388,8.63
"Jamaica",1995,"20--64",388,9.18
"Jamaica",2000,"20--64",388,9.51
"Jamaica",2005,"20--64",388,9.85
"Jamaica",2010,"20--64",388,10.18
"Jamaica",2015,"20--64",388,10.39
"Japan",1970,"20--64",392,10.68
"Japan",1975,"20--64",392,11.06
"Japan",1980,"20--64",392,11.43
"Japan",1985,"20--64",392,11.81
"Japan",1990,"20--64",392,12.23
"Japan",1995,"20--64",392,12.67
"Japan",2000,"20--64",392,13.11
"Japan",2005,"20--64",392,13.51
"Japan",2010,"20--64",392,13.88
"Japan",2015,"20--64",392,13.81
"Jordan",1970,"20--64",400,4.56
"Jordan",1975,"20--64",400,5.6
"Jordan",1980,"20--64",400,6.52
"Jordan",1985,"20--64",400,7.53
"Jordan",1990,"20--64",400,8.32
"Jordan",1995,"20--64",400,8.96
"Jordan",2000,"20--64",400,9.28
"Jordan",2005,"20--64",400,9.51
"Jordan",2010,"20--64",400,9.67
"Jordan",2015,"20--64",400,9.97
"Kazakhstan",1970,"20--64",398,7.62
"Kazakhstan",1975,"20--64",398,8.23
"Kazakhstan",1980,"20--64",398,8.83
"Kazakhstan",1985,"20--64",398,9.32
"Kazakhstan",1990,"20--64",398,9.71
"Kazakhstan",1995,"20--64",398,10.1
"Kazakhstan",2000,"20--64",398,10.45
"Kazakhstan",2005,"20--64",398,10.91
"Kazakhstan",2010,"20--64",398,11.19
"Kazakhstan",2015,"20--64",398,11.31
"Kenya",1970,"20--64",404,2.51
"Kenya",1975,"20--64",404,3.23
"Kenya",1980,"20--64",404,4.02
"Kenya",1985,"20--64",404,4.89
"Kenya",1990,"20--64",404,5.76
"Kenya",1995,"20--64",404,6.59
"Kenya",2000,"20--64",404,7.08
"Kenya",2005,"20--64",404,7.47
"Kenya",2010,"20--64",404,7.67
"Kenya",2015,"20--64",404,8.28
"Kiribati",1970,"20--64",296,3.94
"Kiribati",1975,"20--64",296,4.56
"Kiribati",1980,"20--64",296,5.2
"Kiribati",1985,"20--64",296,5.97
"Kiribati",1990,"20--64",296,6.63
"Kiribati",1995,"20--64",296,7.18
"Kiribati",2000,"20--64",296,7.75
"Kiribati",2005,"20--64",296,8.34
"Kiribati",2010,"20--64",296,8.88
"Kiribati",2015,"20--64",296,9.43
"Kuwait",1970,"20--64",414,3.9
"Kuwait",1975,"20--64",414,4.31
"Kuwait",1980,"20--64",414,5.07
"Kuwait",1985,"20--64",414,5.71
"Kuwait",1990,"20--64",414,6.15
"Kuwait",1995,"20--64",414,6.74
"Kuwait",2000,"20--64",414,7.13
"Kuwait",2005,"20--64",414,7.46
"Kuwait",2010,"20--64",414,7.77
"Kuwait",2015,"20--64",414,8.05
"Kyrgyzstan",1970,"20--64",417,6.56
"Kyrgyzstan",1975,"20--64",417,7.51
"Kyrgyzstan",1980,"20--64",417,8.38
"Kyrgyzstan",1985,"20--64",417,9.02
"Kyrgyzstan",1990,"20--64",417,9.51
"Kyrgyzstan",1995,"20--64",417,9.93
"Kyrgyzstan",2000,"20--64",417,10.19
"Kyrgyzstan",2005,"20--64",417,10.49
"Kyrgyzstan",2010,"20--64",417,10.63
"Kyrgyzstan",2015,"20--64",417,10.86
"Lao People's Democratic Republic",1970,"20--64",418,2.17
"Lao People's Democratic Republic",1975,"20--64",418,2.65
"Lao People's Democratic Republic",1980,"20--64",418,3.17
"Lao People's Democratic Republic",1985,"20--64",418,3.83
"Lao People's Democratic Republic",1990,"20--64",418,4.35
"Lao People's Democratic Republic",1995,"20--64",418,4.73
"Lao People's Democratic Republic",2000,"20--64",418,5.02
"Lao People's Democratic Republic",2005,"20--64",418,5.35
"Lao People's Democratic Republic",2010,"20--64",418,5.95
"Lao People's Democratic Republic",2015,"20--64",418,6.48
"Latvia",1970,"20--64",428,10.65
"Latvia",1975,"20--64",428,10.96
"Latvia",1980,"20--64",428,11.26
"Latvia",1985,"20--64",428,11.52
"Latvia",1990,"20--64",428,11.78
"Latvia",1995,"20--64",428,12.03
"Latvia",2000,"20--64",428,12.22
"Latvia",2005,"20--64",428,12.3
"Latvia",2010,"20--64",428,12.27
"Latvia",2015,"20--64",428,12.59
"Lebanon",1970,"20--64",422,3.84
"Lebanon",1975,"20--64",422,4.78
"Lebanon",1980,"20--64",422,5.63
"Lebanon",1985,"20--64",422,6.37
"Lebanon",1990,"20--64",422,7.1
"Lebanon",1995,"20--64",422,7.96
"Lebanon",2000,"20--64",422,8.68
"Lebanon",2005,"20--64",422,9.25
"Lebanon",2010,"20--64",422,9.87
"Lebanon",2015,"20--64",422,10.39
"Lesotho",1970,"20--64",426,3.34
"Lesotho",1975,"20--64",426,3.68
"Lesotho",1980,"20--64",426,4.07
"Lesotho",1985,"20--64",426,4.5
"Lesotho",1990,"20--64",426,5.01
"Lesotho",1995,"20--64",426,5.55
"Lesotho",2000,"20--64",426,6.05
"Lesotho",2005,"20--64",426,6.55
"Lesotho",2010,"20--64",426,7.1
"Lesotho",2015,"20--64",426,7.61
"Liberia",1970,"20--64",430,1.04
"Liberia",1975,"20--64",430,1.38
"Liberia",1980,"20--64",430,1.81
"Liberia",1985,"20--64",430,2.29
"Liberia",1990,"20--64",430,2.79
"Liberia",1995,"20--64",430,3.25
"Liberia",2000,"20--64",430,3.64
"Liberia",2005,"20--64",430,3.99
"Liberia",2010,"20--64",430,4.29
"Liberia",2015,"20--64",430,4.87
"Libyan Arab Jamahiriya",2015,"20--64",434,8.17
"Lithuania",1970,"20--64",440,8.69
"Lithuania",1975,"20--64",440,9.68
"Lithuania",1980,"20--64",440,10.56
"Lithuania",1985,"20--64",440,11.29
"Lithuania",1990,"20--64",440,12
"Lithuania",1995,"20--64",440,12.62
"Lithuania",2000,"20--64",440,13.1
"Lithuania",2005,"20--64",440,13.35
"Lithuania",2010,"20--64",440,13.36
"Lithuania",2015,"20--64",440,13.48
"Luxembourg",1970,"20--64",442,9.37
"Luxembourg",1975,"20--64",442,9.84
"Luxembourg",1980,"20--64",442,10.31
"Luxembourg",1985,"20--64",442,10.7
"Luxembourg",1990,"20--64",442,11.08
"Luxembourg",1995,"20--64",442,11.43
"Luxembourg",2000,"20--64",442,11.76
"Luxembourg",2005,"20--64",442,12.06
"Luxembourg",2010,"20--64",442,12.34
"Luxembourg",2015,"20--64",442,13.17
"Macao Special Administrative Region of China",1970,"20--64",446,4
"Macao Special Administrative Region of China",1975,"20--64",446,5.14
"Macao Special Administrative Region of China",1980,"20--64",446,6.15
"Macao Special Administrative Region of China",1985,"20--64",446,7.23
"Macao Special Administrative Region of China",1990,"20--64",446,8.07
"Macao Special Administrative Region of China",1995,"20--64",446,8.77
"Macao Special Administrative Region of China",2000,"20--64",446,9.37
"Macao Special Administrative Region of China",2005,"20--64",446,10.1
"Macao Special Administrative Region of China",2010,"20--64",446,10.75
"Macao Special Administrative Region of China",2015,"20--64",446,11.34
"Madagascar",1970,"20--64",450,2.02
"Madagascar",1975,"20--64",450,2.44
"Madagascar",1980,"20--64",450,2.85
"Madagascar",1985,"20--64",450,3.28
"Madagascar",1990,"20--64",450,3.73
"Madagascar",1995,"20--64",450,4.01
"Madagascar",2000,"20--64",450,4.1
"Madagascar",2005,"20--64",450,4.12
"Madagascar",2010,"20--64",450,4.14
"Madagascar",2015,"20--64",450,4.48
"Malawi",1970,"20--64",454,2.19
"Malawi",1975,"20--64",454,2.5
"Malawi",1980,"20--64",454,2.85
"Malawi",1985,"20--64",454,3.24
"Malawi",1990,"20--64",454,3.65
"Malawi",1995,"20--64",454,4.04
"Malawi",2000,"20--64",454,4.5
"Malawi",2005,"20--64",454,5.05
"Malawi",2010,"20--64",454,5.61
"Malawi",2015,"20--64",454,6.16
"Malaysia",1970,"20--64",458,3.8
"Malaysia",1975,"20--64",458,4.83
"Malaysia",1980,"20--64",458,5.87
"Malaysia",1985,"20--64",458,6.96
"Malaysia",1990,"20--64",458,7.91
"Malaysia",1995,"20--64",458,8.76
"Malaysia",2000,"20--64",458,9.59
"Malaysia",2005,"20--64",458,10.37
"Malaysia",2010,"20--64",458,11.07
"Malaysia",2015,"20--64",458,11.61
"Maldives",1970,"20--64",462,2.09
"Maldives",1975,"20--64",462,2.27
"Maldives",1980,"20--64",462,2.51
"Maldives",1985,"20--64",462,2.84
"Maldives",1990,"20--64",462,3.32
"Maldives",1995,"20--64",462,3.97
"Maldives",2000,"20--64",462,4.79
"Maldives",2005,"20--64",462,5.76
"Maldives",2010,"20--64",462,6.68
"Maldives",2015,"20--64",462,7.4
"Mali",1970,"20--64",466,0.37
"Mali",1975,"20--64",466,0.5
"Mali",1980,"20--64",466,0.68
"Mali",1985,"20--64",466,0.86
"Mali",1990,"20--64",466,1.02
"Mali",1995,"20--64",466,1.17
"Mali",2000,"20--64",466,1.32
"Mali",2005,"20--64",466,1.54
"Mali",2010,"20--64",466,1.88
"Mali",2015,"20--64",466,2.25
"Malta",1970,"20--64",470,6.85
"Malta",1975,"20--64",470,7.38
"Malta",1980,"20--64",470,7.96
"Malta",1985,"20--64",470,8.46
"Malta",1990,"20--64",470,8.89
"Malta",1995,"20--64",470,9.32
"Malta",2000,"20--64",470,9.75
"Malta",2005,"20--64",470,10.17
"Malta",2010,"20--64",470,10.67
"Malta",2015,"20--64",470,11.17
"Martinique",1970,"20--64",474,6.5
"Martinique",1975,"20--64",474,7.04
"Martinique",1980,"20--64",474,7.81
"Martinique",1985,"20--64",474,8.48
"Martinique",1990,"20--64",474,9.11
"Martinique",1995,"20--64",474,9.59
"Martinique",2000,"20--64",474,10.07
"Martinique",2005,"20--64",474,10.38
"Martinique",2010,"20--64",474,10.73
"Martinique",2015,"20--64",474,10.97
"Mauritania",2015,"20--64",478,4.22
"Mauritius",1970,"20--64",480,3.92
"Mauritius",1975,"20--64",480,4.62
"Mauritius",1980,"20--64",480,5.42
"Mauritius",1985,"20--64",480,6.18
"Mauritius",1990,"20--64",480,6.86
"Mauritius",1995,"20--64",480,7.41
"Mauritius",2000,"20--64",480,7.89
"Mauritius",2005,"20--64",480,8.35
"Mauritius",2010,"20--64",480,8.84
"Mauritius",2015,"20--64",480,9.34
"Mayotte",2015,"20--64",175,10.14
"Mexico",1970,"20--64",484,3.73
"Mexico",1975,"20--64",484,4.38
"Mexico",1980,"20--64",484,5.09
"Mexico",1985,"20--64",484,5.83
"Mexico",1990,"20--64",484,6.59
"Mexico",1995,"20--64",484,7.29
"Mexico",2000,"20--64",484,7.83
"Mexico",2005,"20--64",484,8.3
"Mexico",2010,"20--64",484,8.75
"Mexico",2015,"20--64",484,9.32
"Micronesia (Federated States of)",1970,"20--64",583,3.98
"Micronesia (Federated States of)",1975,"20--64",583,4.92
"Micronesia (Federated States of)",1980,"20--64",583,6.34
"Micronesia (Federated States of)",1985,"20--64",583,7.38
"Micronesia (Federated States of)",1990,"20--64",583,8.13
"Micronesia (Federated States of)",1995,"20--64",583,8.59
"Micronesia (Federated States of)",2000,"20--64",583,8.99
"Micronesia (Federated States of)",2005,"20--64",583,9.22
"Micronesia (Federated States of)",2010,"20--64",583,9.37
"Micronesia (Federated States of)",2015,"20--64",583,9.72
"Mongolia",1970,"20--64",496,5.8
"Mongolia",1975,"20--64",496,6.72
"Mongolia",1980,"20--64",496,7.55
"Mongolia",1985,"20--64",496,8.35
"Mongolia",1990,"20--64",496,8.92
"Mongolia",1995,"20--64",496,9.36
"Mongolia",2000,"20--64",496,9.63
"Mongolia",2005,"20--64",496,9.88
"Mongolia",2010,"20--64",496,10.18
"Mongolia",2015,"20--64",496,10.48
"Montenegro",1970,"20--64",499,7.48
"Montenegro",1975,"20--64",499,8.45
"Montenegro",1980,"20--64",499,9.23
"Montenegro",1985,"20--64",499,9.86
"Montenegro",1990,"20--64",499,10.35
"Montenegro",1995,"20--64",499,10.79
"Montenegro",2000,"20--64",499,11.14
"Montenegro",2005,"20--64",499,11.44
"Montenegro",2010,"20--64",499,11.64
"Montenegro",2015,"20--64",499,11.97
"Morocco",1970,"20--64",504,0.6
"Morocco",1975,"20--64",504,0.99
"Morocco",1980,"20--64",504,1.46
"Morocco",1985,"20--64",504,1.95
"Morocco",1990,"20--64",504,2.49
"Morocco",1995,"20--64",504,3.04
"Morocco",2000,"20--64",504,3.55
"Morocco",2005,"20--64",504,4
"Morocco",2010,"20--64",504,4.85
"Morocco",2015,"20--64",504,5.66
"Mozambique",1970,"20--64",508,0.42
"Mozambique",1975,"20--64",508,0.56
"Mozambique",1980,"20--64",508,0.75
"Mozambique",1985,"20--64",508,0.9
"Mozambique",1990,"20--64",508,0.99
"Mozambique",1995,"20--64",508,1.18
"Mozambique",2000,"20--64",508,1.43
"Mozambique",2005,"20--64",508,1.75
"Mozambique",2010,"20--64",508,2.3
"Mozambique",2015,"20--64",508,2.93
"Myanmar",1970,"20--64",104,2.62
"Myanmar",1975,"20--64",104,3.07
"Myanmar",1980,"20--64",104,3.54
"Myanmar",1985,"20--64",104,3.99
"Myanmar",1990,"20--64",104,4.43
"Myanmar",1995,"20--64",104,4.85
"Myanmar",2000,"20--64",104,5.24
"Myanmar",2005,"20--64",104,5.61
"Myanmar",2010,"20--64",104,5.98
"Myanmar",2015,"20--64",104,6.36
"Namibia",1970,"20--64",516,3.01
"Namibia",1975,"20--64",516,3.39
"Namibia",1980,"20--64",516,3.86
"Namibia",1985,"20--64",516,4.48
"Namibia",1990,"20--64",516,5.27
"Namibia",1995,"20--64",516,6.08
"Namibia",2000,"20--64",516,6.83
"Namibia",2005,"20--64",516,7.45
"Namibia",2010,"20--64",516,7.99
"Namibia",2015,"20--64",516,8.43
"Nepal",1970,"20--64",524,0.79
"Nepal",1975,"20--64",524,1.06
"Nepal",1980,"20--64",524,1.37
"Nepal",1985,"20--64",524,1.71
"Nepal",1990,"20--64",524,2.06
"Nepal",1995,"20--64",524,2.62
"Nepal",2000,"20--64",524,3.2
"Nepal",2005,"20--64",524,3.92
"Nepal",2010,"20--64",524,4.75
"Nepal",2015,"20--64",524,5.62
"Netherlands",1970,"20--64",528,9.36
"Netherlands",1975,"20--64",528,9.73
"Netherlands",1980,"20--64",528,10.11
"Netherlands",1985,"20--64",528,10.46
"Netherlands",1990,"20--64",528,10.82
"Netherlands",1995,"20--64",528,11.13
"Netherlands",2000,"20--64",528,11.38
"Netherlands",2005,"20--64",528,11.6
"Netherlands",2010,"20--64",528,11.82
"Netherlands",2015,"20--64",528,12.42
"New Caledonia",1970,"20--64",540,5.65
"New Caledonia",1975,"20--64",540,6.32
"New Caledonia",1980,"20--64",540,6.99
"New Caledonia",1985,"20--64",540,7.74
"New Caledonia",1990,"20--64",540,8.52
"New Caledonia",1995,"20--64",540,9.35
"New Caledonia",2000,"20--64",540,10.02
"New Caledonia",2005,"20--64",540,10.65
"New Caledonia",2010,"20--64",540,11.12
"New Caledonia",2015,"20--64",540,11.5
"New Zealand",1970,"20--64",554,9.75
"New Zealand",1975,"20--64",554,10.41
"New Zealand",1980,"20--64",554,11
"New Zealand",1985,"20--64",554,11.57
"New Zealand",1990,"20--64",554,12.05
"New Zealand",1995,"20--64",554,12.47
"New Zealand",2000,"20--64",554,12.78
"New Zealand",2005,"20--64",554,13.05
"New Zealand",2010,"20--64",554,13.28
"New Zealand",2015,"20--64",554,13.52
"Nicaragua",1970,"20--64",558,2.52
"Nicaragua",1975,"20--64",558,2.96
"Nicaragua",1980,"20--64",558,3.49
"Nicaragua",1985,"20--64",558,4.06
"Nicaragua",1990,"20--64",558,4.6
"Nicaragua",1995,"20--64",558,5.06
"Nicaragua",2000,"20--64",558,5.47
"Nicaragua",2005,"20--64",558,5.89
"Nicaragua",2010,"20--64",558,6.37
"Nicaragua",2015,"20--64",558,6.78
"Niger",1970,"20--64",562,0.14
"Niger",1975,"20--64",562,0.23
"Niger",1980,"20--64",562,0.34
"Niger",1985,"20--64",562,0.49
"Niger",1990,"20--64",562,0.68
"Niger",1995,"20--64",562,0.82
"Niger",2000,"20--64",562,1
"Niger",2005,"20--64",562,1.2
"Niger",2010,"20--64",562,1.5
"Niger",2015,"20--64",562,1.95
"Nigeria",1970,"20--64",566,1.38
"Nigeria",1975,"20--64",566,1.68
"Nigeria",1980,"20--64",566,2.08
"Nigeria",1985,"20--64",566,2.61
"Nigeria",1990,"20--64",566,3.27
"Nigeria",1995,"20--64",566,4.02
"Nigeria",2000,"20--64",566,4.78
"Nigeria",2005,"20--64",566,5.5
"Nigeria",2010,"20--64",566,6.17
"Nigeria",2015,"20--64",566,6.75
"Norway",1970,"20--64",578,10.8
"Norway",1975,"20--64",578,11.03
"Norway",1980,"20--64",578,11.29
"Norway",1985,"20--64",578,11.54
"Norway",1990,"20--64",578,11.76
"Norway",1995,"20--64",578,11.95
"Norway",2000,"20--64",578,12.16
"Norway",2005,"20--64",578,12.39
"Norway",2010,"20--64",578,12.67
"Norway",2015,"20--64",578,13.1
"Occupied Palestinian Territory",1970,"20--64",275,3.9
"Occupied Palestinian Territory",1975,"20--64",275,4.85
"Occupied Palestinian Territory",1980,"20--64",275,5.84
"Occupied Palestinian Territory",1985,"20--64",275,6.84
"Occupied Palestinian Territory",1990,"20--64",275,7.71
"Occupied Palestinian Territory",1995,"20--64",275,8.43
"Occupied Palestinian Territory",2000,"20--64",275,9.09
"Occupied Palestinian Territory",2005,"20--64",275,9.7
"Occupied Palestinian Territory",2010,"20--64",275,10.31
"Occupied Palestinian Territory",2015,"20--64",275,10.74
"Oman",1970,"20--64",512,1.1
"Oman",1975,"20--64",512,1.68
"Oman",1980,"20--64",512,2.5
"Oman",1985,"20--64",512,3.32
"Oman",1990,"20--64",512,4.24
"Oman",1995,"20--64",512,5.38
"Oman",2000,"20--64",512,6.37
"Oman",2005,"20--64",512,7.31
"Oman",2010,"20--64",512,8.49
"Oman",2015,"20--64",512,9.21
"Pakistan",1970,"20--64",586,1.38
"Pakistan",1975,"20--64",586,1.59
"Pakistan",1980,"20--64",586,1.88
"Pakistan",1985,"20--64",586,2.23
"Pakistan",1990,"20--64",586,2.57
"Pakistan",1995,"20--64",586,2.92
"Pakistan",2000,"20--64",586,3.35
"Pakistan",2005,"20--64",586,3.91
"Pakistan",2010,"20--64",586,4.5
"Pakistan",2015,"20--64",586,5.08
"Panama",1970,"20--64",591,5.45
"Panama",1975,"20--64",591,6.09
"Panama",1980,"20--64",591,6.77
"Panama",1985,"20--64",591,7.43
"Panama",1990,"20--64",591,8
"Panama",1995,"20--64",591,8.49
"Panama",2000,"20--64",591,8.91
"Panama",2005,"20--64",591,9.3
"Panama",2010,"20--64",591,9.64
"Panama",2015,"20--64",591,10.2
"Papua New Guinea",2015,"20--64",598,6.94
"Paraguay",1970,"20--64",600,4.58
"Paraguay",1975,"20--64",600,5.04
"Paraguay",1980,"20--64",600,5.52
"Paraguay",1985,"20--64",600,6.01
"Paraguay",1990,"20--64",600,6.49
"Paraguay",1995,"20--64",600,6.95
"Paraguay",2000,"20--64",600,7.38
"Paraguay",2005,"20--64",600,7.87
"Paraguay",2010,"20--64",600,8.36
"Paraguay",2015,"20--64",600,8.79
"Peru",1970,"20--64",604,5.24
"Peru",1975,"20--64",604,5.9
"Peru",1980,"20--64",604,6.56
"Peru",1985,"20--64",604,7.21
"Peru",1990,"20--64",604,7.84
"Peru",1995,"20--64",604,8.43
"Peru",2000,"20--64",604,8.96
"Peru",2005,"20--64",604,9.4
"Peru",2010,"20--64",604,9.91
"Peru",2015,"20--64",604,10.22
"Philippines",1970,"20--64",608,5.88
"Philippines",1975,"20--64",608,6.43
"Philippines",1980,"20--64",608,6.94
"Philippines",1985,"20--64",608,7.4
"Philippines",1990,"20--64",608,7.8
"Philippines",1995,"20--64",608,8.13
"Philippines",2000,"20--64",608,8.42
"Philippines",2005,"20--64",608,8.79
"Philippines",2010,"20--64",608,9.13
"Philippines",2015,"20--64",608,9.42
"Poland",1970,"20--64",616,9.84
"Poland",1975,"20--64",616,10.26
"Poland",1980,"20--64",616,10.67
"Poland",1985,"20--64",616,11
"Poland",1990,"20--64",616,11.3
"Poland",1995,"20--64",616,11.57
"Poland",2000,"20--64",616,11.81
"Poland",2005,"20--64",616,12.03
"Poland",2010,"20--64",616,12.23
"Poland",2015,"20--64",616,13.04
"Portugal",1970,"20--64",620,2.84
"Portugal",1975,"20--64",620,3.39
"Portugal",1980,"20--64",620,4.03
"Portugal",1985,"20--64",620,4.74
"Portugal",1990,"20--64",620,5.48
"Portugal",1995,"20--64",620,6.34
"Portugal",2000,"20--64",620,7.19
"Portugal",2005,"20--64",620,8.01
"Portugal",2010,"20--64",620,8.67
"Portugal",2015,"20--64",620,9.35
"Puerto Rico",1970,"20--64",630,7.69
"Puerto Rico",1975,"20--64",630,8.53
"Puerto Rico",1980,"20--64",630,9.11
"Puerto Rico",1985,"20--64",630,9.73
"Puerto Rico",1990,"20--64",630,10.3
"Puerto Rico",1995,"20--64",630,10.78
"Puerto Rico",2000,"20--64",630,11.22
"Puerto Rico",2005,"20--64",630,11.64
"Puerto Rico",2010,"20--64",630,11.98
"Puerto Rico",2015,"20--64",630,12.44
"Qatar",1970,"20--64",634,4.88
"Qatar",1975,"20--64",634,5.83
"Qatar",1980,"20--64",634,6.76
"Qatar",1985,"20--64",634,7.7
"Qatar",1990,"20--64",634,8.16
"Qatar",1995,"20--64",634,8.67
"Qatar",2000,"20--64",634,8.94
"Qatar",2005,"20--64",634,9.16
"Qatar",2010,"20--64",634,9.06
"Qatar",2015,"20--64",634,9.32
"Republic of Korea",1970,"20--64",410,6.02
"Republic of Korea",1975,"20--64",410,7.09
"Republic of Korea",1980,"20--64",410,8.19
"Republic of Korea",1985,"20--64",410,9.18
"Republic of Korea",1990,"20--64",410,10.06
"Republic of Korea",1995,"20--64",410,10.78
"Republic of Korea",2000,"20--64",410,11.4
"Republic of Korea",2005,"20--64",410,11.96
"Republic of Korea",2010,"20--64",410,12.5
"Republic of Korea",2015,"20--64",410,12.9
"Republic of Moldova",1970,"20--64",498,4.43
"Republic of Moldova",1975,"20--64",498,5.79
"Republic of Moldova",1980,"20--64",498,7.08
"Republic of Moldova",1985,"20--64",498,8.1
"Republic of Moldova",1990,"20--64",498,9.05
"Republic of Moldova",1995,"20--64",498,9.85
"Republic of Moldova",2000,"20--64",498,10.4
"Republic of Moldova",2005,"20--64",498,10.69
"Republic of Moldova",2010,"20--64",498,10.94
"Republic of Moldova",2015,"20--64",498,11.06
"Reunion",1970,"20--64",638,3.59
"Reunion",1975,"20--64",638,4.49
"Reunion",1980,"20--64",638,5.39
"Reunion",1985,"20--64",638,6.31
"Reunion",1990,"20--64",638,7.16
"Reunion",1995,"20--64",638,7.87
"Reunion",2000,"20--64",638,8.52
"Reunion",2005,"20--64",638,9.06
"Reunion",2010,"20--64",638,9.52
"Reunion",2015,"20--64",638,9.91
"Romania",1970,"20--64",642,7.27
"Romania",1975,"20--64",642,7.98
"Romania",1980,"20--64",642,8.68
"Romania",1985,"20--64",642,9.18
"Romania",1990,"20--64",642,9.74
"Romania",1995,"20--64",642,10.28
"Romania",2000,"20--64",642,10.69
"Romania",2005,"20--64",642,11.03
"Romania",2010,"20--64",642,11.24
"Romania",2015,"20--64",642,11.65
"Russian Federation",1970,"20--64",643,6.43
"Russian Federation",1975,"20--64",643,7.28
"Russian Federation",1980,"20--64",643,8.11
"Russian Federation",1985,"20--64",643,8.72
"Russian Federation",1990,"20--64",643,9.27
"Russian Federation",1995,"20--64",643,9.83
"Russian Federation",2000,"20--64",643,10.16
"Russian Federation",2005,"20--64",643,10.43
"Russian Federation",2010,"20--64",643,10.69
"Russian Federation",2015,"20--64",643,10.87
"Rwanda",1970,"20--64",646,1.18
"Rwanda",1975,"20--64",646,1.41
"Rwanda",1980,"20--64",646,1.65
"Rwanda",1985,"20--64",646,1.95
"Rwanda",1990,"20--64",646,2.32
"Rwanda",1995,"20--64",646,2.74
"Rwanda",2000,"20--64",646,3.1
"Rwanda",2005,"20--64",646,3.57
"Rwanda",2010,"20--64",646,4.1
"Rwanda",2015,"20--64",646,4.56
"Saint Lucia",1970,"20--64",662,5.3
"Saint Lucia",1975,"20--64",662,6.1
"Saint Lucia",1980,"20--64",662,6.9
"Saint Lucia",1985,"20--64",662,7.63
"Saint Lucia",1990,"20--64",662,8.21
"Saint Lucia",1995,"20--64",662,8.77
"Saint Lucia",2000,"20--64",662,9.31
"Saint Lucia",2005,"20--64",662,9.82
"Saint Lucia",2010,"20--64",662,10.12
"Saint Lucia",2015,"20--64",662,10.58
"Saint Vincent and the Grenadines",1970,"20--64",670,6.73
"Saint Vincent and the Grenadines",1975,"20--64",670,7.55
"Saint Vincent and the Grenadines",1980,"20--64",670,8.31
"Saint Vincent and the Grenadines",1985,"20--64",670,8.91
"Saint Vincent and the Grenadines",1990,"20--64",670,9.44
"Saint Vincent and the Grenadines",1995,"20--64",670,9.89
"Saint Vincent and the Grenadines",2000,"20--64",670,10.22
"Saint Vincent and the Grenadines",2005,"20--64",670,10.51
"Saint Vincent and the Grenadines",2010,"20--64",670,10.67
"Saint Vincent and the Grenadines",2015,"20--64",670,10.82
"Samoa",1970,"20--64",882,7.39
"Samoa",1975,"20--64",882,7.84
"Samoa",1980,"20--64",882,8.4
"Samoa",1985,"20--64",882,8.95
"Samoa",1990,"20--64",882,9.4
"Samoa",1995,"20--64",882,9.71
"Samoa",2000,"20--64",882,9.96
"Samoa",2005,"20--64",882,10.38
"Samoa",2010,"20--64",882,10.58
"Samoa",2015,"20--64",882,10.74
"Sao Tome and Principe",1970,"20--64",678,0.69
"Sao Tome and Principe",1975,"20--64",678,1.01
"Sao Tome and Principe",1980,"20--64",678,1.39
"Sao Tome and Principe",1985,"20--64",678,1.94
"Sao Tome and Principe",1990,"20--64",678,2.5
"Sao Tome and Principe",1995,"20--64",678,2.98
"Sao Tome and Principe",2000,"20--64",678,3.39
"Sao Tome and Principe",2005,"20--64",678,3.73
"Sao Tome and Principe",2010,"20--64",678,4.02
"Sao Tome and Principe",2015,"20--64",678,4.68
"Saudi Arabia",1970,"20--64",682,2.27
"Saudi Arabia",1975,"20--64",682,2.9
"Saudi Arabia",1980,"20--64",682,3.78
"Saudi Arabia",1985,"20--64",682,4.85
"Saudi Arabia",1990,"20--64",682,6.02
"Saudi Arabia",1995,"20--64",682,6.86
"Saudi Arabia",2000,"20--64",682,7.87
"Saudi Arabia",2005,"20--64",682,8.78
"Saudi Arabia",2010,"20--64",682,9.53
"Saudi Arabia",2015,"20--64",682,10.2
"Senegal",1970,"20--64",686,1.05
"Senegal",1975,"20--64",686,1.37
"Senegal",1980,"20--64",686,1.62
"Senegal",1985,"20--64",686,1.87
"Senegal",1990,"20--64",686,2.14
"Senegal",1995,"20--64",686,2.43
"Senegal",2000,"20--64",686,2.7
"Senegal",2005,"20--64",686,3.21
"Senegal",2010,"20--64",686,3.74
"Senegal",2015,"20--64",686,4.26
"Serbia",1970,"20--64",688,6.9
"Serbia",1975,"20--64",688,7.87
"Serbia",1980,"20--64",688,8.62
"Serbia",1985,"20--64",688,9.23
"Serbia",1990,"20--64",688,9.91
"Serbia",1995,"20--64",688,10.61
"Serbia",2000,"20--64",688,11.16
"Serbia",2005,"20--64",688,11.57
"Serbia",2010,"20--64",688,11.82
"Serbia",2015,"20--64",688,12.06
"Seychelles",2015,"20--64",690,10.65
"Sierra Leone",1970,"20--64",694,1.14
"Sierra Leone",1975,"20--64",694,1.41
"Sierra Leone",1980,"20--64",694,1.7
"Sierra Leone",1985,"20--64",694,2.03
"Sierra Leone",1990,"20--64",694,2.36
"Sierra Leone",1995,"20--64",694,2.71
"Sierra Leone",2000,"20--64",694,3.02
"Sierra Leone",2005,"20--64",694,3.37
"Sierra Leone",2010,"20--64",694,3.87
"Sierra Leone",2015,"20--64",694,4.3
"Singapore",1970,"20--64",702,4.9
"Singapore",1975,"20--64",702,6.29
"Singapore",1980,"20--64",702,7.66
"Singapore",1985,"20--64",702,8.78
"Singapore",1990,"20--64",702,9.99
"Singapore",1995,"20--64",702,10.87
"Singapore",2000,"20--64",702,11.58
"Singapore",2005,"20--64",702,12.27
"Singapore",2010,"20--64",702,12.96
"Singapore",2015,"20--64",702,12.64
"Slovakia",1970,"20--64",703,10.35
"Slovakia",1975,"20--64",703,10.74
"Slovakia",1980,"20--64",703,11.07
"Slovakia",1985,"20--64",703,11.3
"Slovakia",1990,"20--64",703,11.56
"Slovakia",1995,"20--64",703,11.76
"Slovakia",2000,"20--64",703,11.96
"Slovakia",2005,"20--64",703,12.23
"Slovakia",2010,"20--64",703,12.43
"Slovakia",2015,"20--64",703,13.25
"Slovenia",1970,"20--64",705,10.3
"Slovenia",1975,"20--64",705,10.48
"Slovenia",1980,"20--64",705,10.63
"Slovenia",1985,"20--64",705,10.79
"Slovenia",1990,"20--64",705,10.96
"Slovenia",1995,"20--64",705,11.13
"Slovenia",2000,"20--64",705,11.32
"Slovenia",2005,"20--64",705,11.54
"Slovenia",2010,"20--64",705,11.85
"Slovenia",2015,"20--64",705,12.2
"Solomon Islands",1970,"20--64",90,2.51
"Solomon Islands",1975,"20--64",90,3.01
"Solomon Islands",1980,"20--64",90,3.57
"Solomon Islands",1985,"20--64",90,4.1
"Solomon Islands",1990,"20--64",90,4.56
"Solomon Islands",1995,"20--64",90,5.06
"Solomon Islands",2000,"20--64",90,5.5
"Solomon Islands",2005,"20--64",90,5.89
"Solomon Islands",2010,"20--64",90,6.25
"Solomon Islands",2015,"20--64",90,6.69
"Somalia",1970,"20--64",706,0.9
"Somalia",1975,"20--64",706,1.04
"Somalia",1980,"20--64",706,1.25
"Somalia",1985,"20--64",706,1.51
"Somalia",1990,"20--64",706,1.77
"Somalia",1995,"20--64",706,2.02
"Somalia",2000,"20--64",706,2.18
"Somalia",2005,"20--64",706,2.36
"Somalia",2010,"20--64",706,2.82
"Somalia",2015,"20--64",706,3.31
"South Africa",1970,"20--64",710,5.24
"South Africa",1975,"20--64",710,5.76
"South Africa",1980,"20--64",710,6.32
"South Africa",1985,"20--64",710,6.9
"South Africa",1990,"20--64",710,7.52
"South Africa",1995,"20--64",710,8.13
"South Africa",2000,"20--64",710,8.7
"South Africa",2005,"20--64",710,9.22
"South Africa",2010,"20--64",710,9.56
"South Africa",2015,"20--64",710,10.07
"South Sudan",1970,"20--64",728,0.54
"South Sudan",1975,"20--64",728,0.61
"South Sudan",1980,"20--64",728,0.69
"South Sudan",1985,"20--64",728,0.81
"South Sudan",1990,"20--64",728,1.06
"South Sudan",1995,"20--64",728,1.31
"South Sudan",2000,"20--64",728,1.57
"South Sudan",2005,"20--64",728,1.86
"South Sudan",2010,"20--64",728,2.22
"South Sudan",2015,"20--64",728,2.63
"Spain",1970,"20--64",724,5.58
"Spain",1975,"20--64",724,6.24
"Spain",1980,"20--64",724,6.91
"Spain",1985,"20--64",724,7.57
"Spain",1990,"20--64",724,8.27
"Spain",1995,"20--64",724,8.98
"Spain",2000,"20--64",724,9.66
"Spain",2005,"20--64",724,10.2
"Spain",2010,"20--64",724,10.65
"Spain",2015,"20--64",724,11.47
"Sri Lanka",1970,"20--64",144,5.08
"Sri Lanka",1975,"20--64",144,5.71
"Sri Lanka",1980,"20--64",144,6.32
"Sri Lanka",1985,"20--64",144,6.93
"Sri Lanka",1990,"20--64",144,7.66
"Sri Lanka",1995,"20--64",144,8.48
"Sri Lanka",2000,"20--64",144,9.19
"Sri Lanka",2005,"20--64",144,9.86
"Sri Lanka",2010,"20--64",144,10.36
"Sri Lanka",2015,"20--64",144,10.77
"Sudan",1970,"20--64",729,0.71
"Sudan",1975,"20--64",729,0.95
"Sudan",1980,"20--64",729,1.27
"Sudan",1985,"20--64",729,1.7
"Sudan",1990,"20--64",729,2.25
"Sudan",1995,"20--64",729,2.81
"Sudan",2000,"20--64",729,3.34
"Sudan",2005,"20--64",729,3.8
"Sudan",2010,"20--64",729,4.25
"Sudan",2015,"20--64",729,4.98
"Suriname",1970,"20--64",740,6.79
"Suriname",1975,"20--64",740,7.18
"Suriname",1980,"20--64",740,7.65
"Suriname",1985,"20--64",740,8.14
"Suriname",1990,"20--64",740,8.59
"Suriname",1995,"20--64",740,8.97
"Suriname",2000,"20--64",740,9.28
"Suriname",2005,"20--64",740,9.54
"Suriname",2010,"20--64",740,9.89
"Suriname",2015,"20--64",740,10.19
"Swaziland",1970,"20--64",748,2.77
"Swaziland",1975,"20--64",748,3.52
"Swaziland",1980,"20--64",748,4.34
"Swaziland",1985,"20--64",748,5.14
"Swaziland",1990,"20--64",748,5.99
"Swaziland",1995,"20--64",748,6.76
"Swaziland",2000,"20--64",748,7.43
"Swaziland",2005,"20--64",748,7.87
"Swaziland",2010,"20--64",748,8.75
"Swaziland",2015,"20--64",748,9.5
"Sweden",1970,"20--64",752,9.18
"Sweden",1975,"20--64",752,9.66
"Sweden",1980,"20--64",752,10.16
"Sweden",1985,"20--64",752,10.63
"Sweden",1990,"20--64",752,11.1
"Sweden",1995,"20--64",752,11.49
"Sweden",2000,"20--64",752,11.8
"Sweden",2005,"20--64",752,12.07
"Sweden",2010,"20--64",752,12.34
"Sweden",2015,"20--64",752,12.77
"Switzerland",1970,"20--64",756,10.93
"Switzerland",1975,"20--64",756,11.18
"Switzerland",1980,"20--64",756,11.43
"Switzerland",1985,"20--64",756,11.69
"Switzerland",1990,"20--64",756,11.96
"Switzerland",1995,"20--64",756,12.22
"Switzerland",2000,"20--64",756,12.45
"Switzerland",2005,"20--64",756,12.67
"Switzerland",2010,"20--64",756,12.88
"Switzerland",2015,"20--64",756,13.4
"Syrian Arab Republic",1970,"20--64",760,2.53
"Syrian Arab Republic",1975,"20--64",760,3.07
"Syrian Arab Republic",1980,"20--64",760,3.65
"Syrian Arab Republic",1985,"20--64",760,4.28
"Syrian Arab Republic",1990,"20--64",760,4.89
"Syrian Arab Republic",1995,"20--64",760,5.45
"Syrian Arab Republic",2000,"20--64",760,5.89
"Syrian Arab Republic",2005,"20--64",760,6.24
"Syrian Arab Republic",2010,"20--64",760,6.83
"Syrian Arab Republic",2015,"20--64",760,7.29
"Taiwan Province of China",1970,"20--64",158,5.83
"Taiwan Province of China",1975,"20--64",158,6.84
"Taiwan Province of China",1980,"20--64",158,7.9
"Taiwan Province of China",1985,"20--64",158,8.86
"Taiwan Province of China",1990,"20--64",158,9.68
"Taiwan Province of China",1995,"20--64",158,10.37
"Taiwan Province of China",2000,"20--64",158,10.95
"Taiwan Province of China",2005,"20--64",158,11.5
"Taiwan Province of China",2010,"20--64",158,11.99
"Taiwan Province of China",2015,"20--64",158,12.39
"Tajikistan",1970,"20--64",762,6.67
"Tajikistan",1975,"20--64",762,7.96
"Tajikistan",1980,"20--64",762,9.12
"Tajikistan",1985,"20--64",762,10.04
"Tajikistan",1990,"20--64",762,10.72
"Tajikistan",1995,"20--64",762,11.23
"Tajikistan",2000,"20--64",762,11.49
"Tajikistan",2005,"20--64",762,11.68
"Tajikistan",2010,"20--64",762,11.8
"Tajikistan",2015,"20--64",762,11.79
"Thailand",1970,"20--64",764,6.15
"Thailand",1975,"20--64",764,6.82
"Thailand",1980,"20--64",764,7.44
"Thailand",1985,"20--64",764,7.99
"Thailand",1990,"20--64",764,8.45
"Thailand",1995,"20--64",764,8.83
"Thailand",2000,"20--64",764,9.22
"Thailand",2005,"20--64",764,9.59
"Thailand",2010,"20--64",764,9.91
"Thailand",2015,"20--64",764,10.22
"The former Yugoslav Republic of Macedonia",1970,"20--64",807,3.88
"The former Yugoslav Republic of Macedonia",1975,"20--64",807,5
"The former Yugoslav Republic of Macedonia",1980,"20--64",807,6.03
"The former Yugoslav Republic of Macedonia",1985,"20--64",807,6.85
"The former Yugoslav Republic of Macedonia",1990,"20--64",807,7.65
"The former Yugoslav Republic of Macedonia",1995,"20--64",807,8.42
"The former Yugoslav Republic of Macedonia",2000,"20--64",807,9.1
"The former Yugoslav Republic of Macedonia",2005,"20--64",807,9.71
"The former Yugoslav Republic of Macedonia",2010,"20--64",807,10.17
"The former Yugoslav Republic of Macedonia",2015,"20--64",807,10.64
"Timor-Leste",1970,"20--64",626,0.52
"Timor-Leste",1975,"20--64",626,0.7
"Timor-Leste",1980,"20--64",626,1.05
"Timor-Leste",1985,"20--64",626,1.54
"Timor-Leste",1990,"20--64",626,2.21
"Timor-Leste",1995,"20--64",626,3.05
"Timor-Leste",2000,"20--64",626,3.57
"Timor-Leste",2005,"20--64",626,4.67
"Timor-Leste",2010,"20--64",626,5.62
"Timor-Leste",2015,"20--64",626,6.72
"Togo",1970,"20--64",768,0.99
"Togo",1975,"20--64",768,1.29
"Togo",1980,"20--64",768,1.72
"Togo",1985,"20--64",768,2.25
"Togo",1990,"20--64",768,2.77
"Togo",1995,"20--64",768,3.2
"Togo",2000,"20--64",768,3.63
"Togo",2005,"20--64",768,4.09
"Togo",2010,"20--64",768,4.64
"Togo",2015,"20--64",768,5.25
"Tonga",1970,"20--64",776,7.66
"Tonga",1975,"20--64",776,8
"Tonga",1980,"20--64",776,8.39
"Tonga",1985,"20--64",776,8.92
"Tonga",1990,"20--64",776,9.53
"Tonga",1995,"20--64",776,9.92
"Tonga",2000,"20--64",776,10.25
"Tonga",2005,"20--64",776,10.47
"Tonga",2010,"20--64",776,10.78
"Tonga",2015,"20--64",776,11.03
"Trinidad and Tobago",1970,"20--64",780,6.78
"Trinidad and Tobago",1975,"20--64",780,7.49
"Trinidad and Tobago",1980,"20--64",780,8.22
"Trinidad and Tobago",1985,"20--64",780,8.94
"Trinidad and Tobago",1990,"20--64",780,9.55
"Trinidad and Tobago",1995,"20--64",780,10.09
"Trinidad and Tobago",2000,"20--64",780,10.55
"Trinidad and Tobago",2005,"20--64",780,11.02
"Trinidad and Tobago",2010,"20--64",780,11.4
"Trinidad and Tobago",2015,"20--64",780,11.63
"Tunisia",1970,"20--64",788,1.38
"Tunisia",1975,"20--64",788,2.15
"Tunisia",1980,"20--64",788,3.03
"Tunisia",1985,"20--64",788,3.82
"Tunisia",1990,"20--64",788,4.62
"Tunisia",1995,"20--64",788,5.44
"Tunisia",2000,"20--64",788,6.34
"Tunisia",2005,"20--64",788,7.3
"Tunisia",2010,"20--64",788,8.27
"Tunisia",2015,"20--64",788,8.99
"Turkey",1970,"20--64",792,3.52
"Turkey",1975,"20--64",792,4.17
"Turkey",1980,"20--64",792,4.89
"Turkey",1985,"20--64",792,5.59
"Turkey",1990,"20--64",792,6.3
"Turkey",1995,"20--64",792,6.96
"Turkey",2000,"20--64",792,7.55
"Turkey",2005,"20--64",792,8.08
"Turkey",2010,"20--64",792,8.64
"Turkey",2015,"20--64",792,9.21
"Turkmenistan",1970,"20--64",795,7.99
"Turkmenistan",1975,"20--64",795,8.95
"Turkmenistan",1980,"20--64",795,9.76
"Turkmenistan",1985,"20--64",795,10.33
"Turkmenistan",1990,"20--64",795,10.74
"Turkmenistan",1995,"20--64",795,11.02
"Turkmenistan",2000,"20--64",795,11.21
"Turkmenistan",2005,"20--64",795,10.97
"Turkmenistan",2010,"20--64",795,10.74
"Turkmenistan",2015,"20--64",795,10.73
"Uganda",1970,"20--64",800,2.64
"Uganda",1975,"20--64",800,3.04
"Uganda",1980,"20--64",800,3.43
"Uganda",1985,"20--64",800,3.82
"Uganda",1990,"20--64",800,4.21
"Uganda",1995,"20--64",800,4.61
"Uganda",2000,"20--64",800,4.96
"Uganda",2005,"20--64",800,5.57
"Uganda",2010,"20--64",800,6.15
"Uganda",2015,"20--64",800,6.68
"Ukraine",1970,"20--64",804,6.66
"Ukraine",1975,"20--64",804,7.66
"Ukraine",1980,"20--64",804,8.56
"Ukraine",1985,"20--64",804,9.16
"Ukraine",1990,"20--64",804,9.73
"Ukraine",1995,"20--64",804,10.19
"Ukraine",2000,"20--64",804,10.4
"Ukraine",2005,"20--64",804,10.62
"Ukraine",2010,"20--64",804,10.86
"Ukraine",2015,"20--64",804,10.98
"United Arab Emirates",1970,"20--64",784,5.19
"United Arab Emirates",1975,"20--64",784,6.73
"United Arab Emirates",1980,"20--64",784,8.08
"United Arab Emirates",1985,"20--64",784,8.62
"United Arab Emirates",1990,"20--64",784,9.02
"United Arab Emirates",1995,"20--64",784,9.36
"United Arab Emirates",2000,"20--64",784,9.5
"United Arab Emirates",2005,"20--64",784,9.61
"United Arab Emirates",2010,"20--64",784,9.94
"United Arab Emirates",2015,"20--64",784,10.24
"United Kingdom of Great Britain and Northern Ireland",1970,"20--64",826,10.9
"United Kingdom of Great Britain and Northern Ireland",1975,"20--64",826,11.12
"United Kingdom of Great Britain and Northern Ireland",1980,"20--64",826,11.38
"United Kingdom of Great Britain and Northern Ireland",1985,"20--64",826,11.65
"United Kingdom of Great Britain and Northern Ireland",1990,"20--64",826,11.93
"United Kingdom of Great Britain and Northern Ireland",1995,"20--64",826,12.17
"United Kingdom of Great Britain and Northern Ireland",2000,"20--64",826,12.4
"United Kingdom of Great Britain and Northern Ireland",2005,"20--64",826,12.63
"United Kingdom of Great Britain and Northern Ireland",2010,"20--64",826,12.86
"United Kingdom of Great Britain and Northern Ireland",2015,"20--64",826,13.26
"United Republic of Tanzania",1970,"20--64",834,2.27
"United Republic of Tanzania",1975,"20--64",834,2.83
"United Republic of Tanzania",1980,"20--64",834,3.45
"United Republic of Tanzania",1985,"20--64",834,4.09
"United Republic of Tanzania",1990,"20--64",834,4.72
"United Republic of Tanzania",1995,"20--64",834,5.3
"United Republic of Tanzania",2000,"20--64",834,5.81
"United Republic of Tanzania",2005,"20--64",834,6.28
"United Republic of Tanzania",2010,"20--64",834,6.69
"United Republic of Tanzania",2015,"20--64",834,7.22
"United States of America",1970,"20--64",840,10.69
"United States of America",1975,"20--64",840,11.14
"United States of America",1980,"20--64",840,11.54
"United States of America",1985,"20--64",840,11.87
"United States of America",1990,"20--64",840,12.12
"United States of America",1995,"20--64",840,12.28
"United States of America",2000,"20--64",840,12.38
"United States of America",2005,"20--64",840,12.46
"United States of America",2010,"20--64",840,12.54
"United States of America",2015,"20--64",840,12.89
"United States Virgin Islands",2015,"20--64",850,9.99
"Uruguay",1970,"20--64",858,6.02
"Uruguay",1975,"20--64",858,6.46
"Uruguay",1980,"20--64",858,6.96
"Uruguay",1985,"20--64",858,7.44
"Uruguay",1990,"20--64",858,7.91
"Uruguay",1995,"20--64",858,8.35
"Uruguay",2000,"20--64",858,8.71
"Uruguay",2005,"20--64",858,8.99
"Uruguay",2010,"20--64",858,9.19
"Uruguay",2015,"20--64",858,9.55
"Uzbekistan",2015,"20--64",860,11.23
"Vanuatu",1970,"20--64",548,2.77
"Vanuatu",1975,"20--64",548,3.26
"Vanuatu",1980,"20--64",548,3.81
"Vanuatu",1985,"20--64",548,4.33
"Vanuatu",1990,"20--64",548,4.84
"Vanuatu",1995,"20--64",548,5.34
"Vanuatu",2000,"20--64",548,5.82
"Vanuatu",2005,"20--64",548,6.26
"Vanuatu",2010,"20--64",548,6.65
"Vanuatu",2015,"20--64",548,7.2
"Venezuela (Bolivarian Republic of)",1970,"20--64",862,5.37
"Venezuela (Bolivarian Republic of)",1975,"20--64",862,6.08
"Venezuela (Bolivarian Republic of)",1980,"20--64",862,6.8
"Venezuela (Bolivarian Republic of)",1985,"20--64",862,7.5
"Venezuela (Bolivarian Republic of)",1990,"20--64",862,8.1
"Venezuela (Bolivarian Republic of)",1995,"20--64",862,8.62
"Venezuela (Bolivarian Republic of)",2000,"20--64",862,9.07
"Venezuela (Bolivarian Republic of)",2005,"20--64",862,9.5
"Venezuela (Bolivarian Republic of)",2010,"20--64",862,9.88
"Venezuela (Bolivarian Republic of)",2015,"20--64",862,10.11
"Viet Nam",1970,"20--64",704,3.65
"Viet Nam",1975,"20--64",704,4.42
"Viet Nam",1980,"20--64",704,5.18
"Viet Nam",1985,"20--64",704,5.87
"Viet Nam",1990,"20--64",704,6.4
"Viet Nam",1995,"20--64",704,6.78
"Viet Nam",2000,"20--64",704,7.09
"Viet Nam",2005,"20--64",704,7.39
"Viet Nam",2010,"20--64",704,7.73
"Viet Nam",2015,"20--64",704,8.08
"Western Sahara",2015,"20--64",732,3.58
"Yemen",1970,"20--64",887,0.01
"Yemen",1975,"20--64",887,0.02
"Yemen",1980,"20--64",887,0.04
"Yemen",1985,"20--64",887,0.08
"Yemen",1990,"20--64",887,0.18
"Yemen",1995,"20--64",887,0.32
"Yemen",2000,"20--64",887,0.67
"Yemen",2005,"20--64",887,1.1
"Yemen",2010,"20--64",887,1.61
"Yemen",2015,"20--64",887,2.38
"Zambia",1970,"20--64",894,3.59
"Zambia",1975,"20--64",894,4.3
"Zambia",1980,"20--64",894,4.97
"Zambia",1985,"20--64",894,5.55
"Zambia",1990,"20--64",894,6.05
"Zambia",1995,"20--64",894,6.47
"Zambia",2000,"20--64",894,6.85
"Zambia",2005,"20--64",894,7.17
"Zambia",2010,"20--64",894,7.49
"Zambia",2015,"20--64",894,7.94
"Zimbabwe",1970,"20--64",716,4.14
"Zimbabwe",1975,"20--64",716,4.98
"Zimbabwe",1980,"20--64",716,5.88
"Zimbabwe",1985,"20--64",716,6.95
"Zimbabwe",1990,"20--64",716,7.96
"Zimbabwe",1995,"20--64",716,8.84
"Zimbabwe",2000,"20--64",716,9.56
"Zimbabwe",2005,"20--64",716,10.06
"Zimbabwe",2010,"20--64",716,10.29
"Zimbabwe",2015,"20--64",716,10.96
