country,year,iso,old_dep
Afghanistan,1970,4,0.05
Afghanistan,1975,4,0.05
Afghanistan,1980,4,0.05
Afghanistan,1985,4,0.04
Afghanistan,1990,4,0.04
Afghanistan,1995,4,0.05
Afghanistan,2000,4,0.05
Afghanistan,2005,4,0.04
Afghanistan,2010,4,0.05
Afghanistan,2015,4,0.05
Albania,1970,8,0.1
Albania,1975,8,0.09
Albania,1980,8,0.09
Albania,1985,8,0.09
Albania,1990,8,0.09
Albania,1995,8,0.11
Albania,2000,8,0.11
Albania,2005,8,0.13
Albania,2010,8,0.16
Albania,2015,8,0.18
Algeria,1970,12,0.07
Algeria,1975,12,0.07
Algeria,1980,12,0.07
Algeria,1985,12,0.07
Algeria,1990,12,0.06
Algeria,1995,12,0.06
Algeria,2000,12,0.07
Algeria,2005,12,0.07
Algeria,2010,12,0.08
Algeria,2015,12,0.09
Angola,1970,24,0.05
Angola,1975,24,0.05
Angola,1980,24,0.05
Angola,1985,24,0.05
Angola,1990,24,0.05
Angola,1995,24,0.05
Angola,2000,24,0.05
Angola,2005,24,0.05
Angola,2010,24,0.05
Angola,2015,24,0.05
Antigua and Barbuda,1970,28,0.07
Antigua and Barbuda,1975,28,0.08
Antigua and Barbuda,1980,28,0.09
Antigua and Barbuda,1985,28,0.1
Antigua and Barbuda,1990,28,0.12
Antigua and Barbuda,1995,28,0.13
Antigua and Barbuda,2000,28,0.1
Antigua and Barbuda,2005,28,0.1
Antigua and Barbuda,2010,28,0.1
Antigua and Barbuda,2015,28,0.1
Argentina,1970,32,0.11
Argentina,1975,32,0.12
Argentina,1980,32,0.13
Argentina,1985,32,0.14
Argentina,1990,32,0.15
Argentina,1995,32,0.16
Argentina,2000,32,0.16
Argentina,2005,32,0.16
Argentina,2010,32,0.16
Argentina,2015,32,0.17
Armenia,1970,51,0.1
Armenia,1975,51,0.1
Armenia,1980,51,0.09
Armenia,1985,51,0.08
Armenia,1990,51,0.09
Armenia,1995,51,0.13
Armenia,2000,51,0.16
Armenia,2005,51,0.17
Armenia,2010,51,0.15
Armenia,2015,51,0.16
Aruba,1970,533,0.07
Aruba,1975,533,0.09
Aruba,1980,533,0.1
Aruba,1985,533,0.11
Aruba,1990,533,0.11
Aruba,1995,533,0.1
Aruba,2000,533,0.11
Aruba,2005,533,0.12
Aruba,2010,533,0.15
Aruba,2015,533,0.18
Australia,1970,36,0.13
Australia,1975,36,0.14
Australia,1980,36,0.15
Australia,1985,36,0.16
Australia,1990,36,0.17
Australia,1995,36,0.18
Australia,2000,36,0.18
Australia,2005,36,0.19
Australia,2010,36,0.2
Australia,2015,36,0.23
Austria,1970,40,0.23
Austria,1975,40,0.24
Austria,1980,40,0.24
Austria,1985,40,0.21
Austria,1990,40,0.22
Austria,1995,40,0.23
Austria,2000,40,0.23
Austria,2005,40,0.24
Austria,2010,40,0.26
Austria,2015,40,0.28
Azerbaijan,1970,31,0.11
Azerbaijan,1975,31,0.1
Azerbaijan,1980,31,0.09
Azerbaijan,1985,31,0.08
Azerbaijan,1990,31,0.07
Azerbaijan,1995,31,0.08
Azerbaijan,2000,31,0.09
Azerbaijan,2005,31,0.1
Azerbaijan,2010,31,0.08
Azerbaijan,2015,31,0.08
Bahamas,1970,44,0.06
Bahamas,1975,44,0.07
Bahamas,1980,44,0.07
Bahamas,1985,44,0.07
Bahamas,1990,44,0.07
Bahamas,1995,44,0.07
Bahamas,2000,44,0.08
Bahamas,2005,44,0.09
Bahamas,2010,44,0.1
Bahamas,2015,44,0.12
Bahrain,1970,48,0.05
Bahrain,1975,48,0.04
Bahrain,1980,48,0.03
Bahrain,1985,48,0.04
Bahrain,1990,48,0.03
Bahrain,1995,48,0.04
Bahrain,2000,48,0.04
Bahrain,2005,48,0.03
Bahrain,2010,48,0.03
Bahrain,2015,48,0.03
Bangladesh,1970,50,0.05
Bangladesh,1975,50,0.06
Bangladesh,1980,50,0.06
Bangladesh,1985,50,0.06
Bangladesh,1990,50,0.06
Bangladesh,1995,50,0.06
Bangladesh,2000,50,0.06
Bangladesh,2005,50,0.07
Bangladesh,2010,50,0.07
Bangladesh,2015,50,0.08
Barbados,1970,52,0.15
Barbados,1975,52,0.17
Barbados,1980,52,0.18
Barbados,1985,52,0.16
Barbados,1990,52,0.15
Barbados,1995,52,0.16
Barbados,2000,52,0.17
Barbados,2005,52,0.17
Barbados,2010,52,0.18
Barbados,2015,52,0.21
Belarus,1970,112,0.14
Belarus,1975,112,0.15
Belarus,1980,112,0.16
Belarus,1985,112,0.15
Belarus,1990,112,0.16
Belarus,1995,112,0.19
Belarus,2000,112,0.2
Belarus,2005,112,0.21
Belarus,2010,112,0.2
Belarus,2015,112,0.21
Belgium,1970,56,0.21
Belgium,1975,56,0.22
Belgium,1980,56,0.22
Belgium,1985,56,0.2
Belgium,1990,56,0.23
Belgium,1995,56,0.24
Belgium,2000,56,0.26
Belgium,2005,56,0.26
Belgium,2010,56,0.26
Belgium,2015,56,0.28
Belize,1970,84,0.09
Belize,1975,84,0.1
Belize,1980,84,0.09
Belize,1985,84,0.08
Belize,1990,84,0.08
Belize,1995,84,0.09
Belize,2000,84,0.07
Belize,2005,84,0.06
Belize,2010,84,0.06
Belize,2015,84,0.06
Benin,1970,204,0.08
Benin,1975,204,0.08
Benin,1980,204,0.08
Benin,1985,204,0.07
Benin,1990,204,0.07
Benin,1995,204,0.06
Benin,2000,204,0.06
Benin,2005,204,0.05
Benin,2010,204,0.05
Benin,2015,204,0.06
Bhutan,1970,64,0.04
Bhutan,1975,64,0.04
Bhutan,1980,64,0.05
Bhutan,1985,64,0.05
Bhutan,1990,64,0.06
Bhutan,1995,64,0.06
Bhutan,2000,64,0.07
Bhutan,2005,64,0.07
Bhutan,2010,64,0.06
Bhutan,2015,64,0.07
Bolivia (Plurinational State of),1970,68,0.07
Bolivia (Plurinational State of),1975,68,0.07
Bolivia (Plurinational State of),1980,68,0.07
Bolivia (Plurinational State of),1985,68,0.07
Bolivia (Plurinational State of),1990,68,0.08
Bolivia (Plurinational State of),1995,68,0.09
Bolivia (Plurinational State of),2000,68,0.09
Bolivia (Plurinational State of),2005,68,0.09
Bolivia (Plurinational State of),2010,68,0.1
Bolivia (Plurinational State of),2015,68,0.11
Bosnia and Herzegovina,1970,70,0.08
Bosnia and Herzegovina,1975,70,0.09
Bosnia and Herzegovina,1980,70,0.09
Bosnia and Herzegovina,1985,70,0.08
Bosnia and Herzegovina,1990,70,0.09
Bosnia and Herzegovina,1995,70,0.12
Bosnia and Herzegovina,2000,70,0.16
Bosnia and Herzegovina,2005,70,0.19
Bosnia and Herzegovina,2010,70,0.19
Bosnia and Herzegovina,2015,70,0.23
Botswana,1970,72,0.07
Botswana,1975,72,0.06
Botswana,1980,72,0.05
Botswana,1985,72,0.05
Botswana,1990,72,0.05
Botswana,1995,72,0.05
Botswana,2000,72,0.05
Botswana,2005,72,0.05
Botswana,2010,72,0.05
Botswana,2015,72,0.06
Brazil,1970,76,0.06
Brazil,1975,76,0.06
Brazil,1980,76,0.06
Brazil,1985,76,0.06
Brazil,1990,76,0.07
Brazil,1995,76,0.07
Brazil,2000,76,0.08
Brazil,2005,76,0.09
Brazil,2010,76,0.1
Brazil,2015,76,0.11
Brunei Darussalam,1970,96,0.07
Brunei Darussalam,1975,96,0.06
Brunei Darussalam,1980,96,0.05
Brunei Darussalam,1985,96,0.05
Brunei Darussalam,1990,96,0.04
Brunei Darussalam,1995,96,0.04
Brunei Darussalam,2000,96,0.04
Brunei Darussalam,2005,96,0.04
Brunei Darussalam,2010,96,0.05
Brunei Darussalam,2015,96,0.06
Bulgaria,1970,100,0.14
Bulgaria,1975,100,0.16
Bulgaria,1980,100,0.18
Bulgaria,1985,100,0.17
Bulgaria,1990,100,0.2
Bulgaria,1995,100,0.23
Bulgaria,2000,100,0.24
Bulgaria,2005,100,0.25
Bulgaria,2010,100,0.27
Bulgaria,2015,100,0.3
Burkina Faso,1970,854,0.05
Burkina Faso,1975,854,0.06
Burkina Faso,1980,854,0.06
Burkina Faso,1985,854,0.07
Burkina Faso,1990,854,0.07
Burkina Faso,1995,854,0.06
Burkina Faso,2000,854,0.05
Burkina Faso,2005,854,0.05
Burkina Faso,2010,854,0.05
Burkina Faso,2015,854,0.05
Burundi,1970,108,0.06
Burundi,1975,108,0.06
Burundi,1980,108,0.06
Burundi,1985,108,0.06
Burundi,1990,108,0.06
Burundi,1995,108,0.06
Burundi,2000,108,0.06
Burundi,2005,108,0.05
Burundi,2010,108,0.05
Burundi,2015,108,0.05
Cambodia,1970,116,0.05
Cambodia,1975,116,0.05
Cambodia,1980,116,0.05
Cambodia,1985,116,0.05
Cambodia,1990,116,0.05
Cambodia,1995,116,0.06
Cambodia,2000,116,0.06
Cambodia,2005,116,0.06
Cambodia,2010,116,0.06
Cambodia,2015,116,0.06
Cameroon,1970,120,0.07
Cameroon,1975,120,0.07
Cameroon,1980,120,0.07
Cameroon,1985,120,0.07
Cameroon,1990,120,0.07
Cameroon,1995,120,0.07
Cameroon,2000,120,0.07
Cameroon,2005,120,0.06
Cameroon,2010,120,0.06
Cameroon,2015,120,0.06
Canada,1970,124,0.13
Canada,1975,124,0.13
Canada,1980,124,0.14
Canada,1985,124,0.15
Canada,1990,124,0.16
Canada,1995,124,0.18
Canada,2000,124,0.18
Canada,2005,124,0.19
Canada,2010,124,0.2
Canada,2015,124,0.24
Cape Verde,1970,132,0.08
Cape Verde,1975,132,0.11
Cape Verde,1980,132,0.1
Cape Verde,1985,132,0.09
Cape Verde,1990,132,0.09
Cape Verde,1995,132,0.09
Cape Verde,2000,132,0.1
Cape Verde,2005,132,0.1
Cape Verde,2010,132,0.09
Cape Verde,2015,132,0.07
Central African Republic,1970,140,0.07
Central African Republic,1975,140,0.08
Central African Republic,1980,140,0.08
Central African Republic,1985,140,0.08
Central African Republic,1990,140,0.08
Central African Republic,1995,140,0.07
Central African Republic,2000,140,0.07
Central African Republic,2005,140,0.07
Central African Republic,2010,140,0.07
Central African Republic,2015,140,0.07
Chad,1970,148,0.07
Chad,1975,148,0.07
Chad,1980,148,0.07
Chad,1985,148,0.07
Chad,1990,148,0.07
Chad,1995,148,0.06
Chad,2000,148,0.06
Chad,2005,148,0.06
Chad,2010,148,0.05
Chad,2015,148,0.05
Channel Islands,1970,830,0.22
Channel Islands,1975,830,0.22
Channel Islands,1980,830,0.22
Channel Islands,1985,830,0.22
Channel Islands,1990,830,0.21
Channel Islands,1995,830,0.21
Channel Islands,2000,830,0.21
Channel Islands,2005,830,0.22
Channel Islands,2010,830,0.23
Channel Islands,2015,830,0.25
Chile,1970,152,0.1
Chile,1975,152,0.1
Chile,1980,152,0.1
Chile,1985,152,0.1
Chile,1990,152,0.1
Chile,1995,152,0.11
Chile,2000,152,0.12
Chile,2005,152,0.12
Chile,2010,152,0.14
Chile,2015,152,0.15
China,1970,156,0.07
China,1975,156,0.07
China,1980,156,0.08
China,1985,156,0.08
China,1990,156,0.08
China,1995,156,0.09
China,2000,156,0.1
China,2005,156,0.1
China,2010,156,0.11
China,2015,156,0.13
Colombia,1970,170,0.07
Colombia,1975,170,0.07
Colombia,1980,170,0.07
Colombia,1985,170,0.07
Colombia,1990,170,0.07
Colombia,1995,170,0.07
Colombia,2000,170,0.07
Colombia,2005,170,0.08
Colombia,2010,170,0.09
Colombia,2015,170,0.1
Comoros,1970,174,0.06
Comoros,1975,174,0.06
Comoros,1980,174,0.06
Comoros,1985,174,0.06
Comoros,1990,174,0.06
Comoros,1995,174,0.06
Comoros,2000,174,0.06
Comoros,2005,174,0.05
Comoros,2010,174,0.05
Comoros,2015,174,0.05
Congo,1970,178,0.07
Congo,1975,178,0.07
Congo,1980,178,0.07
Congo,1985,178,0.07
Congo,1990,178,0.07
Congo,1995,178,0.07
Congo,2000,178,0.07
Congo,2005,178,0.07
Congo,2010,178,0.07
Congo,2015,178,0.06
Costa Rica,1970,188,0.06
Costa Rica,1975,188,0.07
Costa Rica,1980,188,0.07
Costa Rica,1985,188,0.07
Costa Rica,1990,188,0.08
Costa Rica,1995,188,0.08
Costa Rica,2000,188,0.09
Costa Rica,2005,188,0.1
Costa Rica,2010,188,0.11
Costa Rica,2015,188,0.13
Cote d'Ivoire,1970,384,0.05
Cote d'Ivoire,1975,384,0.05
Cote d'Ivoire,1980,384,0.05
Cote d'Ivoire,1985,384,0.05
Cote d'Ivoire,1990,384,0.05
Cote d'Ivoire,1995,384,0.05
Cote d'Ivoire,2000,384,0.05
Cote d'Ivoire,2005,384,0.05
Cote d'Ivoire,2010,384,0.06
Cote d'Ivoire,2015,384,0.05
Croatia,1970,191,0.14
Croatia,1975,191,0.16
Croatia,1980,191,0.17
Croatia,1985,191,0.16
Croatia,1990,191,0.17
Croatia,1995,191,0.2
Croatia,2000,191,0.23
Croatia,2005,191,0.26
Croatia,2010,191,0.26
Croatia,2015,191,0.28
Cuba,1970,192,0.1
Cuba,1975,192,0.12
Cuba,1980,192,0.13
Cuba,1985,192,0.13
Cuba,1990,192,0.13
Cuba,1995,192,0.14
Cuba,2000,192,0.14
Cuba,2005,192,0.16
Cuba,2010,192,0.18
Cuba,2015,192,0.2
Curaçao,1970,531,0.09
Curaçao,1975,531,0.1
Curaçao,1980,531,0.1
Curaçao,1985,531,0.1
Curaçao,1990,531,0.12
Curaçao,1995,531,0.13
Curaçao,2000,531,0.16
Curaçao,2005,531,0.18
Curaçao,2010,531,0.2
Curaçao,2015,531,0.24
Cyprus,1970,196,0.17
Cyprus,1975,196,0.16
Cyprus,1980,196,0.14
Cyprus,1985,196,0.15
Cyprus,1990,196,0.15
Cyprus,1995,196,0.15
Cyprus,2000,196,0.15
Cyprus,2005,196,0.15
Cyprus,2010,196,0.16
Cyprus,2015,196,0.18
Czech Republic,1970,203,0.18
Czech Republic,1975,203,0.2
Czech Republic,1980,203,0.22
Czech Republic,1985,203,0.18
Czech Republic,1990,203,0.19
Czech Republic,1995,203,0.19
Czech Republic,2000,203,0.2
Czech Republic,2005,203,0.2
Czech Republic,2010,203,0.22
Czech Republic,2015,203,0.27
Democratic People's Republic of Korea,1970,408,0.06
Democratic People's Republic of Korea,1975,408,0.06
Democratic People's Republic of Korea,1980,408,0.06
Democratic People's Republic of Korea,1985,408,0.06
Democratic People's Republic of Korea,1990,408,0.06
Democratic People's Republic of Korea,1995,408,0.08
Democratic People's Republic of Korea,2000,408,0.09
Democratic People's Republic of Korea,2005,408,0.11
Democratic People's Republic of Korea,2010,408,0.13
Democratic People's Republic of Korea,2015,408,0.14
Democratic Republic of the Congo,1970,180,0.05
Democratic Republic of the Congo,1975,180,0.05
Democratic Republic of the Congo,1980,180,0.06
Democratic Republic of the Congo,1985,180,0.06
Democratic Republic of the Congo,1990,180,0.06
Democratic Republic of the Congo,1995,180,0.06
Democratic Republic of the Congo,2000,180,0.06
Democratic Republic of the Congo,2005,180,0.06
Democratic Republic of the Congo,2010,180,0.06
Democratic Republic of the Congo,2015,180,0.06
Denmark,1970,208,0.19
Denmark,1975,208,0.21
Denmark,1980,208,0.22
Denmark,1985,208,0.23
Denmark,1990,208,0.23
Denmark,1995,208,0.23
Denmark,2000,208,0.22
Denmark,2005,208,0.23
Denmark,2010,208,0.25
Denmark,2015,208,0.3
Djibouti,1970,262,0.05
Djibouti,1975,262,0.05
Djibouti,1980,262,0.05
Djibouti,1985,262,0.05
Djibouti,1990,262,0.05
Djibouti,1995,262,0.05
Djibouti,2000,262,0.05
Djibouti,2005,262,0.06
Djibouti,2010,262,0.06
Djibouti,2015,262,0.06
Dominican Republic,1970,214,0.05
Dominican Republic,1975,214,0.05
Dominican Republic,1980,214,0.06
Dominican Republic,1985,214,0.06
Dominican Republic,1990,214,0.07
Dominican Republic,1995,214,0.08
Dominican Republic,2000,214,0.09
Dominican Republic,2005,214,0.09
Dominican Republic,2010,214,0.1
Dominican Republic,2015,214,0.1
Ecuador,1970,218,0.08
Ecuador,1975,218,0.08
Ecuador,1980,218,0.08
Ecuador,1985,218,0.07
Ecuador,1990,218,0.07
Ecuador,1995,218,0.08
Ecuador,2000,218,0.08
Ecuador,2005,218,0.09
Ecuador,2010,218,0.1
Ecuador,2015,218,0.1
Egypt,1970,818,0.08
Egypt,1975,818,0.08
Egypt,1980,818,0.08
Egypt,1985,818,0.08
Egypt,1990,818,0.09
Egypt,1995,818,0.09
Egypt,2000,818,0.09
Egypt,2005,818,0.08
Egypt,2010,818,0.08
Egypt,2015,818,0.08
El Salvador,1970,222,0.06
El Salvador,1975,222,0.06
El Salvador,1980,222,0.07
El Salvador,1985,222,0.07
El Salvador,1990,222,0.08
El Salvador,1995,222,0.08
El Salvador,2000,222,0.1
El Salvador,2005,222,0.11
El Salvador,2010,222,0.12
El Salvador,2015,222,0.12
Equatorial Guinea,1970,226,0.08
Equatorial Guinea,1975,226,0.11
Equatorial Guinea,1980,226,0.12
Equatorial Guinea,1985,226,0.08
Equatorial Guinea,1990,226,0.08
Equatorial Guinea,1995,226,0.08
Equatorial Guinea,2000,226,0.07
Equatorial Guinea,2005,226,0.06
Equatorial Guinea,2010,226,0.05
Equatorial Guinea,2015,226,0.05
Eritrea,1970,232,0.05
Eritrea,1975,232,0.05
Eritrea,1980,232,0.05
Eritrea,1985,232,0.05
Eritrea,1990,232,0.05
Eritrea,1995,232,0.06
Eritrea,2000,232,0.06
Eritrea,2005,232,0.06
Eritrea,2010,232,0.07
Eritrea,2015,232,0.07
Estonia,1970,233,0.18
Estonia,1975,233,0.19
Estonia,1980,233,0.19
Estonia,1985,233,0.17
Estonia,1990,233,0.18
Estonia,1995,233,0.21
Estonia,2000,233,0.22
Estonia,2005,233,0.25
Estonia,2010,233,0.26
Estonia,2015,233,0.29
Ethiopia,1970,231,0.05
Ethiopia,1975,231,0.05
Ethiopia,1980,231,0.06
Ethiopia,1985,231,0.06
Ethiopia,1990,231,0.06
Ethiopia,1995,231,0.06
Ethiopia,2000,231,0.06
Ethiopia,2005,231,0.06
Ethiopia,2010,231,0.06
Ethiopia,2015,231,0.06
Fiji,1970,242,0.04
Fiji,1975,242,0.04
Fiji,1980,242,0.04
Fiji,1985,242,0.05
Fiji,1990,242,0.05
Fiji,1995,242,0.05
Fiji,2000,242,0.06
Fiji,2005,242,0.06
Fiji,2010,242,0.07
Fiji,2015,242,0.09
Finland,1970,246,0.14
Finland,1975,246,0.16
Finland,1980,246,0.18
Finland,1985,246,0.18
Finland,1990,246,0.2
Finland,1995,246,0.21
Finland,2000,246,0.22
Finland,2005,246,0.24
Finland,2010,246,0.26
Finland,2015,246,0.32
France,1970,250,0.21
France,1975,250,0.21
France,1980,250,0.22
France,1985,250,0.19
France,1990,250,0.21
France,1995,250,0.23
France,2000,250,0.25
France,2005,250,0.26
France,2010,250,0.26
France,2015,250,0.3
French Guiana,1970,254,0.09
French Guiana,1975,254,0.09
French Guiana,1980,254,0.08
French Guiana,1985,254,0.07
French Guiana,1990,254,0.06
French Guiana,1995,254,0.06
French Guiana,2000,254,0.06
French Guiana,2005,254,0.06
French Guiana,2010,254,0.07
French Guiana,2015,254,0.08
French Polynesia,1970,258,0.05
French Polynesia,1975,258,0.05
French Polynesia,1980,258,0.06
French Polynesia,1985,258,0.05
French Polynesia,1990,258,0.06
French Polynesia,1995,258,0.06
French Polynesia,2000,258,0.07
French Polynesia,2005,258,0.08
French Polynesia,2010,258,0.09
French Polynesia,2015,258,0.11
Gabon,1970,266,0.11
Gabon,1975,266,0.11
Gabon,1980,266,0.11
Gabon,1985,266,0.11
Gabon,1990,266,0.11
Gabon,1995,266,0.11
Gabon,2000,266,0.11
Gabon,2005,266,0.1
Gabon,2010,266,0.09
Gabon,2015,266,0.08
Gambia,1970,270,0.04
Gambia,1975,270,0.05
Gambia,1980,270,0.06
Gambia,1985,270,0.06
Gambia,1990,270,0.05
Gambia,1995,270,0.05
Gambia,2000,270,0.05
Gambia,2005,270,0.05
Gambia,2010,270,0.05
Gambia,2015,270,0.04
Georgia,1970,268,0.13
Georgia,1975,268,0.13
Georgia,1980,268,0.14
Georgia,1985,268,0.13
Georgia,1990,268,0.14
Georgia,1995,268,0.17
Georgia,2000,268,0.19
Georgia,2005,268,0.22
Georgia,2010,268,0.21
Georgia,2015,268,0.22
Germany,1970,276,0.22
Germany,1975,276,0.23
Germany,1980,276,0.24
Germany,1985,276,0.21
Germany,1990,276,0.21
Germany,1995,276,0.23
Germany,2000,276,0.24
Germany,2005,276,0.28
Germany,2010,276,0.31
Germany,2015,276,0.32
Ghana,1970,288,0.05
Ghana,1975,288,0.05
Ghana,1980,288,0.05
Ghana,1985,288,0.05
Ghana,1990,288,0.05
Ghana,1995,288,0.05
Ghana,2000,288,0.05
Ghana,2005,288,0.06
Ghana,2010,288,0.06
Ghana,2015,288,0.06
Greece,1970,300,0.17
Greece,1975,300,0.19
Greece,1980,300,0.21
Greece,1985,300,0.2
Greece,1990,300,0.2
Greece,1995,300,0.23
Greece,2000,300,0.25
Greece,2005,300,0.28
Greece,2010,300,0.29
Greece,2015,300,0.3
Grenada,1970,308,0.12
Grenada,1975,308,0.12
Grenada,1980,308,0.13
Grenada,1985,308,0.11
Grenada,1990,308,0.15
Grenada,1995,308,0.15
Grenada,2000,308,0.14
Grenada,2005,308,0.12
Grenada,2010,308,0.11
Grenada,2015,308,0.11
Guadeloupe,1970,312,0.09
Guadeloupe,1975,312,0.11
Guadeloupe,1980,312,0.12
Guadeloupe,1985,312,0.12
Guadeloupe,1990,312,0.12
Guadeloupe,1995,312,0.14
Guadeloupe,2000,312,0.15
Guadeloupe,2005,312,0.17
Guadeloupe,2010,312,0.2
Guadeloupe,2015,312,0.26
Guam,1970,316,0.03
Guam,1975,316,0.04
Guam,1980,316,0.05
Guam,1985,316,0.05
Guam,1990,316,0.06
Guam,1995,316,0.07
Guam,2000,316,0.08
Guam,2005,316,0.1
Guam,2010,316,0.11
Guam,2015,316,0.14
Guatemala,1970,320,0.06
Guatemala,1975,320,0.06
Guatemala,1980,320,0.06
Guatemala,1985,320,0.06
Guatemala,1990,320,0.06
Guatemala,1995,320,0.07
Guatemala,2000,320,0.07
Guatemala,2005,320,0.08
Guatemala,2010,320,0.08
Guatemala,2015,320,0.08
Guinea,1970,324,0.06
Guinea,1975,324,0.06
Guinea,1980,324,0.06
Guinea,1985,324,0.06
Guinea,1990,324,0.07
Guinea,1995,324,0.07
Guinea,2000,324,0.07
Guinea,2005,324,0.06
Guinea,2010,324,0.06
Guinea,2015,324,0.06
Guinea-Bissau,1970,624,0.05
Guinea-Bissau,1975,624,0.06
Guinea-Bissau,1980,624,0.07
Guinea-Bissau,1985,624,0.07
Guinea-Bissau,1990,624,0.07
Guinea-Bissau,1995,624,0.07
Guinea-Bissau,2000,624,0.06
Guinea-Bissau,2005,624,0.06
Guinea-Bissau,2010,624,0.06
Guinea-Bissau,2015,624,0.05
Guyana,1970,328,0.07
Guyana,1975,328,0.07
Guyana,1980,328,0.07
Guyana,1985,328,0.08
Guyana,1990,328,0.07
Guyana,1995,328,0.08
Guyana,2000,328,0.07
Guyana,2005,328,0.07
Guyana,2010,328,0.07
Guyana,2015,328,0.08
Haiti,1970,332,0.07
Haiti,1975,332,0.07
Haiti,1980,332,0.07
Haiti,1985,332,0.08
Haiti,1990,332,0.08
Haiti,1995,332,0.07
Haiti,2000,332,0.07
Haiti,2005,332,0.07
Haiti,2010,332,0.07
Haiti,2015,332,0.08
Honduras,1970,340,0.06
Honduras,1975,340,0.06
Honduras,1980,340,0.06
Honduras,1985,340,0.06
Honduras,1990,340,0.07
Honduras,1995,340,0.07
Honduras,2000,340,0.07
Honduras,2005,340,0.07
Honduras,2010,340,0.07
Honduras,2015,340,0.07
Hong Kong Special Administrative Region of China,1970,344,0.07
Hong Kong Special Administrative Region of China,1975,344,0.08
Hong Kong Special Administrative Region of China,1980,344,0.09
Hong Kong Special Administrative Region of China,1985,344,0.11
Hong Kong Special Administrative Region of China,1990,344,0.12
Hong Kong Special Administrative Region of China,1995,344,0.14
Hong Kong Special Administrative Region of China,2000,344,0.15
Hong Kong Special Administrative Region of China,2005,344,0.17
Hong Kong Special Administrative Region of China,2010,344,0.17
Hong Kong Special Administrative Region of China,2015,344,0.21
Hungary,1970,348,0.17
Hungary,1975,348,0.19
Hungary,1980,348,0.21
Hungary,1985,348,0.18
Hungary,1990,348,0.2
Hungary,1995,348,0.21
Hungary,2000,348,0.22
Hungary,2005,348,0.23
Hungary,2010,348,0.24
Hungary,2015,348,0.26
Iceland,1970,352,0.15
Iceland,1975,352,0.15
Iceland,1980,352,0.16
Iceland,1985,352,0.16
Iceland,1990,352,0.17
Iceland,1995,352,0.17
Iceland,2000,352,0.18
Iceland,2005,352,0.18
Iceland,2010,352,0.18
Iceland,2015,352,0.21
India,1970,356,0.06
India,1975,356,0.06
India,1980,356,0.06
India,1985,356,0.06
India,1990,356,0.07
India,1995,356,0.07
India,2000,356,0.07
India,2005,356,0.08
India,2010,356,0.08
India,2015,356,0.09
Indonesia,1970,360,0.06
Indonesia,1975,360,0.06
Indonesia,1980,360,0.06
Indonesia,1985,360,0.06
Indonesia,1990,360,0.06
Indonesia,1995,360,0.07
Indonesia,2000,360,0.07
Indonesia,2005,360,0.07
Indonesia,2010,360,0.07
Indonesia,2015,360,0.08
Iran (Islamic Republic of),1970,364,0.06
Iran (Islamic Republic of),1975,364,0.06
Iran (Islamic Republic of),1980,364,0.06
Iran (Islamic Republic of),1985,364,0.06
Iran (Islamic Republic of),1990,364,0.07
Iran (Islamic Republic of),1995,364,0.07
Iran (Islamic Republic of),2000,364,0.07
Iran (Islamic Republic of),2005,364,0.07
Iran (Islamic Republic of),2010,364,0.07
Iran (Islamic Republic of),2015,364,0.07
Iraq,1970,368,0.08
Iraq,1975,368,0.08
Iraq,1980,368,0.08
Iraq,1985,368,0.08
Iraq,1990,368,0.08
Iraq,1995,368,0.07
Iraq,2000,368,0.06
Iraq,2005,368,0.06
Iraq,2010,368,0.06
Iraq,2015,368,0.05
Ireland,1970,372,0.19
Ireland,1975,372,0.18
Ireland,1980,372,0.18
Ireland,1985,372,0.18
Ireland,1990,372,0.18
Ireland,1995,372,0.17
Ireland,2000,372,0.15
Ireland,2005,372,0.15
Ireland,2010,372,0.16
Ireland,2015,372,0.2
Israel,1970,376,0.11
Israel,1975,376,0.13
Israel,1980,376,0.15
Israel,1985,376,0.15
Israel,1990,376,0.15
Israel,1995,376,0.16
Israel,2000,376,0.16
Israel,2005,376,0.16
Israel,2010,376,0.17
Israel,2015,376,0.18
Italy,1970,380,0.17
Italy,1975,380,0.19
Italy,1980,380,0.21
Italy,1985,380,0.19
Italy,1990,380,0.22
Italy,1995,380,0.24
Italy,2000,380,0.27
Italy,2005,380,0.29
Italy,2010,380,0.31
Italy,2015,380,0.35
Jamaica,1970,388,0.12
Jamaica,1975,388,0.12
Jamaica,1980,388,0.13
Jamaica,1985,388,0.13
Jamaica,1990,388,0.13
Jamaica,1995,388,0.13
Jamaica,2000,388,0.13
Jamaica,2005,388,0.13
Jamaica,2010,388,0.13
Jamaica,2015,388,0.14
Japan,1970,392,0.1
Japan,1975,392,0.12
Japan,1980,392,0.13
Japan,1985,392,0.15
Japan,1990,392,0.17
Japan,1995,392,0.21
Japan,2000,392,0.25
Japan,2005,392,0.3
Japan,2010,392,0.36
Japan,2015,392,0.43
Jordan,1970,400,0.06
Jordan,1975,400,0.06
Jordan,1980,400,0.07
Jordan,1985,400,0.07
Jordan,1990,400,0.07
Jordan,1995,400,0.05
Jordan,2000,400,0.05
Jordan,2005,400,0.06
Jordan,2010,400,0.06
Jordan,2015,400,0.06
Kazakhstan,1970,398,0.09
Kazakhstan,1975,398,0.09
Kazakhstan,1980,398,0.1
Kazakhstan,1985,398,0.09
Kazakhstan,1990,398,0.09
Kazakhstan,1995,398,0.11
Kazakhstan,2000,398,0.1
Kazakhstan,2005,398,0.11
Kazakhstan,2010,398,0.1
Kazakhstan,2015,398,0.1
Kenya,1970,404,0.07
Kenya,1975,404,0.07
Kenya,1980,404,0.06
Kenya,1985,404,0.06
Kenya,1990,404,0.06
Kenya,1995,404,0.05
Kenya,2000,404,0.05
Kenya,2005,404,0.05
Kenya,2010,404,0.05
Kenya,2015,404,0.05
Kiribati,1970,296,0.07
Kiribati,1975,296,0.07
Kiribati,1980,296,0.06
Kiribati,1985,296,0.06
Kiribati,1990,296,0.06
Kiribati,1995,296,0.06
Kiribati,2000,296,0.06
Kiribati,2005,296,0.06
Kiribati,2010,296,0.06
Kiribati,2015,296,0.06
Kuwait,1970,414,0.03
Kuwait,1975,414,0.03
Kuwait,1980,414,0.03
Kuwait,1985,414,0.02
Kuwait,1990,414,0.02
Kuwait,1995,414,0.03
Kuwait,2000,414,0.03
Kuwait,2005,414,0.03
Kuwait,2010,414,0.02
Kuwait,2015,414,0.03
Kyrgyzstan,1970,417,0.12
Kyrgyzstan,1975,417,0.11
Kyrgyzstan,1980,417,0.1
Kyrgyzstan,1985,417,0.09
Kyrgyzstan,1990,417,0.09
Kyrgyzstan,1995,417,0.1
Kyrgyzstan,2000,417,0.09
Kyrgyzstan,2005,417,0.09
Kyrgyzstan,2010,417,0.07
Kyrgyzstan,2015,417,0.07
Lao People's Democratic Republic,1970,418,0.06
Lao People's Democratic Republic,1975,418,0.06
Lao People's Democratic Republic,1980,418,0.07
Lao People's Democratic Republic,1985,418,0.07
Lao People's Democratic Republic,1990,418,0.07
Lao People's Democratic Republic,1995,418,0.07
Lao People's Democratic Republic,2000,418,0.07
Lao People's Democratic Republic,2005,418,0.07
Lao People's Democratic Republic,2010,418,0.06
Lao People's Democratic Republic,2015,418,0.06
Latvia,1970,428,0.18
Latvia,1975,428,0.19
Latvia,1980,428,0.19
Latvia,1985,428,0.18
Latvia,1990,428,0.18
Latvia,1995,428,0.21
Latvia,2000,428,0.22
Latvia,2005,428,0.25
Latvia,2010,428,0.27
Latvia,2015,428,0.29
Lebanon,1970,422,0.1
Lebanon,1975,422,0.09
Lebanon,1980,422,0.1
Lebanon,1985,422,0.09
Lebanon,1990,422,0.1
Lebanon,1995,422,0.1
Lebanon,2000,422,0.11
Lebanon,2005,422,0.12
Lebanon,2010,422,0.12
Lebanon,2015,422,0.12
Lesotho,1970,426,0.08
Lesotho,1975,426,0.08
Lesotho,1980,426,0.08
Lesotho,1985,426,0.08
Lesotho,1990,426,0.08
Lesotho,1995,426,0.08
Lesotho,2000,426,0.08
Lesotho,2005,426,0.08
Lesotho,2010,426,0.07
Lesotho,2015,426,0.07
Liberia,1970,430,0.04
Liberia,1975,430,0.05
Liberia,1980,430,0.05
Liberia,1985,430,0.05
Liberia,1990,430,0.06
Liberia,1995,430,0.06
Liberia,2000,430,0.06
Liberia,2005,430,0.06
Liberia,2010,430,0.06
Liberia,2015,430,0.06
Libyan Arab Jamahiriya,1970,434,0.06
Libyan Arab Jamahiriya,1975,434,0.06
Libyan Arab Jamahiriya,1980,434,0.06
Libyan Arab Jamahiriya,1985,434,0.05
Libyan Arab Jamahiriya,1990,434,0.06
Libyan Arab Jamahiriya,1995,434,0.06
Libyan Arab Jamahiriya,2000,434,0.06
Libyan Arab Jamahiriya,2005,434,0.06
Libyan Arab Jamahiriya,2010,434,0.06
Libyan Arab Jamahiriya,2015,434,0.06
Lithuania,1970,440,0.16
Lithuania,1975,440,0.18
Lithuania,1980,440,0.17
Lithuania,1985,440,0.16
Lithuania,1990,440,0.16
Lithuania,1995,440,0.19
Lithuania,2000,440,0.21
Lithuania,2005,440,0.24
Lithuania,2010,440,0.26
Lithuania,2015,440,0.28
Luxembourg,1970,442,0.19
Luxembourg,1975,442,0.2
Luxembourg,1980,442,0.2
Luxembourg,1985,442,0.19
Luxembourg,1990,442,0.19
Luxembourg,1995,442,0.21
Luxembourg,2000,442,0.21
Luxembourg,2005,442,0.22
Luxembourg,2010,442,0.2
Luxembourg,2015,442,0.2
Macao Special Administrative Region of China,1970,446,0.12
Macao Special Administrative Region of China,1975,446,0.12
Macao Special Administrative Region of China,1980,446,0.13
Macao Special Administrative Region of China,1985,446,0.11
Macao Special Administrative Region of China,1990,446,0.1
Macao Special Administrative Region of China,1995,446,0.11
Macao Special Administrative Region of China,2000,446,0.11
Macao Special Administrative Region of China,2005,446,0.1
Macao Special Administrative Region of China,2010,446,0.09
Macao Special Administrative Region of China,2015,446,0.11
Madagascar,1970,450,0.07
Madagascar,1975,450,0.07
Madagascar,1980,450,0.07
Madagascar,1985,450,0.06
Madagascar,1990,450,0.06
Madagascar,1995,450,0.06
Madagascar,2000,450,0.06
Madagascar,2005,450,0.06
Madagascar,2010,450,0.05
Madagascar,2015,450,0.05
Malawi,1970,454,0.05
Malawi,1975,454,0.05
Malawi,1980,454,0.05
Malawi,1985,454,0.05
Malawi,1990,454,0.05
Malawi,1995,454,0.06
Malawi,2000,454,0.06
Malawi,2005,454,0.06
Malawi,2010,454,0.06
Malawi,2015,454,0.06
Malaysia,1970,458,0.06
Malaysia,1975,458,0.07
Malaysia,1980,458,0.06
Malaysia,1985,458,0.06
Malaysia,1990,458,0.06
Malaysia,1995,458,0.06
Malaysia,2000,458,0.06
Malaysia,2005,458,0.07
Malaysia,2010,458,0.07
Malaysia,2015,458,0.08
Maldives,1970,462,0.05
Maldives,1975,462,0.05
Maldives,1980,462,0.05
Maldives,1985,462,0.05
Maldives,1990,462,0.06
Maldives,1995,462,0.06
Maldives,2000,462,0.07
Maldives,2005,462,0.07
Maldives,2010,462,0.06
Maldives,2015,462,0.06
Mali,1970,466,0.05
Mali,1975,466,0.05
Mali,1980,466,0.06
Mali,1985,466,0.07
Mali,1990,466,0.08
Mali,1995,466,0.07
Mali,2000,466,0.07
Mali,2005,466,0.06
Mali,2010,466,0.05
Mali,2015,466,0.05
Malta,1970,470,0.14
Malta,1975,470,0.14
Malta,1980,470,0.14
Malta,1985,470,0.14
Malta,1990,470,0.15
Malta,1995,470,0.16
Malta,2000,470,0.17
Malta,2005,470,0.21
Malta,2010,470,0.24
Malta,2015,470,0.27
Martinique,1970,474,0.1
Martinique,1975,474,0.12
Martinique,1980,474,0.13
Martinique,1985,474,0.14
Martinique,1990,474,0.15
Martinique,1995,474,0.17
Martinique,2000,474,0.19
Martinique,2005,474,0.21
Martinique,2010,474,0.23
Martinique,2015,474,0.28
Mauritania,1970,478,0.05
Mauritania,1975,478,0.05
Mauritania,1980,478,0.06
Mauritania,1985,478,0.06
Mauritania,1990,478,0.06
Mauritania,1995,478,0.06
Mauritania,2000,478,0.06
Mauritania,2005,478,0.06
Mauritania,2010,478,0.06
Mauritania,2015,478,0.05
Mauritius,1970,480,0.05
Mauritius,1975,480,0.05
Mauritius,1980,480,0.06
Mauritius,1985,480,0.06
Mauritius,1990,480,0.07
Mauritius,1995,480,0.08
Mauritius,2000,480,0.09
Mauritius,2005,480,0.1
Mauritius,2010,480,0.11
Mauritius,2015,480,0.14
Mayotte,1970,175,0.11
Mayotte,1975,175,0.1
Mayotte,1980,175,0.09
Mayotte,1985,175,0.07
Mayotte,1990,175,0.06
Mayotte,1995,175,0.06
Mayotte,2000,175,0.06
Mayotte,2005,175,0.06
Mayotte,2010,175,0.06
Mayotte,2015,175,0.07
Mexico,1970,484,0.08
Mexico,1975,484,0.07
Mexico,1980,484,0.08
Mexico,1985,484,0.07
Mexico,1990,484,0.07
Mexico,1995,484,0.08
Mexico,2000,484,0.08
Mexico,2005,484,0.09
Mexico,2010,484,0.09
Mexico,2015,484,0.1
Micronesia (Federated States of),1970,583,0.07
Micronesia (Federated States of),1975,583,0.09
Micronesia (Federated States of),1980,583,0.07
Micronesia (Federated States of),1985,583,0.07
Micronesia (Federated States of),1990,583,0.07
Micronesia (Federated States of),1995,583,0.07
Micronesia (Federated States of),2000,583,0.07
Micronesia (Federated States of),2005,583,0.07
Micronesia (Federated States of),2010,583,0.06
Micronesia (Federated States of),2015,583,0.07
Mongolia,1970,496,0.09
Mongolia,1975,496,0.1
Mongolia,1980,496,0.09
Mongolia,1985,496,0.08
Mongolia,1990,496,0.07
Mongolia,1995,496,0.07
Mongolia,2000,496,0.06
Mongolia,2005,496,0.06
Mongolia,2010,496,0.06
Mongolia,2015,496,0.06
Montenegro,1970,499,0.12
Montenegro,1975,499,0.13
Montenegro,1980,499,0.13
Montenegro,1985,499,0.12
Montenegro,1990,499,0.12
Montenegro,1995,499,0.15
Montenegro,2000,499,0.17
Montenegro,2005,499,0.2
Montenegro,2010,499,0.19
Montenegro,2015,499,0.21
Morocco,1970,504,0.07
Morocco,1975,504,0.07
Morocco,1980,504,0.06
Morocco,1985,504,0.06
Morocco,1990,504,0.07
Morocco,1995,504,0.08
Morocco,2000,504,0.09
Morocco,2005,504,0.09
Morocco,2010,504,0.09
Morocco,2015,504,0.1
Mozambique,1970,508,0.05
Mozambique,1975,508,0.06
Mozambique,1980,508,0.06
Mozambique,1985,508,0.06
Mozambique,1990,508,0.06
Mozambique,1995,508,0.06
Mozambique,2000,508,0.06
Mozambique,2005,508,0.06
Mozambique,2010,508,0.06
Mozambique,2015,508,0.06
Myanmar,1970,104,0.07
Myanmar,1975,104,0.07
Myanmar,1980,104,0.07
Myanmar,1985,104,0.07
Myanmar,1990,104,0.07
Myanmar,1995,104,0.08
Myanmar,2000,104,0.08
Myanmar,2005,104,0.08
Myanmar,2010,104,0.08
Myanmar,2015,104,0.08
Namibia,1970,516,0.07
Namibia,1975,516,0.07
Namibia,1980,516,0.07
Namibia,1985,516,0.07
Namibia,1990,516,0.06
Namibia,1995,516,0.06
Namibia,2000,516,0.06
Namibia,2005,516,0.06
Namibia,2010,516,0.06
Namibia,2015,516,0.06
Nepal,1970,524,0.05
Nepal,1975,524,0.06
Nepal,1980,524,0.06
Nepal,1985,524,0.06
Nepal,1990,524,0.07
Nepal,1995,524,0.07
Nepal,2000,524,0.07
Nepal,2005,524,0.08
Nepal,2010,524,0.09
Nepal,2015,524,0.09
Netherlands,1970,528,0.16
Netherlands,1975,528,0.17
Netherlands,1980,528,0.17
Netherlands,1985,528,0.17
Netherlands,1990,528,0.18
Netherlands,1995,528,0.19
Netherlands,2000,528,0.2
Netherlands,2005,528,0.21
Netherlands,2010,528,0.23
Netherlands,2015,528,0.27
New Caledonia,1970,540,0.06
New Caledonia,1975,540,0.07
New Caledonia,1980,540,0.07
New Caledonia,1985,540,0.08
New Caledonia,1990,540,0.08
New Caledonia,1995,540,0.08
New Caledonia,2000,540,0.09
New Caledonia,2005,540,0.1
New Caledonia,2010,540,0.14
New Caledonia,2015,540,0.14
New Zealand,1970,554,0.14
New Zealand,1975,554,0.14
New Zealand,1980,554,0.15
New Zealand,1985,554,0.16
New Zealand,1990,554,0.17
New Zealand,1995,554,0.18
New Zealand,2000,554,0.18
New Zealand,2005,554,0.18
New Zealand,2010,554,0.2
New Zealand,2015,554,0.22
Nicaragua,1970,558,0.05
Nicaragua,1975,558,0.05
Nicaragua,1980,558,0.06
Nicaragua,1985,558,0.06
Nicaragua,1990,558,0.06
Nicaragua,1995,558,0.07
Nicaragua,2000,558,0.07
Nicaragua,2005,558,0.07
Nicaragua,2010,558,0.08
Nicaragua,2015,558,0.08
Niger,1970,562,0.03
Niger,1975,562,0.04
Niger,1980,562,0.04
Niger,1985,562,0.04
Niger,1990,562,0.05
Niger,1995,562,0.05
Niger,2000,562,0.05
Niger,2005,562,0.05
Niger,2010,562,0.05
Niger,2015,562,0.05
Nigeria,1970,566,0.05
Nigeria,1975,566,0.05
Nigeria,1980,566,0.05
Nigeria,1985,566,0.05
Nigeria,1990,566,0.05
Nigeria,1995,566,0.05
Nigeria,2000,566,0.05
Nigeria,2005,566,0.05
Nigeria,2010,566,0.05
Nigeria,2015,566,0.05
Norway,1970,578,0.21
Norway,1975,578,0.22
Norway,1980,578,0.23
Norway,1985,578,0.24
Norway,1990,578,0.25
Norway,1995,578,0.25
Norway,2000,578,0.23
Norway,2005,578,0.22
Norway,2010,578,0.23
Norway,2015,578,0.25
Occupied Palestinian Territory,1970,275,0.06
Occupied Palestinian Territory,1975,275,0.05
Occupied Palestinian Territory,1980,275,0.05
Occupied Palestinian Territory,1985,275,0.04
Occupied Palestinian Territory,1990,275,0.04
Occupied Palestinian Territory,1995,275,0.04
Occupied Palestinian Territory,2000,275,0.05
Occupied Palestinian Territory,2005,275,0.05
Occupied Palestinian Territory,2010,275,0.05
Occupied Palestinian Territory,2015,275,0.05
Oman,1970,512,0.06
Oman,1975,512,0.06
Oman,1980,512,0.05
Oman,1985,512,0.05
Oman,1990,512,0.04
Oman,1995,512,0.04
Oman,2000,512,0.04
Oman,2005,512,0.04
Oman,2010,512,0.04
Oman,2015,512,0.03
Pakistan,1970,586,0.07
Pakistan,1975,586,0.07
Pakistan,1980,586,0.07
Pakistan,1985,586,0.07
Pakistan,1990,586,0.07
Pakistan,1995,586,0.07
Pakistan,2000,586,0.07
Pakistan,2005,586,0.07
Pakistan,2010,586,0.07
Pakistan,2015,586,0.07
Panama,1970,591,0.07
Panama,1975,591,0.07
Panama,1980,591,0.08
Panama,1985,591,0.08
Panama,1990,591,0.08
Panama,1995,591,0.08
Panama,2000,591,0.09
Panama,2005,591,0.1
Panama,2010,591,0.11
Panama,2015,591,0.12
Papua New Guinea,1970,598,0.05
Papua New Guinea,1975,598,0.05
Papua New Guinea,1980,598,0.05
Papua New Guinea,1985,598,0.05
Papua New Guinea,1990,598,0.05
Papua New Guinea,1995,598,0.05
Papua New Guinea,2000,598,0.06
Papua New Guinea,2005,598,0.06
Papua New Guinea,2010,598,0.06
Papua New Guinea,2015,598,0.06
Paraguay,1970,600,0.07
Paraguay,1975,600,0.07
Paraguay,1980,600,0.07
Paraguay,1985,600,0.07
Paraguay,1990,600,0.07
Paraguay,1995,600,0.08
Paraguay,2000,600,0.08
Paraguay,2005,600,0.08
Paraguay,2010,600,0.09
Paraguay,2015,600,0.09
Peru,1970,604,0.07
Peru,1975,604,0.07
Peru,1980,604,0.07
Peru,1985,604,0.07
Peru,1990,604,0.07
Peru,1995,604,0.07
Peru,2000,604,0.08
Peru,2005,604,0.09
Peru,2010,604,0.1
Peru,2015,604,0.1
Philippines,1970,608,0.06
Philippines,1975,608,0.06
Philippines,1980,608,0.06
Philippines,1985,608,0.06
Philippines,1990,608,0.06
Philippines,1995,608,0.05
Philippines,2000,608,0.06
Philippines,2005,608,0.06
Philippines,2010,608,0.07
Philippines,2015,608,0.07
Poland,1970,616,0.13
Poland,1975,616,0.14
Poland,1980,616,0.15
Poland,1985,616,0.14
Poland,1990,616,0.16
Poland,1995,616,0.17
Poland,2000,616,0.18
Poland,2005,616,0.19
Poland,2010,616,0.19
Poland,2015,616,0.22
Portugal,1970,620,0.16
Portugal,1975,620,0.17
Portugal,1980,620,0.18
Portugal,1985,620,0.19
Portugal,1990,620,0.21
Portugal,1995,620,0.22
Portugal,2000,620,0.24
Portugal,2005,620,0.25
Portugal,2010,620,0.28
Portugal,2015,620,0.32
Puerto Rico,1970,630,0.11
Puerto Rico,1975,630,0.1
Puerto Rico,1980,630,0.13
Puerto Rico,1985,630,0.14
Puerto Rico,1990,630,0.15
Puerto Rico,1995,630,0.16
Puerto Rico,2000,630,0.17
Puerto Rico,2005,630,0.19
Puerto Rico,2010,630,0.2
Puerto Rico,2015,630,0.22
Qatar,1970,634,0.03
Qatar,1975,634,0.03
Qatar,1980,634,0.02
Qatar,1985,634,0.02
Qatar,1990,634,0.02
Qatar,1995,634,0.02
Qatar,2000,634,0.02
Qatar,2005,634,0.02
Qatar,2010,634,0.01
Qatar,2015,634,0.01
Republic of Korea,1970,410,0.06
Republic of Korea,1975,410,0.06
Republic of Korea,1980,410,0.06
Republic of Korea,1985,410,0.07
Republic of Korea,1990,410,0.07
Republic of Korea,1995,410,0.08
Republic of Korea,2000,410,0.1
Republic of Korea,2005,410,0.13
Republic of Korea,2010,410,0.15
Republic of Korea,2015,410,0.18
Republic of Moldova,1970,498,0.1
Republic of Moldova,1975,498,0.11
Republic of Moldova,1980,498,0.12
Republic of Moldova,1985,498,0.12
Republic of Moldova,1990,498,0.13
Republic of Moldova,1995,498,0.14
Republic of Moldova,2000,498,0.14
Republic of Moldova,2005,498,0.14
Republic of Moldova,2010,498,0.14
Republic of Moldova,2015,498,0.13
Reunion,1970,638,0.07
Reunion,1975,638,0.07
Reunion,1980,638,0.08
Reunion,1985,638,0.08
Reunion,1990,638,0.09
Reunion,1995,638,0.09
Reunion,2000,638,0.1
Reunion,2005,638,0.11
Reunion,2010,638,0.13
Reunion,2015,638,0.16
Romania,1970,642,0.13
Romania,1975,642,0.14
Romania,1980,642,0.16
Romania,1985,642,0.15
Romania,1990,642,0.16
Romania,1995,642,0.18
Romania,2000,642,0.2
Romania,2005,642,0.22
Romania,2010,642,0.23
Romania,2015,642,0.25
Russian Federation,1970,643,0.12
Russian Federation,1975,643,0.13
Russian Federation,1980,643,0.15
Russian Federation,1985,643,0.15
Russian Federation,1990,643,0.15
Russian Federation,1995,643,0.18
Russian Federation,2000,643,0.18
Russian Federation,2005,643,0.19
Russian Federation,2010,643,0.18
Russian Federation,2015,643,0.19
Rwanda,1970,646,0.06
Rwanda,1975,646,0.05
Rwanda,1980,646,0.05
Rwanda,1985,646,0.04
Rwanda,1990,646,0.05
Rwanda,1995,646,0.04
Rwanda,2000,646,0.06
Rwanda,2005,646,0.05
Rwanda,2010,646,0.05
Rwanda,2015,646,0.05
Saint Lucia,1970,662,0.1
Saint Lucia,1975,662,0.1
Saint Lucia,1980,662,0.1
Saint Lucia,1985,662,0.1
Saint Lucia,1990,662,0.13
Saint Lucia,1995,662,0.13
Saint Lucia,2000,662,0.13
Saint Lucia,2005,662,0.11
Saint Lucia,2010,662,0.13
Saint Lucia,2015,662,0.13
Saint Vincent and the Grenadines,1970,670,0.11
Saint Vincent and the Grenadines,1975,670,0.11
Saint Vincent and the Grenadines,1980,670,0.11
Saint Vincent and the Grenadines,1985,670,0.1
Saint Vincent and the Grenadines,1990,670,0.11
Saint Vincent and the Grenadines,1995,670,0.11
Saint Vincent and the Grenadines,2000,670,0.11
Saint Vincent and the Grenadines,2005,670,0.11
Saint Vincent and the Grenadines,2010,670,0.1
Saint Vincent and the Grenadines,2015,670,0.11
Samoa,1970,882,0.05
Samoa,1975,882,0.05
Samoa,1980,882,0.05
Samoa,1985,882,0.06
Samoa,1990,882,0.07
Samoa,1995,882,0.08
Samoa,2000,882,0.08
Samoa,2005,882,0.09
Samoa,2010,882,0.09
Samoa,2015,882,0.09
Sao Tome and Principe,1970,678,0.1
Sao Tome and Principe,1975,678,0.08
Sao Tome and Principe,1980,678,0.1
Sao Tome and Principe,1985,678,0.1
Sao Tome and Principe,1990,678,0.1
Sao Tome and Principe,1995,678,0.09
Sao Tome and Principe,2000,678,0.09
Sao Tome and Principe,2005,678,0.09
Sao Tome and Principe,2010,678,0.07
Sao Tome and Principe,2015,678,0.06
Saudi Arabia,1970,682,0.07
Saudi Arabia,1975,682,0.06
Saudi Arabia,1980,682,0.06
Saudi Arabia,1985,682,0.05
Saudi Arabia,1990,682,0.05
Saudi Arabia,1995,682,0.05
Saudi Arabia,2000,682,0.05
Saudi Arabia,2005,682,0.04
Saudi Arabia,2010,682,0.04
Saudi Arabia,2015,682,0.04
Senegal,1970,686,0.05
Senegal,1975,686,0.05
Senegal,1980,686,0.05
Senegal,1985,686,0.06
Senegal,1990,686,0.06
Senegal,1995,686,0.06
Senegal,2000,686,0.06
Senegal,2005,686,0.06
Senegal,2010,686,0.06
Senegal,2015,686,0.06
Serbia,1970,688,0.13
Serbia,1975,688,0.14
Serbia,1980,688,0.14
Serbia,1985,688,0.13
Serbia,1990,688,0.14
Serbia,1995,688,0.17
Serbia,2000,688,0.21
Serbia,2005,688,0.22
Serbia,2010,688,0.22
Serbia,2015,688,0.24
Seychelles,1970,690,0.12
Seychelles,1975,690,0.12
Seychelles,1980,690,0.12
Seychelles,1985,690,0.12
Seychelles,1990,690,0.12
Seychelles,1995,690,0.11
Seychelles,2000,690,0.12
Seychelles,2005,690,0.1
Seychelles,2010,690,0.11
Seychelles,2015,690,0.12
Sierra Leone,1970,694,0.05
Sierra Leone,1975,694,0.06
Sierra Leone,1980,694,0.06
Sierra Leone,1985,694,0.06
Sierra Leone,1990,694,0.06
Sierra Leone,1995,694,0.05
Sierra Leone,2000,694,0.05
Sierra Leone,2005,694,0.05
Sierra Leone,2010,694,0.05
Sierra Leone,2015,694,0.05
Singapore,1970,702,0.06
Singapore,1975,702,0.07
Singapore,1980,702,0.07
Singapore,1985,702,0.07
Singapore,1990,702,0.08
Singapore,1995,702,0.09
Singapore,2000,702,0.1
Singapore,2005,702,0.11
Singapore,2010,702,0.12
Singapore,2015,702,0.16
Slovakia,1970,703,0.14
Slovakia,1975,703,0.16
Slovakia,1980,703,0.17
Slovakia,1985,703,0.14
Slovakia,1990,703,0.16
Slovakia,1995,703,0.16
Slovakia,2000,703,0.16
Slovakia,2005,703,0.16
Slovakia,2010,703,0.17
Slovakia,2015,703,0.2
Slovenia,1970,705,0.15
Slovenia,1975,705,0.17
Slovenia,1980,705,0.17
Slovenia,1985,705,0.15
Slovenia,1990,705,0.16
Slovenia,1995,705,0.18
Slovenia,2000,705,0.2
Slovenia,2005,705,0.22
Slovenia,2010,705,0.24
Slovenia,2015,705,0.27
Solomon Islands,1970,90,0.07
Solomon Islands,1975,90,0.07
Solomon Islands,1980,90,0.06
Solomon Islands,1985,90,0.06
Solomon Islands,1990,90,0.05
Solomon Islands,1995,90,0.05
Solomon Islands,2000,90,0.05
Solomon Islands,2005,90,0.05
Solomon Islands,2010,90,0.06
Solomon Islands,2015,90,0.06
Somalia,1970,706,0.06
Somalia,1975,706,0.06
Somalia,1980,706,0.06
Somalia,1985,706,0.06
Somalia,1990,706,0.06
Somalia,1995,706,0.06
Somalia,2000,706,0.06
Somalia,2005,706,0.06
Somalia,2010,706,0.05
Somalia,2015,706,0.05
South Africa,1970,710,0.06
South Africa,1975,710,0.06
South Africa,1980,710,0.06
South Africa,1985,710,0.06
South Africa,1990,710,0.06
South Africa,1995,710,0.06
South Africa,2000,710,0.07
South Africa,2005,710,0.07
South Africa,2010,710,0.08
South Africa,2015,710,0.08
South Sudan,1970,728,0.05
South Sudan,1975,728,0.05
South Sudan,1980,728,0.05
South Sudan,1985,728,0.05
South Sudan,1990,728,0.05
South Sudan,1995,728,0.05
South Sudan,2000,728,0.06
South Sudan,2005,728,0.06
South Sudan,2010,728,0.06
South Sudan,2015,728,0.06
Spain,1970,724,0.15
Spain,1975,724,0.16
Spain,1980,724,0.18
Spain,1985,724,0.18
Spain,1990,724,0.2
Spain,1995,724,0.22
Spain,2000,724,0.24
Spain,2005,724,0.24
Spain,2010,724,0.25
Spain,2015,724,0.29
Sri Lanka,1970,144,0.07
Sri Lanka,1975,144,0.07
Sri Lanka,1980,144,0.07
Sri Lanka,1985,144,0.08
Sri Lanka,1990,144,0.09
Sri Lanka,1995,144,0.09
Sri Lanka,2000,144,0.09
Sri Lanka,2005,144,0.1
Sri Lanka,2010,144,0.11
Sri Lanka,2015,144,0.14
Sudan,1970,729,0.06
Sudan,1975,729,0.06
Sudan,1980,729,0.06
Sudan,1985,729,0.06
Sudan,1990,729,0.06
Sudan,1995,729,0.06
Sudan,2000,729,0.06
Sudan,2005,729,0.06
Sudan,2010,729,0.06
Sudan,2015,729,0.06
Suriname,1970,740,0.08
Suriname,1975,740,0.08
Suriname,1980,740,0.08
Suriname,1985,740,0.08
Suriname,1990,740,0.08
Suriname,1995,740,0.08
Suriname,2000,740,0.09
Suriname,2005,740,0.1
Suriname,2010,740,0.1
Suriname,2015,740,0.1
Swaziland,1970,748,0.05
Swaziland,1975,748,0.06
Swaziland,1980,748,0.06
Swaziland,1985,748,0.06
Swaziland,1990,748,0.05
Swaziland,1995,748,0.06
Swaziland,2000,748,0.06
Swaziland,2005,748,0.06
Swaziland,2010,748,0.05
Swaziland,2015,748,0.05
Sweden,1970,752,0.21
Sweden,1975,752,0.24
Sweden,1980,752,0.25
Sweden,1985,752,0.27
Sweden,1990,752,0.28
Sweden,1995,752,0.27
Sweden,2000,752,0.27
Sweden,2005,752,0.26
Sweden,2010,752,0.28
Sweden,2015,752,0.31
Switzerland,1970,756,0.17
Switzerland,1975,756,0.19
Switzerland,1980,756,0.21
Switzerland,1985,756,0.2
Switzerland,1990,756,0.21
Switzerland,1995,756,0.22
Switzerland,2000,756,0.23
Switzerland,2005,756,0.23
Switzerland,2010,756,0.25
Switzerland,2015,756,0.27
Syrian Arab Republic,1970,760,0.07
Syrian Arab Republic,1975,760,0.06
Syrian Arab Republic,1980,760,0.06
Syrian Arab Republic,1985,760,0.06
Syrian Arab Republic,1990,760,0.06
Syrian Arab Republic,1995,760,0.06
Syrian Arab Republic,2000,760,0.06
Syrian Arab Republic,2005,760,0.06
Syrian Arab Republic,2010,760,0.06
Syrian Arab Republic,2015,760,0.07
Taiwan Province of China,1970,158,0.05
Taiwan Province of China,1975,158,0.05
Taiwan Province of China,1980,158,0.06
Taiwan Province of China,1985,158,0.07
Taiwan Province of China,1990,158,0.09
Taiwan Province of China,1995,158,0.11
Taiwan Province of China,2000,158,0.12
Taiwan Province of China,2005,158,0.13
Taiwan Province of China,2010,158,0.15
Taiwan Province of China,2015,158,0.17
Tajikistan,1970,762,0.11
Tajikistan,1975,762,0.09
Tajikistan,1980,762,0.09
Tajikistan,1985,762,0.08
Tajikistan,1990,762,0.07
Tajikistan,1995,762,0.07
Tajikistan,2000,762,0.07
Tajikistan,2005,762,0.07
Tajikistan,2010,762,0.06
Tajikistan,2015,762,0.05
Thailand,1970,764,0.07
Thailand,1975,764,0.07
Thailand,1980,764,0.07
Thailand,1985,764,0.07
Thailand,1990,764,0.07
Thailand,1995,764,0.08
Thailand,2000,764,0.09
Thailand,2005,764,0.11
Thailand,2010,764,0.12
Thailand,2015,764,0.15
The former Yugoslav Republic of Macedonia,1970,807,0.08
The former Yugoslav Republic of Macedonia,1975,807,0.09
The former Yugoslav Republic of Macedonia,1980,807,0.1
The former Yugoslav Republic of Macedonia,1985,807,0.09
The former Yugoslav Republic of Macedonia,1990,807,0.11
The former Yugoslav Republic of Macedonia,1995,807,0.12
The former Yugoslav Republic of Macedonia,2000,807,0.13
The former Yugoslav Republic of Macedonia,2005,807,0.15
The former Yugoslav Republic of Macedonia,2010,807,0.16
The former Yugoslav Republic of Macedonia,2015,807,0.18
Timor-Leste,1970,626,0.05
Timor-Leste,1975,626,0.05
Timor-Leste,1980,626,0.04
Timor-Leste,1985,626,0.03
Timor-Leste,1990,626,0.03
Timor-Leste,1995,626,0.04
Timor-Leste,2000,626,0.05
Timor-Leste,2005,626,0.05
Timor-Leste,2010,626,0.08
Timor-Leste,2015,626,0.07
Togo,1970,768,0.05
Togo,1975,768,0.06
Togo,1980,768,0.06
Togo,1985,768,0.06
Togo,1990,768,0.06
Togo,1995,768,0.06
Togo,2000,768,0.05
Togo,2005,768,0.05
Togo,2010,768,0.05
Togo,2015,768,0.05
Tonga,1970,776,0.06
Tonga,1975,776,0.06
Tonga,1980,776,0.06
Tonga,1985,776,0.07
Tonga,1990,776,0.08
Tonga,1995,776,0.1
Tonga,2000,776,0.1
Tonga,2005,776,0.11
Tonga,2010,776,0.1
Tonga,2015,776,0.1
Trinidad and Tobago,1970,780,0.08
Trinidad and Tobago,1975,780,0.08
Trinidad and Tobago,1980,780,0.09
Trinidad and Tobago,1985,780,0.09
Trinidad and Tobago,1990,780,0.1
Trinidad and Tobago,1995,780,0.1
Trinidad and Tobago,2000,780,0.1
Trinidad and Tobago,2005,780,0.1
Trinidad and Tobago,2010,780,0.12
Trinidad and Tobago,2015,780,0.13
Tunisia,1970,788,0.07
Tunisia,1975,788,0.07
Tunisia,1980,788,0.07
Tunisia,1985,788,0.08
Tunisia,1990,788,0.08
Tunisia,1995,788,0.09
Tunisia,2000,788,0.11
Tunisia,2005,788,0.11
Tunisia,2010,788,0.11
Tunisia,2015,788,0.11
Turkey,1970,792,0.07
Turkey,1975,792,0.08
Turkey,1980,792,0.09
Turkey,1985,792,0.08
Turkey,1990,792,0.08
Turkey,1995,792,0.08
Turkey,2000,792,0.09
Turkey,2005,792,0.1
Turkey,2010,792,0.11
Turkey,2015,792,0.12
Turkmenistan,1970,795,0.09
Turkmenistan,1975,795,0.09
Turkmenistan,1980,795,0.08
Turkmenistan,1985,795,0.07
Turkmenistan,1990,795,0.07
Turkmenistan,1995,795,0.07
Turkmenistan,2000,795,0.07
Turkmenistan,2005,795,0.07
Turkmenistan,2010,795,0.06
Turkmenistan,2015,795,0.06
Uganda,1970,800,0.05
Uganda,1975,800,0.05
Uganda,1980,800,0.05
Uganda,1985,800,0.05
Uganda,1990,800,0.05
Uganda,1995,800,0.06
Uganda,2000,800,0.06
Uganda,2005,800,0.05
Uganda,2010,800,0.05
Uganda,2015,800,0.04
Ukraine,1970,804,0.14
Ukraine,1975,804,0.16
Ukraine,1980,804,0.18
Ukraine,1985,804,0.17
Ukraine,1990,804,0.18
Ukraine,1995,804,0.2
Ukraine,2000,804,0.2
Ukraine,2005,804,0.23
Ukraine,2010,804,0.22
Ukraine,2015,804,0.23
United Arab Emirates,1970,784,0.02
United Arab Emirates,1975,784,0.02
United Arab Emirates,1980,784,0.02
United Arab Emirates,1985,784,0.02
United Arab Emirates,1990,784,0.02
United Arab Emirates,1995,784,0.01
United Arab Emirates,2000,784,0.01
United Arab Emirates,2005,784,0.01
United Arab Emirates,2010,784,0.01
United Arab Emirates,2015,784,0.01
United Kingdom of Great Britain and Northern Ireland,1970,826,0.21
United Kingdom of Great Britain and Northern Ireland,1975,826,0.23
United Kingdom of Great Britain and Northern Ireland,1980,826,0.23
United Kingdom of Great Britain and Northern Ireland,1985,826,0.23
United Kingdom of Great Britain and Northern Ireland,1990,826,0.24
United Kingdom of Great Britain and Northern Ireland,1995,826,0.25
United Kingdom of Great Britain and Northern Ireland,2000,826,0.24
United Kingdom of Great Britain and Northern Ireland,2005,826,0.24
United Kingdom of Great Britain and Northern Ireland,2010,826,0.24
United Kingdom of Great Britain and Northern Ireland,2015,826,0.28
United Republic of Tanzania,1970,834,0.05
United Republic of Tanzania,1975,834,0.05
United Republic of Tanzania,1980,834,0.05
United Republic of Tanzania,1985,834,0.05
United Republic of Tanzania,1990,834,0.05
United Republic of Tanzania,1995,834,0.05
United Republic of Tanzania,2000,834,0.05
United Republic of Tanzania,2005,834,0.06
United Republic of Tanzania,2010,834,0.06
United Republic of Tanzania,2015,834,0.06
United States of America,1970,840,0.16
United States of America,1975,840,0.16
United States of America,1980,840,0.17
United States of America,1985,840,0.18
United States of America,1990,840,0.19
United States of America,1995,840,0.19
United States of America,2000,840,0.19
United States of America,2005,840,0.18
United States of America,2010,840,0.19
United States of America,2015,840,0.22
United States Virgin Islands,1970,850,0.07
United States Virgin Islands,1975,850,0.07
United States Virgin Islands,1980,850,0.08
United States Virgin Islands,1985,850,0.09
United States Virgin Islands,1990,850,0.1
United States Virgin Islands,1995,850,0.11
United States Virgin Islands,2000,850,0.13
United States Virgin Islands,2005,850,0.16
United States Virgin Islands,2010,850,0.2
United States Virgin Islands,2015,850,0.28
Uruguay,1970,858,0.14
Uruguay,1975,858,0.15
Uruguay,1980,858,0.17
Uruguay,1985,858,0.18
Uruguay,1990,858,0.19
Uruguay,1995,858,0.2
Uruguay,2000,858,0.21
Uruguay,2005,858,0.22
Uruguay,2010,858,0.22
Uruguay,2015,858,0.23
Uzbekistan,1970,860,0.12
Uzbekistan,1975,860,0.11
Uzbekistan,1980,860,0.1
Uzbekistan,1985,860,0.08
Uzbekistan,1990,860,0.07
Uzbekistan,1995,860,0.08
Uzbekistan,2000,860,0.08
Uzbekistan,2005,860,0.08
Uzbekistan,2010,860,0.07
Uzbekistan,2015,860,0.06
Vanuatu,1970,548,0.06
Vanuatu,1975,548,0.06
Vanuatu,1980,548,0.06
Vanuatu,1985,548,0.06
Vanuatu,1990,548,0.07
Vanuatu,1995,548,0.06
Vanuatu,2000,548,0.06
Vanuatu,2005,548,0.06
Vanuatu,2010,548,0.07
Vanuatu,2015,548,0.07
Venezuela (Bolivarian Republic of),1970,862,0.05
Venezuela (Bolivarian Republic of),1975,862,0.05
Venezuela (Bolivarian Republic of),1980,862,0.06
Venezuela (Bolivarian Republic of),1985,862,0.06
Venezuela (Bolivarian Republic of),1990,862,0.06
Venezuela (Bolivarian Republic of),1995,862,0.07
Venezuela (Bolivarian Republic of),2000,862,0.07
Venezuela (Bolivarian Republic of),2005,862,0.08
Venezuela (Bolivarian Republic of),2010,862,0.08
Venezuela (Bolivarian Republic of),2015,862,0.1
Viet Nam,1970,704,0.11
Viet Nam,1975,704,0.09
Viet Nam,1980,704,0.1
Viet Nam,1985,704,0.1
Viet Nam,1990,704,0.1
Viet Nam,1995,704,0.1
Viet Nam,2000,704,0.1
Viet Nam,2005,704,0.1
Viet Nam,2010,704,0.09
Viet Nam,2015,704,0.1
Western Sahara,1970,732,0.04
Western Sahara,1975,732,0.05
Western Sahara,1980,732,0.05
Western Sahara,1985,732,0.05
Western Sahara,1990,732,0.05
Western Sahara,1995,732,0.04
Western Sahara,2000,732,0.04
Western Sahara,2005,732,0.04
Western Sahara,2010,732,0.03
Western Sahara,2015,732,0.04
World,1970,900,0.1
World,1975,900,0.1
World,1980,900,0.1
World,1985,900,0.1
World,1990,900,0.1
World,1995,900,0.11
World,2000,900,0.11
World,2005,900,0.11
World,2010,900,0.12
World,2015,900,0.13
Yemen,1970,887,0.06
Yemen,1975,887,0.06
Yemen,1980,887,0.06
Yemen,1985,887,0.06
Yemen,1990,887,0.05
Yemen,1995,887,0.07
Yemen,2000,887,0.06
Yemen,2005,887,0.05
Yemen,2010,887,0.05
Yemen,2015,887,0.05
Zambia,1970,894,0.05
Zambia,1975,894,0.05
Zambia,1980,894,0.05
Zambia,1985,894,0.05
Zambia,1990,894,0.05
Zambia,1995,894,0.05
Zambia,2000,894,0.05
Zambia,2005,894,0.06
Zambia,2010,894,0.06
Zambia,2015,894,0.05
Zimbabwe,1970,716,0.07
Zimbabwe,1975,716,0.06
Zimbabwe,1980,716,0.06
Zimbabwe,1985,716,0.06
Zimbabwe,1990,716,0.06
Zimbabwe,1995,716,0.06
Zimbabwe,2000,716,0.06
Zimbabwe,2005,716,0.06
Zimbabwe,2010,716,0.06
Zimbabwe,2015,716,0.05
